date,calendar_year,vintage_front,vintage_next,close_front_krw,close_next_krw,volume_front,volume_next,vintage_premium,both_traded,within_pm40pct
2015-01-12,2015,15,16,8640.0,7860.0,1190.0,0.0,-0.09027777777777779,0,1
2015-01-12,2015,16,17,7860.0,7860.0,0.0,0.0,0.0,0,1
2015-01-13,2015,15,16,9500.0,7860.0,50.0,0.0,-0.17263157894736847,0,1
2015-01-13,2015,16,17,7860.0,7860.0,0.0,0.0,0.0,0,1
2015-01-14,2015,15,16,9510.0,7860.0,100.0,0.0,-0.17350157728706628,0,1
2015-01-14,2015,16,17,7860.0,7860.0,0.0,0.0,0.0,0,1
2015-01-15,2015,15,16,9580.0,7860.0,0.0,0.0,-0.17954070981210857,0,1
2015-01-15,2015,16,17,7860.0,7860.0,0.0,0.0,0.0,0,1
2015-01-16,2015,15,16,9610.0,7860.0,40.0,0.0,-0.18210197710718,0,1
2015-01-16,2015,16,17,7860.0,7860.0,0.0,0.0,0.0,0,1
2015-01-19,2015,15,16,9860.0,7860.0,0.0,0.0,-0.20283975659229214,0,1
2015-01-19,2015,16,17,7860.0,7860.0,0.0,0.0,0.0,0,1
2015-01-20,2015,15,16,9890.0,7860.0,0.0,0.0,-0.20525783619817994,0,1
2015-01-20,2015,16,17,7860.0,7860.0,0.0,0.0,0.0,0,1
2015-01-21,2015,15,16,9910.0,7860.0,0.0,0.0,-0.20686175580222,0,1
2015-01-21,2015,16,17,7860.0,7860.0,0.0,0.0,0.0,0,1
2015-01-22,2015,15,16,9920.0,7860.0,0.0,0.0,-0.20766129032258063,0,1
2015-01-22,2015,16,17,7860.0,7860.0,0.0,0.0,0.0,0,1
2015-01-23,2015,15,16,9920.0,7860.0,0.0,0.0,-0.20766129032258063,0,1
2015-01-23,2015,16,17,7860.0,7860.0,0.0,0.0,0.0,0,1
2015-01-26,2015,15,16,9930.0,7860.0,0.0,0.0,-0.20845921450151061,0,1
2015-01-26,2015,16,17,7860.0,7860.0,0.0,0.0,0.0,0,1
2015-01-27,2015,15,16,9930.0,7860.0,0.0,0.0,-0.20845921450151061,0,1
2015-01-27,2015,16,17,7860.0,7860.0,0.0,0.0,0.0,0,1
2015-01-28,2015,15,16,9930.0,7860.0,0.0,0.0,-0.20845921450151061,0,1
2015-01-28,2015,16,17,7860.0,7860.0,0.0,0.0,0.0,0,1
2015-01-29,2015,15,16,9960.0,7860.0,0.0,0.0,-0.21084337349397586,0,1
2015-01-29,2015,16,17,7860.0,7860.0,0.0,0.0,0.0,0,1
2015-01-30,2015,15,16,9960.0,7860.0,0.0,0.0,-0.21084337349397586,0,1
2015-01-30,2015,16,17,7860.0,7860.0,0.0,0.0,0.0,0,1
2015-02-02,2015,15,16,9960.0,7860.0,0.0,0.0,-0.21084337349397586,0,1
2015-02-02,2015,16,17,7860.0,7860.0,0.0,0.0,0.0,0,1
2015-02-03,2015,15,16,9960.0,7860.0,0.0,0.0,-0.21084337349397586,0,1
2015-02-03,2015,16,17,7860.0,7860.0,0.0,0.0,0.0,0,1
2015-02-04,2015,15,16,9960.0,7880.0,0.0,0.0,-0.2088353413654619,0,1
2015-02-04,2015,16,17,7880.0,7880.0,0.0,0.0,0.0,0,1
2015-02-05,2015,15,16,9960.0,7880.0,0.0,0.0,-0.2088353413654619,0,1
2015-02-05,2015,16,17,7880.0,7880.0,0.0,0.0,0.0,0,1
2015-02-06,2015,15,16,9970.0,7880.0,0.0,0.0,-0.20962888665997992,0,1
2015-02-06,2015,16,17,7880.0,7880.0,0.0,0.0,0.0,0,1
2015-02-09,2015,15,16,9970.0,7880.0,0.0,0.0,-0.20962888665997992,0,1
2015-02-09,2015,16,17,7880.0,7880.0,0.0,0.0,0.0,0,1
2015-02-10,2015,15,16,10000.0,7880.0,0.0,0.0,-0.21199999999999997,0,1
2015-02-10,2015,16,17,7880.0,7880.0,0.0,0.0,0.0,0,1
2015-02-11,2015,15,16,10000.0,7880.0,0.0,0.0,-0.21199999999999997,0,1
2015-02-11,2015,16,17,7880.0,7880.0,0.0,0.0,0.0,0,1
2015-02-12,2015,15,16,10000.0,7880.0,0.0,0.0,-0.21199999999999997,0,1
2015-02-12,2015,16,17,7880.0,7880.0,0.0,0.0,0.0,0,1
2015-02-13,2015,15,16,10000.0,7880.0,0.0,0.0,-0.21199999999999997,0,1
2015-02-13,2015,16,17,7880.0,7880.0,0.0,0.0,0.0,0,1
2015-02-16,2015,15,16,10000.0,7880.0,0.0,0.0,-0.21199999999999997,0,1
2015-02-16,2015,16,17,7880.0,7880.0,0.0,0.0,0.0,0,1
2015-02-17,2015,15,16,10000.0,7880.0,0.0,0.0,-0.21199999999999997,0,1
2015-02-17,2015,16,17,7880.0,7880.0,0.0,0.0,0.0,0,1
2015-02-23,2015,15,16,10100.0,7880.0,0.0,0.0,-0.21980198019801978,0,1
2015-02-23,2015,16,17,7880.0,7880.0,0.0,0.0,0.0,0,1
2015-02-24,2015,15,16,10100.0,7880.0,0.0,0.0,-0.21980198019801978,0,1
2015-02-24,2015,16,17,7880.0,7880.0,0.0,0.0,0.0,0,1
2015-02-25,2015,15,16,10100.0,7880.0,0.0,0.0,-0.21980198019801978,0,1
2015-02-25,2015,16,17,7880.0,7880.0,0.0,0.0,0.0,0,1
2015-02-26,2015,15,16,10100.0,7880.0,0.0,0.0,-0.21980198019801978,0,1
2015-02-26,2015,16,17,7880.0,7880.0,0.0,0.0,0.0,0,1
2015-02-27,2015,15,16,10100.0,7880.0,0.0,0.0,-0.21980198019801978,0,1
2015-02-27,2015,16,17,7880.0,7880.0,0.0,0.0,0.0,0,1
2015-03-02,2015,15,16,10100.0,7880.0,0.0,0.0,-0.21980198019801978,0,1
2015-03-02,2015,16,17,7880.0,7880.0,0.0,0.0,0.0,0,1
2015-03-03,2015,15,16,10100.0,7880.0,0.0,0.0,-0.21980198019801978,0,1
2015-03-03,2015,16,17,7880.0,7880.0,0.0,0.0,0.0,0,1
2015-03-04,2015,15,16,10100.0,7880.0,0.0,0.0,-0.21980198019801978,0,1
2015-03-04,2015,16,17,7880.0,7880.0,0.0,0.0,0.0,0,1
2015-03-05,2015,15,16,10100.0,7880.0,0.0,0.0,-0.21980198019801978,0,1
2015-03-05,2015,16,17,7880.0,7880.0,0.0,0.0,0.0,0,1
2015-03-06,2015,15,16,10100.0,7880.0,0.0,0.0,-0.21980198019801978,0,1
2015-03-06,2015,16,17,7880.0,7880.0,0.0,0.0,0.0,0,1
2015-03-09,2015,15,16,10100.0,7880.0,0.0,0.0,-0.21980198019801978,0,1
2015-03-09,2015,16,17,7880.0,7880.0,0.0,0.0,0.0,0,1
2015-03-10,2015,15,16,10100.0,7880.0,0.0,0.0,-0.21980198019801978,0,1
2015-03-10,2015,16,17,7880.0,7880.0,0.0,0.0,0.0,0,1
2015-03-11,2015,15,16,10100.0,7880.0,0.0,0.0,-0.21980198019801978,0,1
2015-03-11,2015,16,17,7880.0,7880.0,0.0,0.0,0.0,0,1
2015-03-12,2015,15,16,10100.0,7880.0,0.0,0.0,-0.21980198019801978,0,1
2015-03-12,2015,16,17,7880.0,7880.0,0.0,0.0,0.0,0,1
2015-03-13,2015,15,16,10100.0,7880.0,0.0,0.0,-0.21980198019801978,0,1
2015-03-13,2015,16,17,7880.0,7880.0,0.0,0.0,0.0,0,1
2015-03-16,2015,15,16,10100.0,7880.0,0.0,0.0,-0.21980198019801978,0,1
2015-03-16,2015,16,17,7880.0,7880.0,0.0,0.0,0.0,0,1
2015-03-17,2015,15,16,10100.0,7880.0,0.0,0.0,-0.21980198019801978,0,1
2015-03-17,2015,16,17,7880.0,7880.0,0.0,0.0,0.0,0,1
2015-03-18,2015,15,16,10100.0,7880.0,0.0,0.0,-0.21980198019801978,0,1
2015-03-18,2015,16,17,7880.0,7880.0,0.0,0.0,0.0,0,1
2015-03-19,2015,15,16,10100.0,7880.0,0.0,0.0,-0.21980198019801978,0,1
2015-03-19,2015,16,17,7880.0,7880.0,0.0,0.0,0.0,0,1
2015-03-20,2015,15,16,10100.0,7880.0,0.0,0.0,-0.21980198019801978,0,1
2015-03-20,2015,16,17,7880.0,7880.0,0.0,0.0,0.0,0,1
2015-03-23,2015,15,16,10100.0,7880.0,0.0,0.0,-0.21980198019801978,0,1
2015-03-23,2015,16,17,7880.0,7880.0,0.0,0.0,0.0,0,1
2015-03-24,2015,15,16,10100.0,7880.0,0.0,0.0,-0.21980198019801978,0,1
2015-03-24,2015,16,17,7880.0,7880.0,0.0,0.0,0.0,0,1
2015-03-25,2015,15,16,10100.0,7880.0,0.0,0.0,-0.21980198019801978,0,1
2015-03-25,2015,16,17,7880.0,7880.0,0.0,0.0,0.0,0,1
2015-03-26,2015,15,16,10100.0,7880.0,0.0,0.0,-0.21980198019801978,0,1
2015-03-26,2015,16,17,7880.0,7880.0,0.0,0.0,0.0,0,1
2015-03-27,2015,15,16,10100.0,7880.0,0.0,0.0,-0.21980198019801978,0,1
2015-03-27,2015,16,17,7880.0,7880.0,0.0,0.0,0.0,0,1
2015-03-30,2015,15,16,10100.0,7880.0,0.0,0.0,-0.21980198019801978,0,1
2015-03-30,2015,16,17,7880.0,7880.0,0.0,0.0,0.0,0,1
2015-03-31,2015,15,16,10100.0,7880.0,0.0,0.0,-0.21980198019801978,0,1
2015-03-31,2015,16,17,7880.0,7880.0,0.0,0.0,0.0,0,1
2015-04-01,2015,15,16,10100.0,7880.0,0.0,0.0,-0.21980198019801978,0,1
2015-04-01,2015,16,17,7880.0,7880.0,0.0,0.0,0.0,0,1
2015-04-02,2015,15,16,10100.0,7880.0,0.0,0.0,-0.21980198019801978,0,1
2015-04-02,2015,16,17,7880.0,7880.0,0.0,0.0,0.0,0,1
2015-04-03,2015,15,16,10100.0,7880.0,0.0,0.0,-0.21980198019801978,0,1
2015-04-03,2015,16,17,7880.0,7880.0,0.0,0.0,0.0,0,1
2015-04-06,2015,15,16,10100.0,7880.0,0.0,0.0,-0.21980198019801978,0,1
2015-04-06,2015,16,17,7880.0,7880.0,0.0,0.0,0.0,0,1
2015-04-07,2015,15,16,10100.0,7880.0,0.0,0.0,-0.21980198019801978,0,1
2015-04-07,2015,16,17,7880.0,7880.0,0.0,0.0,0.0,0,1
2015-04-08,2015,15,16,10100.0,7880.0,0.0,0.0,-0.21980198019801978,0,1
2015-04-08,2015,16,17,7880.0,7880.0,0.0,0.0,0.0,0,1
2015-04-09,2015,15,16,10100.0,7880.0,0.0,0.0,-0.21980198019801978,0,1
2015-04-09,2015,16,17,7880.0,7880.0,0.0,0.0,0.0,0,1
2015-04-10,2015,15,16,10100.0,7880.0,0.0,0.0,-0.21980198019801978,0,1
2015-04-10,2015,16,17,7880.0,7880.0,0.0,0.0,0.0,0,1
2015-04-13,2015,15,16,10100.0,7880.0,0.0,0.0,-0.21980198019801978,0,1
2015-04-13,2015,16,17,7880.0,7880.0,0.0,0.0,0.0,0,1
2015-04-14,2015,15,16,10100.0,7880.0,0.0,0.0,-0.21980198019801978,0,1
2015-04-14,2015,16,17,7880.0,7880.0,0.0,0.0,0.0,0,1
2015-04-15,2015,15,16,10100.0,7880.0,0.0,0.0,-0.21980198019801978,0,1
2015-04-15,2015,16,17,7880.0,7880.0,0.0,0.0,0.0,0,1
2015-04-16,2015,15,16,10100.0,7880.0,0.0,0.0,-0.21980198019801978,0,1
2015-04-16,2015,16,17,7880.0,7880.0,0.0,0.0,0.0,0,1
2015-04-17,2015,15,16,10100.0,7880.0,0.0,0.0,-0.21980198019801978,0,1
2015-04-17,2015,16,17,7880.0,7880.0,0.0,0.0,0.0,0,1
2015-04-20,2015,15,16,10250.0,7880.0,0.0,0.0,-0.23121951219512193,0,1
2015-04-20,2015,16,17,7880.0,7880.0,0.0,0.0,0.0,0,1
2015-04-21,2015,15,16,10250.0,7880.0,0.0,0.0,-0.23121951219512193,0,1
2015-04-21,2015,16,17,7880.0,7880.0,0.0,0.0,0.0,0,1
2015-04-22,2015,15,16,10250.0,7880.0,0.0,0.0,-0.23121951219512193,0,1
2015-04-22,2015,16,17,7880.0,7880.0,0.0,0.0,0.0,0,1
2015-04-23,2015,15,16,10300.0,7880.0,0.0,0.0,-0.2349514563106796,0,1
2015-04-23,2015,16,17,7880.0,7880.0,0.0,0.0,0.0,0,1
2015-04-24,2015,15,16,10300.0,7880.0,0.0,0.0,-0.2349514563106796,0,1
2015-04-24,2015,16,17,7880.0,7880.0,0.0,0.0,0.0,0,1
2015-04-27,2015,15,16,10300.0,7880.0,0.0,0.0,-0.2349514563106796,0,1
2015-04-27,2015,16,17,7880.0,7880.0,0.0,0.0,0.0,0,1
2015-04-28,2015,15,16,10300.0,7880.0,0.0,0.0,-0.2349514563106796,0,1
2015-04-28,2015,16,17,7880.0,7880.0,0.0,0.0,0.0,0,1
2015-04-29,2015,15,16,10300.0,7880.0,0.0,0.0,-0.2349514563106796,0,1
2015-04-29,2015,16,17,7880.0,7880.0,0.0,0.0,0.0,0,1
2015-04-30,2015,15,16,10300.0,7880.0,0.0,0.0,-0.2349514563106796,0,1
2015-04-30,2015,16,17,7880.0,7880.0,0.0,0.0,0.0,0,1
2015-05-04,2015,15,16,10300.0,7880.0,0.0,0.0,-0.2349514563106796,0,1
2015-05-04,2015,16,17,7880.0,7880.0,0.0,0.0,0.0,0,1
2015-05-06,2015,15,16,10300.0,7880.0,0.0,0.0,-0.2349514563106796,0,1
2015-05-06,2015,16,17,7880.0,7880.0,0.0,0.0,0.0,0,1
2015-05-07,2015,15,16,10300.0,7880.0,0.0,0.0,-0.2349514563106796,0,1
2015-05-07,2015,16,17,7880.0,7880.0,0.0,0.0,0.0,0,1
2015-05-08,2015,15,16,10300.0,7880.0,0.0,0.0,-0.2349514563106796,0,1
2015-05-08,2015,16,17,7880.0,7880.0,0.0,0.0,0.0,0,1
2015-05-11,2015,15,16,10300.0,7880.0,0.0,0.0,-0.2349514563106796,0,1
2015-05-11,2015,16,17,7880.0,7880.0,0.0,0.0,0.0,0,1
2015-05-12,2015,15,16,10300.0,7880.0,0.0,0.0,-0.2349514563106796,0,1
2015-05-12,2015,16,17,7880.0,7880.0,0.0,0.0,0.0,0,1
2015-05-13,2015,15,16,10300.0,7880.0,0.0,0.0,-0.2349514563106796,0,1
2015-05-13,2015,16,17,7880.0,7880.0,0.0,0.0,0.0,0,1
2015-05-14,2015,15,16,10300.0,7880.0,0.0,0.0,-0.2349514563106796,0,1
2015-05-14,2015,16,17,7880.0,7880.0,0.0,0.0,0.0,0,1
2015-05-15,2015,15,16,10300.0,7880.0,0.0,0.0,-0.2349514563106796,0,1
2015-05-15,2015,16,17,7880.0,7880.0,0.0,0.0,0.0,0,1
2015-05-18,2015,15,16,10300.0,7880.0,0.0,0.0,-0.2349514563106796,0,1
2015-05-18,2015,16,17,7880.0,7880.0,0.0,0.0,0.0,0,1
2015-05-19,2015,15,16,10300.0,7880.0,0.0,0.0,-0.2349514563106796,0,1
2015-05-19,2015,16,17,7880.0,7880.0,0.0,0.0,0.0,0,1
2015-05-20,2015,15,16,10300.0,7880.0,0.0,0.0,-0.2349514563106796,0,1
2015-05-20,2015,16,17,7880.0,7880.0,0.0,0.0,0.0,0,1
2015-05-21,2015,15,16,10300.0,7880.0,0.0,0.0,-0.2349514563106796,0,1
2015-05-21,2015,16,17,7880.0,7880.0,0.0,0.0,0.0,0,1
2015-05-22,2015,15,16,10300.0,7880.0,0.0,0.0,-0.2349514563106796,0,1
2015-05-22,2015,16,17,7880.0,7880.0,0.0,0.0,0.0,0,1
2015-05-26,2015,15,16,10300.0,7880.0,0.0,0.0,-0.2349514563106796,0,1
2015-05-26,2015,16,17,7880.0,7880.0,0.0,0.0,0.0,0,1
2015-05-27,2015,15,16,10300.0,7880.0,0.0,0.0,-0.2349514563106796,0,1
2015-05-27,2015,16,17,7880.0,7880.0,0.0,0.0,0.0,0,1
2015-05-28,2015,15,16,10300.0,7880.0,0.0,0.0,-0.2349514563106796,0,1
2015-05-28,2015,16,17,7880.0,7880.0,0.0,0.0,0.0,0,1
2015-05-29,2015,15,16,10300.0,7880.0,0.0,0.0,-0.2349514563106796,0,1
2015-05-29,2015,16,17,7880.0,7880.0,0.0,0.0,0.0,0,1
2015-06-01,2015,15,16,10300.0,7880.0,0.0,0.0,-0.2349514563106796,0,1
2015-06-01,2015,16,17,7880.0,7880.0,0.0,0.0,0.0,0,1
2015-06-02,2015,15,16,10300.0,7880.0,0.0,0.0,-0.2349514563106796,0,1
2015-06-02,2015,16,17,7880.0,7880.0,0.0,0.0,0.0,0,1
2015-06-03,2015,15,16,10300.0,7880.0,0.0,0.0,-0.2349514563106796,0,1
2015-06-03,2015,16,17,7880.0,7880.0,0.0,0.0,0.0,0,1
2015-06-04,2015,15,16,10300.0,7880.0,0.0,0.0,-0.2349514563106796,0,1
2015-06-04,2015,16,17,7880.0,7880.0,0.0,0.0,0.0,0,1
2015-06-05,2015,15,16,10300.0,7880.0,0.0,0.0,-0.2349514563106796,0,1
2015-06-05,2015,16,17,7880.0,7880.0,0.0,0.0,0.0,0,1
2015-06-08,2015,15,16,10300.0,7880.0,0.0,0.0,-0.2349514563106796,0,1
2015-06-08,2015,16,17,7880.0,7880.0,0.0,0.0,0.0,0,1
2015-06-09,2015,15,16,10300.0,7880.0,0.0,0.0,-0.2349514563106796,0,1
2015-06-09,2015,16,17,7880.0,7880.0,0.0,0.0,0.0,0,1
2015-06-10,2015,15,16,10300.0,7880.0,0.0,0.0,-0.2349514563106796,0,1
2015-06-10,2015,16,17,7880.0,7880.0,0.0,0.0,0.0,0,1
2015-06-11,2015,15,16,10300.0,7880.0,0.0,0.0,-0.2349514563106796,0,1
2015-06-11,2015,16,17,7880.0,7880.0,0.0,0.0,0.0,0,1
2015-06-12,2015,15,16,10300.0,7880.0,0.0,0.0,-0.2349514563106796,0,1
2015-06-12,2015,16,17,7880.0,7880.0,0.0,0.0,0.0,0,1
2015-06-15,2015,15,16,10300.0,7880.0,0.0,0.0,-0.2349514563106796,0,1
2015-06-15,2015,16,17,7880.0,7880.0,0.0,0.0,0.0,0,1
2015-06-16,2015,15,16,10300.0,7880.0,0.0,0.0,-0.2349514563106796,0,1
2015-06-16,2015,16,17,7880.0,7880.0,0.0,0.0,0.0,0,1
2015-06-17,2015,15,16,10300.0,7880.0,0.0,0.0,-0.2349514563106796,0,1
2015-06-17,2015,16,17,7880.0,7880.0,0.0,0.0,0.0,0,1
2015-06-18,2015,15,16,10300.0,7880.0,0.0,0.0,-0.2349514563106796,0,1
2015-06-18,2015,16,17,7880.0,7880.0,0.0,0.0,0.0,0,1
2015-06-19,2015,15,16,10300.0,7880.0,0.0,0.0,-0.2349514563106796,0,1
2015-06-19,2015,16,17,7880.0,7880.0,0.0,0.0,0.0,0,1
2015-06-22,2015,15,16,10300.0,7880.0,0.0,0.0,-0.2349514563106796,0,1
2015-06-22,2015,16,17,7880.0,7880.0,0.0,0.0,0.0,0,1
2015-06-23,2015,15,16,10300.0,7880.0,0.0,0.0,-0.2349514563106796,0,1
2015-06-23,2015,16,17,7880.0,7880.0,0.0,0.0,0.0,0,1
2015-06-24,2015,15,16,10300.0,7880.0,0.0,0.0,-0.2349514563106796,0,1
2015-06-24,2015,16,17,7880.0,7880.0,0.0,0.0,0.0,0,1
2015-06-25,2015,15,16,10300.0,7880.0,0.0,0.0,-0.2349514563106796,0,1
2015-06-25,2015,16,17,7880.0,7880.0,0.0,0.0,0.0,0,1
2015-06-26,2015,15,16,10300.0,7880.0,0.0,0.0,-0.2349514563106796,0,1
2015-06-26,2015,16,17,7880.0,7880.0,0.0,0.0,0.0,0,1
2015-06-29,2015,15,16,10300.0,7880.0,0.0,0.0,-0.2349514563106796,0,1
2015-06-29,2015,16,17,7880.0,7880.0,0.0,0.0,0.0,0,1
2015-06-30,2015,15,16,10300.0,7880.0,0.0,0.0,-0.2349514563106796,0,1
2015-06-30,2015,16,17,7880.0,7880.0,0.0,0.0,0.0,0,1
2015-07-01,2015,15,16,10300.0,7880.0,0.0,0.0,-0.2349514563106796,0,1
2015-07-01,2015,16,17,7880.0,7880.0,0.0,0.0,0.0,0,1
2015-07-02,2015,15,16,10300.0,7880.0,0.0,0.0,-0.2349514563106796,0,1
2015-07-02,2015,16,17,7880.0,7880.0,0.0,0.0,0.0,0,1
2015-07-03,2015,15,16,10300.0,7880.0,0.0,0.0,-0.2349514563106796,0,1
2015-07-03,2015,16,17,7880.0,7880.0,0.0,0.0,0.0,0,1
2015-07-06,2015,15,16,10300.0,7880.0,0.0,0.0,-0.2349514563106796,0,1
2015-07-06,2015,16,17,7880.0,7880.0,0.0,0.0,0.0,0,1
2015-07-07,2015,15,16,10300.0,7880.0,0.0,0.0,-0.2349514563106796,0,1
2015-07-07,2015,16,17,7880.0,7880.0,0.0,0.0,0.0,0,1
2015-07-08,2015,15,16,10300.0,7880.0,0.0,0.0,-0.2349514563106796,0,1
2015-07-08,2015,16,17,7880.0,7880.0,0.0,0.0,0.0,0,1
2015-07-09,2015,15,16,10300.0,7880.0,0.0,0.0,-0.2349514563106796,0,1
2015-07-09,2015,16,17,7880.0,7880.0,0.0,0.0,0.0,0,1
2015-07-10,2015,15,16,10300.0,7880.0,0.0,0.0,-0.2349514563106796,0,1
2015-07-10,2015,16,17,7880.0,7880.0,0.0,0.0,0.0,0,1
2015-07-13,2015,15,16,10300.0,7880.0,0.0,0.0,-0.2349514563106796,0,1
2015-07-13,2015,16,17,7880.0,7880.0,0.0,0.0,0.0,0,1
2015-07-14,2015,15,16,10300.0,7880.0,0.0,0.0,-0.2349514563106796,0,1
2015-07-14,2015,16,17,7880.0,7880.0,0.0,0.0,0.0,0,1
2015-07-15,2015,15,16,10300.0,7880.0,0.0,0.0,-0.2349514563106796,0,1
2015-07-15,2015,16,17,7880.0,7880.0,0.0,0.0,0.0,0,1
2015-07-16,2015,15,16,10300.0,7880.0,0.0,0.0,-0.2349514563106796,0,1
2015-07-16,2015,16,17,7880.0,7880.0,0.0,0.0,0.0,0,1
2015-07-17,2015,15,16,10300.0,7880.0,0.0,0.0,-0.2349514563106796,0,1
2015-07-17,2015,16,17,7880.0,7880.0,0.0,0.0,0.0,0,1
2015-07-20,2015,15,16,10300.0,7880.0,0.0,0.0,-0.2349514563106796,0,1
2015-07-20,2015,16,17,7880.0,7880.0,0.0,0.0,0.0,0,1
2015-07-21,2015,15,16,10300.0,7880.0,0.0,0.0,-0.2349514563106796,0,1
2015-07-21,2015,16,17,7880.0,7880.0,0.0,0.0,0.0,0,1
2015-07-22,2015,15,16,10300.0,7880.0,0.0,0.0,-0.2349514563106796,0,1
2015-07-22,2015,16,17,7880.0,7880.0,0.0,0.0,0.0,0,1
2015-07-23,2015,15,16,10300.0,7880.0,0.0,0.0,-0.2349514563106796,0,1
2015-07-23,2015,16,17,7880.0,7880.0,0.0,0.0,0.0,0,1
2015-07-24,2015,15,16,10300.0,7880.0,0.0,0.0,-0.2349514563106796,0,1
2015-07-24,2015,16,17,7880.0,7880.0,0.0,0.0,0.0,0,1
2015-07-27,2015,15,16,10300.0,7880.0,0.0,0.0,-0.2349514563106796,0,1
2015-07-27,2015,16,17,7880.0,7880.0,0.0,0.0,0.0,0,1
2015-07-28,2015,15,16,10300.0,7880.0,0.0,0.0,-0.2349514563106796,0,1
2015-07-28,2015,16,17,7880.0,7880.0,0.0,0.0,0.0,0,1
2015-07-29,2015,15,16,10300.0,7880.0,0.0,0.0,-0.2349514563106796,0,1
2015-07-29,2015,16,17,7880.0,7880.0,0.0,0.0,0.0,0,1
2015-07-30,2015,15,16,10300.0,7880.0,0.0,0.0,-0.2349514563106796,0,1
2015-07-30,2015,16,17,7880.0,7880.0,0.0,0.0,0.0,0,1
2015-07-31,2015,15,16,10300.0,7880.0,0.0,0.0,-0.2349514563106796,0,1
2015-07-31,2015,16,17,7880.0,7880.0,0.0,0.0,0.0,0,1
2015-08-03,2015,15,16,10300.0,7880.0,0.0,0.0,-0.2349514563106796,0,1
2015-08-03,2015,16,17,7880.0,7880.0,0.0,0.0,0.0,0,1
2015-08-04,2015,15,16,10300.0,7880.0,0.0,0.0,-0.2349514563106796,0,1
2015-08-04,2015,16,17,7880.0,7880.0,0.0,0.0,0.0,0,1
2015-08-05,2015,15,16,10300.0,7880.0,0.0,0.0,-0.2349514563106796,0,1
2015-08-05,2015,16,17,7880.0,7880.0,0.0,0.0,0.0,0,1
2015-08-06,2015,15,16,10300.0,7880.0,0.0,0.0,-0.2349514563106796,0,1
2015-08-06,2015,16,17,7880.0,7880.0,0.0,0.0,0.0,0,1
2015-08-07,2015,15,16,10300.0,7880.0,0.0,0.0,-0.2349514563106796,0,1
2015-08-07,2015,16,17,7880.0,7880.0,0.0,0.0,0.0,0,1
2015-08-10,2015,15,16,10300.0,7880.0,0.0,0.0,-0.2349514563106796,0,1
2015-08-10,2015,16,17,7880.0,7880.0,0.0,0.0,0.0,0,1
2015-08-11,2015,15,16,10300.0,7880.0,0.0,0.0,-0.2349514563106796,0,1
2015-08-11,2015,16,17,7880.0,7880.0,0.0,0.0,0.0,0,1
2015-08-12,2015,15,16,10300.0,7880.0,0.0,0.0,-0.2349514563106796,0,1
2015-08-12,2015,16,17,7880.0,7880.0,0.0,0.0,0.0,0,1
2015-08-13,2015,15,16,10300.0,7880.0,0.0,0.0,-0.2349514563106796,0,1
2015-08-13,2015,16,17,7880.0,7880.0,0.0,0.0,0.0,0,1
2015-08-17,2015,15,16,10300.0,7880.0,0.0,0.0,-0.2349514563106796,0,1
2015-08-17,2015,16,17,7880.0,7880.0,0.0,0.0,0.0,0,1
2015-08-18,2015,15,16,10300.0,7880.0,0.0,0.0,-0.2349514563106796,0,1
2015-08-18,2015,16,17,7880.0,7880.0,0.0,0.0,0.0,0,1
2015-08-19,2015,15,16,10300.0,7880.0,0.0,0.0,-0.2349514563106796,0,1
2015-08-19,2015,16,17,7880.0,7880.0,0.0,0.0,0.0,0,1
2015-08-20,2015,15,16,10300.0,7880.0,0.0,0.0,-0.2349514563106796,0,1
2015-08-20,2015,16,17,7880.0,7880.0,0.0,0.0,0.0,0,1
2015-08-21,2015,15,16,10300.0,7880.0,0.0,0.0,-0.2349514563106796,0,1
2015-08-21,2015,16,17,7880.0,7880.0,0.0,0.0,0.0,0,1
2015-08-24,2015,15,16,10300.0,7880.0,0.0,0.0,-0.2349514563106796,0,1
2015-08-24,2015,16,17,7880.0,7880.0,0.0,0.0,0.0,0,1
2015-08-25,2015,15,16,10300.0,7880.0,0.0,0.0,-0.2349514563106796,0,1
2015-08-25,2015,16,17,7880.0,7880.0,0.0,0.0,0.0,0,1
2015-08-26,2015,15,16,10300.0,7880.0,0.0,0.0,-0.2349514563106796,0,1
2015-08-26,2015,16,17,7880.0,7880.0,0.0,0.0,0.0,0,1
2015-08-27,2015,15,16,10300.0,7880.0,0.0,0.0,-0.2349514563106796,0,1
2015-08-27,2015,16,17,7880.0,7880.0,0.0,0.0,0.0,0,1
2015-08-28,2015,15,16,10300.0,7880.0,0.0,0.0,-0.2349514563106796,0,1
2015-08-28,2015,16,17,7880.0,7880.0,0.0,0.0,0.0,0,1
2015-08-31,2015,15,16,10300.0,7880.0,0.0,0.0,-0.2349514563106796,0,1
2015-08-31,2015,16,17,7880.0,7880.0,0.0,0.0,0.0,0,1
2015-09-01,2015,15,16,10300.0,7880.0,0.0,0.0,-0.2349514563106796,0,1
2015-09-01,2015,16,17,7880.0,7880.0,0.0,0.0,0.0,0,1
2015-09-02,2015,15,16,10300.0,7880.0,0.0,0.0,-0.2349514563106796,0,1
2015-09-02,2015,16,17,7880.0,7880.0,0.0,0.0,0.0,0,1
2015-09-03,2015,15,16,10300.0,7880.0,0.0,0.0,-0.2349514563106796,0,1
2015-09-03,2015,16,17,7880.0,7880.0,0.0,0.0,0.0,0,1
2015-09-04,2015,15,16,10300.0,7880.0,0.0,0.0,-0.2349514563106796,0,1
2015-09-04,2015,16,17,7880.0,7880.0,0.0,0.0,0.0,0,1
2015-09-07,2015,15,16,10300.0,7880.0,0.0,0.0,-0.2349514563106796,0,1
2015-09-07,2015,16,17,7880.0,7880.0,0.0,0.0,0.0,0,1
2015-09-08,2015,15,16,10300.0,7880.0,0.0,0.0,-0.2349514563106796,0,1
2015-09-08,2015,16,17,7880.0,7880.0,0.0,0.0,0.0,0,1
2015-09-09,2015,15,16,10300.0,7880.0,0.0,0.0,-0.2349514563106796,0,1
2015-09-09,2015,16,17,7880.0,7880.0,0.0,0.0,0.0,0,1
2015-09-10,2015,15,16,10300.0,7880.0,0.0,0.0,-0.2349514563106796,0,1
2015-09-10,2015,16,17,7880.0,7880.0,0.0,0.0,0.0,0,1
2015-09-11,2015,15,16,10300.0,7880.0,0.0,0.0,-0.2349514563106796,0,1
2015-09-11,2015,16,17,7880.0,7880.0,0.0,0.0,0.0,0,1
2015-09-14,2015,15,16,10300.0,7880.0,0.0,0.0,-0.2349514563106796,0,1
2015-09-14,2015,16,17,7880.0,7880.0,0.0,0.0,0.0,0,1
2015-09-15,2015,15,16,10300.0,7880.0,0.0,0.0,-0.2349514563106796,0,1
2015-09-15,2015,16,17,7880.0,7880.0,0.0,0.0,0.0,0,1
2015-09-16,2015,15,16,10300.0,7880.0,0.0,0.0,-0.2349514563106796,0,1
2015-09-16,2015,16,17,7880.0,7880.0,0.0,0.0,0.0,0,1
2015-09-17,2015,15,16,10300.0,7880.0,0.0,0.0,-0.2349514563106796,0,1
2015-09-17,2015,16,17,7880.0,7880.0,0.0,0.0,0.0,0,1
2015-09-18,2015,15,16,10300.0,7880.0,0.0,0.0,-0.2349514563106796,0,1
2015-09-18,2015,16,17,7880.0,7880.0,0.0,0.0,0.0,0,1
2015-09-21,2015,15,16,10300.0,7880.0,0.0,0.0,-0.2349514563106796,0,1
2015-09-21,2015,16,17,7880.0,7880.0,0.0,0.0,0.0,0,1
2015-09-22,2015,15,16,10300.0,7880.0,0.0,0.0,-0.2349514563106796,0,1
2015-09-22,2015,16,17,7880.0,7880.0,0.0,0.0,0.0,0,1
2015-09-23,2015,15,16,10300.0,7880.0,0.0,0.0,-0.2349514563106796,0,1
2015-09-23,2015,16,17,7880.0,7880.0,0.0,0.0,0.0,0,1
2015-09-24,2015,15,16,10300.0,7880.0,0.0,0.0,-0.2349514563106796,0,1
2015-09-24,2015,16,17,7880.0,7880.0,0.0,0.0,0.0,0,1
2015-09-25,2015,15,16,10300.0,7880.0,0.0,0.0,-0.2349514563106796,0,1
2015-09-25,2015,16,17,7880.0,7880.0,0.0,0.0,0.0,0,1
2015-09-30,2015,15,16,10300.0,7880.0,0.0,0.0,-0.2349514563106796,0,1
2015-09-30,2015,16,17,7880.0,7880.0,0.0,0.0,0.0,0,1
2015-10-01,2015,15,16,10300.0,7880.0,0.0,0.0,-0.2349514563106796,0,1
2015-10-01,2015,16,17,7880.0,7880.0,0.0,0.0,0.0,0,1
2015-10-02,2015,15,16,10300.0,7880.0,0.0,0.0,-0.2349514563106796,0,1
2015-10-02,2015,16,17,7880.0,7880.0,0.0,0.0,0.0,0,1
2015-10-05,2015,15,16,10300.0,7880.0,0.0,0.0,-0.2349514563106796,0,1
2015-10-05,2015,16,17,7880.0,7880.0,0.0,0.0,0.0,0,1
2015-10-06,2015,15,16,10300.0,7880.0,0.0,0.0,-0.2349514563106796,0,1
2015-10-06,2015,16,17,7880.0,7880.0,0.0,0.0,0.0,0,1
2015-10-07,2015,15,16,11300.0,7880.0,12000.0,0.0,-0.30265486725663715,0,1
2015-10-07,2015,16,17,7880.0,7880.0,0.0,0.0,0.0,0,1
2015-10-08,2015,15,16,11300.0,7880.0,168000.0,0.0,-0.30265486725663715,0,1
2015-10-08,2015,16,17,7880.0,7880.0,0.0,0.0,0.0,0,1
2015-10-12,2015,15,16,11300.0,7880.0,0.0,0.0,-0.30265486725663715,0,1
2015-10-12,2015,16,17,7880.0,7880.0,0.0,0.0,0.0,0,1
2015-10-13,2015,15,16,11300.0,7880.0,0.0,0.0,-0.30265486725663715,0,1
2015-10-13,2015,16,17,7880.0,7880.0,0.0,0.0,0.0,0,1
2015-10-14,2015,15,16,11300.0,7880.0,0.0,0.0,-0.30265486725663715,0,1
2015-10-14,2015,16,17,7880.0,7880.0,0.0,0.0,0.0,0,1
2015-10-15,2015,15,16,11300.0,7880.0,0.0,0.0,-0.30265486725663715,0,1
2015-10-15,2015,16,17,7880.0,7880.0,0.0,0.0,0.0,0,1
2015-10-16,2015,15,16,11300.0,7880.0,0.0,0.0,-0.30265486725663715,0,1
2015-10-16,2015,16,17,7880.0,7880.0,0.0,0.0,0.0,0,1
2015-10-19,2015,15,16,11300.0,7880.0,0.0,0.0,-0.30265486725663715,0,1
2015-10-19,2015,16,17,7880.0,7880.0,0.0,0.0,0.0,0,1
2015-10-20,2015,15,16,11300.0,7880.0,0.0,0.0,-0.30265486725663715,0,1
2015-10-20,2015,16,17,7880.0,7880.0,0.0,0.0,0.0,0,1
2015-10-21,2015,15,16,11300.0,7880.0,0.0,0.0,-0.30265486725663715,0,1
2015-10-21,2015,16,17,7880.0,7880.0,0.0,0.0,0.0,0,1
2015-10-22,2015,15,16,11300.0,7880.0,0.0,0.0,-0.30265486725663715,0,1
2015-10-22,2015,16,17,7880.0,7880.0,0.0,0.0,0.0,0,1
2015-10-23,2015,15,16,11300.0,7880.0,0.0,0.0,-0.30265486725663715,0,1
2015-10-23,2015,16,17,7880.0,7880.0,0.0,0.0,0.0,0,1
2015-10-26,2015,15,16,11300.0,7880.0,0.0,0.0,-0.30265486725663715,0,1
2015-10-26,2015,16,17,7880.0,7880.0,0.0,0.0,0.0,0,1
2015-10-27,2015,15,16,11300.0,7880.0,0.0,0.0,-0.30265486725663715,0,1
2015-10-27,2015,16,17,7880.0,7880.0,0.0,0.0,0.0,0,1
2015-10-28,2015,15,16,11300.0,7880.0,0.0,0.0,-0.30265486725663715,0,1
2015-10-28,2015,16,17,7880.0,7880.0,0.0,0.0,0.0,0,1
2015-10-29,2015,15,16,11300.0,7880.0,0.0,0.0,-0.30265486725663715,0,1
2015-10-29,2015,16,17,7880.0,7880.0,0.0,0.0,0.0,0,1
2015-10-30,2015,15,16,11300.0,7880.0,0.0,0.0,-0.30265486725663715,0,1
2015-10-30,2015,16,17,7880.0,7880.0,0.0,0.0,0.0,0,1
2015-11-02,2015,15,16,11300.0,7880.0,0.0,0.0,-0.30265486725663715,0,1
2015-11-02,2015,16,17,7880.0,7880.0,0.0,0.0,0.0,0,1
2015-11-03,2015,15,16,11300.0,7880.0,0.0,0.0,-0.30265486725663715,0,1
2015-11-03,2015,16,17,7880.0,7880.0,0.0,0.0,0.0,0,1
2015-11-04,2015,15,16,11300.0,7880.0,0.0,0.0,-0.30265486725663715,0,1
2015-11-04,2015,16,17,7880.0,7880.0,0.0,0.0,0.0,0,1
2015-11-05,2015,15,16,11300.0,7880.0,0.0,0.0,-0.30265486725663715,0,1
2015-11-05,2015,16,17,7880.0,7880.0,0.0,0.0,0.0,0,1
2015-11-06,2015,15,16,11300.0,7880.0,0.0,0.0,-0.30265486725663715,0,1
2015-11-06,2015,16,17,7880.0,7880.0,0.0,0.0,0.0,0,1
2015-11-09,2015,15,16,11500.0,7880.0,0.0,0.0,-0.3147826086956522,0,1
2015-11-09,2015,16,17,7880.0,7880.0,0.0,0.0,0.0,0,1
2015-11-10,2015,15,16,11500.0,7880.0,0.0,0.0,-0.3147826086956522,0,1
2015-11-10,2015,16,17,7880.0,7880.0,0.0,0.0,0.0,0,1
2015-11-11,2015,15,16,11500.0,7880.0,0.0,0.0,-0.3147826086956522,0,1
2015-11-11,2015,16,17,7880.0,7880.0,0.0,0.0,0.0,0,1
2015-11-12,2015,15,16,11500.0,7880.0,0.0,0.0,-0.3147826086956522,0,1
2015-11-12,2015,16,17,7880.0,7880.0,0.0,0.0,0.0,0,1
2015-11-13,2015,15,16,11500.0,7880.0,0.0,0.0,-0.3147826086956522,0,1
2015-11-13,2015,16,17,7880.0,7880.0,0.0,0.0,0.0,0,1
2015-11-16,2015,15,16,11500.0,7880.0,0.0,0.0,-0.3147826086956522,0,1
2015-11-16,2015,16,17,7880.0,7880.0,0.0,0.0,0.0,0,1
2015-11-17,2015,15,16,11500.0,7880.0,0.0,0.0,-0.3147826086956522,0,1
2015-11-17,2015,16,17,7880.0,7880.0,0.0,0.0,0.0,0,1
2015-11-18,2015,15,16,11500.0,7880.0,0.0,0.0,-0.3147826086956522,0,1
2015-11-18,2015,16,17,7880.0,7880.0,0.0,0.0,0.0,0,1
2015-11-19,2015,15,16,11500.0,7880.0,0.0,0.0,-0.3147826086956522,0,1
2015-11-19,2015,16,17,7880.0,7880.0,0.0,0.0,0.0,0,1
2015-11-20,2015,15,16,11500.0,7880.0,0.0,0.0,-0.3147826086956522,0,1
2015-11-20,2015,16,17,7880.0,7880.0,0.0,0.0,0.0,0,1
2015-11-23,2015,15,16,11500.0,7880.0,0.0,0.0,-0.3147826086956522,0,1
2015-11-23,2015,16,17,7880.0,7880.0,0.0,0.0,0.0,0,1
2015-11-24,2015,15,16,11500.0,7880.0,0.0,0.0,-0.3147826086956522,0,1
2015-11-24,2015,16,17,7880.0,7880.0,0.0,0.0,0.0,0,1
2015-11-25,2015,15,16,11500.0,7880.0,0.0,0.0,-0.3147826086956522,0,1
2015-11-25,2015,16,17,7880.0,7880.0,0.0,0.0,0.0,0,1
2015-11-26,2015,15,16,11500.0,7880.0,0.0,0.0,-0.3147826086956522,0,1
2015-11-26,2015,16,17,7880.0,7880.0,0.0,0.0,0.0,0,1
2015-11-27,2015,15,16,11500.0,7880.0,0.0,0.0,-0.3147826086956522,0,1
2015-11-27,2015,16,17,7880.0,7880.0,0.0,0.0,0.0,0,1
2015-11-30,2015,15,16,11500.0,7880.0,0.0,0.0,-0.3147826086956522,0,1
2015-11-30,2015,16,17,7880.0,7880.0,0.0,0.0,0.0,0,1
2015-12-01,2015,15,16,11500.0,7880.0,0.0,0.0,-0.3147826086956522,0,1
2015-12-01,2015,16,17,7880.0,7880.0,0.0,0.0,0.0,0,1
2015-12-02,2015,15,16,11500.0,7880.0,0.0,0.0,-0.3147826086956522,0,1
2015-12-02,2015,16,17,7880.0,7880.0,0.0,0.0,0.0,0,1
2015-12-03,2015,15,16,11500.0,7880.0,0.0,0.0,-0.3147826086956522,0,1
2015-12-03,2015,16,17,7880.0,7880.0,0.0,0.0,0.0,0,1
2015-12-04,2015,15,16,11500.0,7880.0,0.0,0.0,-0.3147826086956522,0,1
2015-12-04,2015,16,17,7880.0,7880.0,0.0,0.0,0.0,0,1
2015-12-07,2015,15,16,11600.0,7880.0,0.0,0.0,-0.32068965517241377,0,1
2015-12-07,2015,16,17,7880.0,7880.0,0.0,0.0,0.0,0,1
2015-12-08,2015,15,16,11600.0,7880.0,0.0,0.0,-0.32068965517241377,0,1
2015-12-08,2015,16,17,7880.0,7880.0,0.0,0.0,0.0,0,1
2015-12-09,2015,15,16,11600.0,7880.0,100000.0,0.0,-0.32068965517241377,0,1
2015-12-09,2015,16,17,7880.0,7880.0,0.0,0.0,0.0,0,1
2015-12-10,2015,15,16,11600.0,7880.0,40000.0,0.0,-0.32068965517241377,0,1
2015-12-10,2015,16,17,7880.0,7880.0,0.0,0.0,0.0,0,1
2015-12-11,2015,15,16,11600.0,7880.0,0.0,0.0,-0.32068965517241377,0,1
2015-12-11,2015,16,17,7880.0,7880.0,0.0,0.0,0.0,0,1
2015-12-14,2015,15,16,11600.0,7880.0,0.0,0.0,-0.32068965517241377,0,1
2015-12-14,2015,16,17,7880.0,7880.0,0.0,0.0,0.0,0,1
2015-12-15,2015,15,16,11600.0,7880.0,0.0,0.0,-0.32068965517241377,0,1
2015-12-15,2015,16,17,7880.0,7880.0,0.0,0.0,0.0,0,1
2015-12-16,2015,15,16,11600.0,7880.0,0.0,0.0,-0.32068965517241377,0,1
2015-12-16,2015,16,17,7880.0,7880.0,0.0,0.0,0.0,0,1
2015-12-17,2015,15,16,11600.0,7880.0,0.0,0.0,-0.32068965517241377,0,1
2015-12-17,2015,16,17,7880.0,7880.0,0.0,0.0,0.0,0,1
2015-12-18,2015,15,16,11600.0,7880.0,0.0,0.0,-0.32068965517241377,0,1
2015-12-18,2015,16,17,7880.0,7880.0,0.0,0.0,0.0,0,1
2015-12-21,2015,15,16,11700.0,7880.0,0.0,0.0,-0.32649572649572645,0,1
2015-12-21,2015,16,17,7880.0,7880.0,0.0,0.0,0.0,0,1
2015-12-22,2015,15,16,11700.0,7880.0,0.0,0.0,-0.32649572649572645,0,1
2015-12-22,2015,16,17,7880.0,7880.0,0.0,0.0,0.0,0,1
2015-12-23,2015,15,16,12000.0,7880.0,0.0,0.0,-0.3433333333333334,0,1
2015-12-23,2015,16,17,7880.0,7880.0,0.0,0.0,0.0,0,1
2015-12-24,2015,15,16,12000.0,7880.0,0.0,0.0,-0.3433333333333334,0,1
2015-12-24,2015,16,17,7880.0,7880.0,0.0,0.0,0.0,0,1
2015-12-28,2015,15,16,12000.0,7880.0,0.0,0.0,-0.3433333333333334,0,1
2015-12-28,2015,16,17,7880.0,7880.0,0.0,0.0,0.0,0,1
2015-12-29,2015,15,16,12000.0,7880.0,0.0,0.0,-0.3433333333333334,0,1
2015-12-29,2015,16,17,7880.0,7880.0,0.0,0.0,0.0,0,1
2015-12-30,2015,15,16,12000.0,7880.0,0.0,0.0,-0.3433333333333334,0,1
2015-12-30,2015,16,17,7880.0,7880.0,0.0,0.0,0.0,0,1
2016-01-04,2016,15,16,12000.0,7880.0,0.0,0.0,-0.3433333333333334,0,1
2016-01-04,2016,16,17,7880.0,7880.0,0.0,0.0,0.0,0,1
2016-01-05,2016,15,16,12000.0,7880.0,0.0,0.0,-0.3433333333333334,0,1
2016-01-05,2016,16,17,7880.0,7880.0,0.0,0.0,0.0,0,1
2016-01-06,2016,15,16,12000.0,7880.0,0.0,0.0,-0.3433333333333334,0,1
2016-01-06,2016,16,17,7880.0,7880.0,0.0,0.0,0.0,0,1
2016-01-07,2016,15,16,12000.0,7880.0,0.0,0.0,-0.3433333333333334,0,1
2016-01-07,2016,16,17,7880.0,7880.0,0.0,0.0,0.0,0,1
2016-01-08,2016,15,16,12000.0,7880.0,0.0,0.0,-0.3433333333333334,0,1
2016-01-08,2016,16,17,7880.0,7880.0,0.0,0.0,0.0,0,1
2016-01-11,2016,15,16,12000.0,7880.0,0.0,0.0,-0.3433333333333334,0,1
2016-01-11,2016,16,17,7880.0,7880.0,0.0,0.0,0.0,0,1
2016-01-12,2016,15,16,12000.0,7880.0,0.0,0.0,-0.3433333333333334,0,1
2016-01-12,2016,16,17,7880.0,7880.0,0.0,0.0,0.0,0,1
2016-01-13,2016,15,16,12000.0,7880.0,0.0,0.0,-0.3433333333333334,0,1
2016-01-13,2016,16,17,7880.0,7880.0,0.0,0.0,0.0,0,1
2016-01-14,2016,15,16,12000.0,7880.0,0.0,0.0,-0.3433333333333334,0,1
2016-01-14,2016,16,17,7880.0,7880.0,0.0,0.0,0.0,0,1
2016-01-15,2016,15,16,12600.0,7880.0,100.0,0.0,-0.3746031746031746,0,1
2016-01-15,2016,16,17,7880.0,7880.0,0.0,0.0,0.0,0,1
2016-01-18,2016,15,16,12600.0,7880.0,0.0,0.0,-0.3746031746031746,0,1
2016-01-18,2016,16,17,7880.0,7880.0,0.0,0.0,0.0,0,1
2016-01-19,2016,15,16,12600.0,7880.0,0.0,0.0,-0.3746031746031746,0,1
2016-01-19,2016,16,17,7880.0,7880.0,0.0,0.0,0.0,0,1
2016-01-20,2016,15,16,12600.0,7880.0,0.0,0.0,-0.3746031746031746,0,1
2016-01-20,2016,16,17,7880.0,7880.0,0.0,0.0,0.0,0,1
2016-01-21,2016,15,16,12600.0,7880.0,0.0,0.0,-0.3746031746031746,0,1
2016-01-21,2016,16,17,7880.0,7880.0,0.0,0.0,0.0,0,1
2016-01-22,2016,15,16,12600.0,7880.0,0.0,0.0,-0.3746031746031746,0,1
2016-01-22,2016,16,17,7880.0,7880.0,0.0,0.0,0.0,0,1
2016-01-25,2016,15,16,12700.0,7880.0,0.0,0.0,-0.37952755905511815,0,1
2016-01-25,2016,16,17,7880.0,7880.0,0.0,0.0,0.0,0,1
2016-01-26,2016,15,16,12700.0,7880.0,0.0,0.0,-0.37952755905511815,0,1
2016-01-26,2016,16,17,7880.0,7880.0,0.0,0.0,0.0,0,1
2016-01-27,2016,15,16,12700.0,7880.0,0.0,0.0,-0.37952755905511815,0,1
2016-01-27,2016,16,17,7880.0,7880.0,0.0,0.0,0.0,0,1
2016-01-28,2016,15,16,12700.0,7880.0,0.0,0.0,-0.37952755905511815,0,1
2016-01-28,2016,16,17,7880.0,7880.0,0.0,0.0,0.0,0,1
2016-01-29,2016,15,16,12700.0,7880.0,0.0,0.0,-0.37952755905511815,0,1
2016-01-29,2016,16,17,7880.0,7880.0,0.0,0.0,0.0,0,1
2016-02-01,2016,15,16,12700.0,7880.0,0.0,0.0,-0.37952755905511815,0,1
2016-02-01,2016,16,17,7880.0,7880.0,0.0,0.0,0.0,0,1
2016-02-02,2016,15,16,12700.0,7880.0,0.0,0.0,-0.37952755905511815,0,1
2016-02-02,2016,16,17,7880.0,7880.0,0.0,0.0,0.0,0,1
2016-02-03,2016,15,16,12700.0,7880.0,0.0,0.0,-0.37952755905511815,0,1
2016-02-03,2016,16,17,7880.0,7880.0,0.0,0.0,0.0,0,1
2016-02-04,2016,15,16,12700.0,7880.0,0.0,0.0,-0.37952755905511815,0,1
2016-02-04,2016,16,17,7880.0,7880.0,0.0,0.0,0.0,0,1
2016-02-05,2016,15,16,12800.0,7880.0,0.0,0.0,-0.384375,0,1
2016-02-05,2016,16,17,7880.0,7880.0,0.0,0.0,0.0,0,1
2016-02-11,2016,15,16,12800.0,7880.0,0.0,0.0,-0.384375,0,1
2016-02-11,2016,16,17,7880.0,7880.0,0.0,0.0,0.0,0,1
2016-02-12,2016,15,16,12800.0,7880.0,0.0,0.0,-0.384375,0,1
2016-02-12,2016,16,17,7880.0,7880.0,0.0,0.0,0.0,0,1
2016-02-15,2016,15,16,12800.0,7880.0,0.0,0.0,-0.384375,0,1
2016-02-15,2016,16,17,7880.0,7880.0,0.0,0.0,0.0,0,1
2016-02-16,2016,15,16,12800.0,7880.0,0.0,0.0,-0.384375,0,1
2016-02-16,2016,16,17,7880.0,7880.0,0.0,0.0,0.0,0,1
2016-02-17,2016,15,16,12800.0,7880.0,0.0,0.0,-0.384375,0,1
2016-02-17,2016,16,17,7880.0,7880.0,0.0,0.0,0.0,0,1
2016-02-18,2016,15,16,12800.0,7880.0,0.0,0.0,-0.384375,0,1
2016-02-18,2016,16,17,7880.0,7880.0,0.0,0.0,0.0,0,1
2016-02-19,2016,15,16,13100.0,7880.0,0.0,0.0,-0.39847328244274804,0,1
2016-02-19,2016,16,17,7880.0,7880.0,0.0,0.0,0.0,0,1
2016-02-22,2016,15,16,14400.0,7880.0,500.0,0.0,-0.4527777777777777,0,0
2016-02-22,2016,16,17,7880.0,7880.0,0.0,0.0,0.0,0,1
2016-02-23,2016,15,16,15800.0,7880.0,500.0,0.0,-0.5012658227848101,0,0
2016-02-23,2016,16,17,7880.0,7880.0,0.0,0.0,0.0,0,1
2016-02-24,2016,15,16,16000.0,7880.0,0.0,0.0,-0.5075000000000001,0,0
2016-02-24,2016,16,17,7880.0,7880.0,0.0,0.0,0.0,0,1
2016-02-25,2016,15,16,16000.0,7880.0,0.0,0.0,-0.5075000000000001,0,0
2016-02-25,2016,16,17,7880.0,7880.0,0.0,0.0,0.0,0,1
2016-02-26,2016,15,16,16000.0,7880.0,0.0,0.0,-0.5075000000000001,0,0
2016-02-26,2016,16,17,7880.0,7880.0,0.0,0.0,0.0,0,1
2016-02-29,2016,15,16,16000.0,7880.0,0.0,0.0,-0.5075000000000001,0,0
2016-02-29,2016,16,17,7880.0,7880.0,0.0,0.0,0.0,0,1
2016-03-02,2016,15,16,16000.0,7880.0,0.0,0.0,-0.5075000000000001,0,0
2016-03-02,2016,16,17,7880.0,7880.0,0.0,0.0,0.0,0,1
2016-03-03,2016,15,16,16000.0,7880.0,0.0,0.0,-0.5075000000000001,0,0
2016-03-03,2016,16,17,7880.0,7880.0,0.0,0.0,0.0,0,1
2016-03-04,2016,15,16,16000.0,7880.0,0.0,0.0,-0.5075000000000001,0,0
2016-03-04,2016,16,17,7880.0,7880.0,0.0,0.0,0.0,0,1
2016-03-07,2016,15,16,16800.0,7880.0,0.0,0.0,-0.530952380952381,0,0
2016-03-07,2016,16,17,7880.0,7880.0,0.0,0.0,0.0,0,1
2016-03-08,2016,15,16,16800.0,7880.0,0.0,0.0,-0.530952380952381,0,0
2016-03-08,2016,16,17,7880.0,7880.0,0.0,0.0,0.0,0,1
2016-03-09,2016,15,16,16800.0,7880.0,0.0,0.0,-0.530952380952381,0,0
2016-03-09,2016,16,17,7880.0,7880.0,0.0,0.0,0.0,0,1
2016-03-10,2016,15,16,16800.0,7880.0,0.0,0.0,-0.530952380952381,0,0
2016-03-10,2016,16,17,7880.0,7880.0,0.0,0.0,0.0,0,1
2016-03-11,2016,15,16,16800.0,7880.0,0.0,0.0,-0.530952380952381,0,0
2016-03-11,2016,16,17,7880.0,7880.0,0.0,0.0,0.0,0,1
2016-03-14,2016,15,16,16800.0,7880.0,0.0,0.0,-0.530952380952381,0,0
2016-03-14,2016,16,17,7880.0,7880.0,0.0,0.0,0.0,0,1
2016-03-15,2016,15,16,18450.0,7880.0,7000.0,0.0,-0.5728997289972899,0,0
2016-03-15,2016,16,17,7880.0,7880.0,0.0,0.0,0.0,0,1
2016-03-16,2016,15,16,18450.0,7880.0,0.0,0.0,-0.5728997289972899,0,0
2016-03-16,2016,16,17,7880.0,7880.0,0.0,0.0,0.0,0,1
2016-03-17,2016,15,16,18450.0,7880.0,0.0,0.0,-0.5728997289972899,0,0
2016-03-17,2016,16,17,7880.0,7880.0,0.0,0.0,0.0,0,1
2016-03-18,2016,15,16,18450.0,7880.0,15500.0,0.0,-0.5728997289972899,0,0
2016-03-18,2016,16,17,7880.0,7880.0,0.0,0.0,0.0,0,1
2016-03-21,2016,15,16,18450.0,7880.0,0.0,0.0,-0.5728997289972899,0,0
2016-03-21,2016,16,17,7880.0,7880.0,0.0,0.0,0.0,0,1
2016-03-22,2016,15,16,18450.0,7880.0,0.0,0.0,-0.5728997289972899,0,0
2016-03-22,2016,16,17,7880.0,7880.0,0.0,0.0,0.0,0,1
2016-03-23,2016,15,16,18450.0,7880.0,0.0,0.0,-0.5728997289972899,0,0
2016-03-23,2016,16,17,7880.0,7880.0,0.0,0.0,0.0,0,1
2016-03-24,2016,15,16,18450.0,7880.0,0.0,0.0,-0.5728997289972899,0,0
2016-03-24,2016,16,17,7880.0,7880.0,0.0,0.0,0.0,0,1
2016-03-25,2016,15,16,18450.0,7880.0,0.0,0.0,-0.5728997289972899,0,0
2016-03-25,2016,16,17,7880.0,7880.0,0.0,0.0,0.0,0,1
2016-03-28,2016,15,16,18450.0,7880.0,0.0,0.0,-0.5728997289972899,0,0
2016-03-28,2016,16,17,7880.0,7880.0,0.0,0.0,0.0,0,1
2016-03-29,2016,15,16,18450.0,7880.0,0.0,0.0,-0.5728997289972899,0,0
2016-03-29,2016,16,17,7880.0,7880.0,0.0,0.0,0.0,0,1
2016-03-30,2016,15,16,18450.0,7880.0,0.0,0.0,-0.5728997289972899,0,0
2016-03-30,2016,16,17,7880.0,7880.0,0.0,0.0,0.0,0,1
2016-03-31,2016,15,16,18450.0,7880.0,0.0,0.0,-0.5728997289972899,0,0
2016-03-31,2016,16,17,7880.0,7880.0,0.0,0.0,0.0,0,1
2016-04-01,2016,15,16,18450.0,7880.0,0.0,0.0,-0.5728997289972899,0,0
2016-04-01,2016,16,17,7880.0,7880.0,0.0,0.0,0.0,0,1
2016-04-04,2016,15,16,18450.0,7880.0,0.0,0.0,-0.5728997289972899,0,0
2016-04-04,2016,16,17,7880.0,7880.0,0.0,0.0,0.0,0,1
2016-04-05,2016,15,16,18450.0,7880.0,0.0,0.0,-0.5728997289972899,0,0
2016-04-05,2016,16,17,7880.0,7880.0,0.0,0.0,0.0,0,1
2016-04-06,2016,15,16,18450.0,7880.0,0.0,0.0,-0.5728997289972899,0,0
2016-04-06,2016,16,17,7880.0,7880.0,0.0,0.0,0.0,0,1
2016-04-07,2016,15,16,18450.0,7880.0,0.0,0.0,-0.5728997289972899,0,0
2016-04-07,2016,16,17,7880.0,7880.0,0.0,0.0,0.0,0,1
2016-04-08,2016,15,16,18450.0,7880.0,0.0,0.0,-0.5728997289972899,0,0
2016-04-08,2016,16,17,7880.0,7880.0,0.0,0.0,0.0,0,1
2016-04-11,2016,15,16,18450.0,7880.0,10000.0,0.0,-0.5728997289972899,0,0
2016-04-11,2016,16,17,7880.0,7880.0,0.0,0.0,0.0,0,1
2016-04-12,2016,15,16,18450.0,7880.0,0.0,0.0,-0.5728997289972899,0,0
2016-04-12,2016,16,17,7880.0,7880.0,0.0,0.0,0.0,0,1
2016-04-14,2016,15,16,18450.0,7880.0,0.0,0.0,-0.5728997289972899,0,0
2016-04-14,2016,16,17,7880.0,7880.0,0.0,0.0,0.0,0,1
2016-04-15,2016,15,16,18450.0,7880.0,25500.0,0.0,-0.5728997289972899,0,0
2016-04-15,2016,16,17,7880.0,7880.0,0.0,0.0,0.0,0,1
2016-04-18,2016,15,16,18450.0,7880.0,52300.0,0.0,-0.5728997289972899,0,0
2016-04-18,2016,16,17,7880.0,7880.0,0.0,0.0,0.0,0,1
2016-04-19,2016,15,16,18450.0,7880.0,0.0,0.0,-0.5728997289972899,0,0
2016-04-19,2016,16,17,7880.0,7880.0,0.0,0.0,0.0,0,1
2016-04-20,2016,15,16,18450.0,7880.0,0.0,0.0,-0.5728997289972899,0,0
2016-04-20,2016,16,17,7880.0,7880.0,0.0,0.0,0.0,0,1
2016-04-21,2016,15,16,18450.0,7880.0,0.0,0.0,-0.5728997289972899,0,0
2016-04-21,2016,16,17,7880.0,7880.0,0.0,0.0,0.0,0,1
2016-04-22,2016,15,16,18450.0,7880.0,0.0,0.0,-0.5728997289972899,0,0
2016-04-22,2016,16,17,7880.0,7880.0,0.0,0.0,0.0,0,1
2016-04-25,2016,15,16,18450.0,7880.0,0.0,0.0,-0.5728997289972899,0,0
2016-04-25,2016,16,17,7880.0,7880.0,0.0,0.0,0.0,0,1
2016-04-26,2016,15,16,18450.0,7880.0,0.0,0.0,-0.5728997289972899,0,0
2016-04-26,2016,16,17,7880.0,7880.0,0.0,0.0,0.0,0,1
2016-04-27,2016,15,16,18450.0,7880.0,0.0,0.0,-0.5728997289972899,0,0
2016-04-27,2016,16,17,7880.0,7880.0,0.0,0.0,0.0,0,1
2016-04-28,2016,15,16,19000.0,7880.0,0.0,0.0,-0.5852631578947368,0,0
2016-04-28,2016,16,17,7880.0,7880.0,0.0,0.0,0.0,0,1
2016-04-29,2016,15,16,19000.0,7880.0,0.0,0.0,-0.5852631578947368,0,0
2016-04-29,2016,16,17,7880.0,7880.0,0.0,0.0,0.0,0,1
2016-05-02,2016,15,16,19100.0,7880.0,0.0,0.0,-0.587434554973822,0,0
2016-05-02,2016,16,17,7880.0,7880.0,0.0,0.0,0.0,0,1
2016-05-03,2016,15,16,19200.0,7880.0,0.0,0.0,-0.5895833333333333,0,0
2016-05-03,2016,16,17,7880.0,7880.0,0.0,0.0,0.0,0,1
2016-05-04,2016,15,16,19200.0,7880.0,0.0,0.0,-0.5895833333333333,0,0
2016-05-04,2016,16,17,7880.0,7880.0,0.0,0.0,0.0,0,1
2016-05-09,2016,15,16,19200.0,7880.0,0.0,0.0,-0.5895833333333333,0,0
2016-05-09,2016,16,17,7880.0,7880.0,0.0,0.0,0.0,0,1
2016-05-10,2016,15,16,19200.0,7880.0,0.0,0.0,-0.5895833333333333,0,0
2016-05-10,2016,16,17,7880.0,7880.0,0.0,0.0,0.0,0,1
2016-05-11,2016,15,16,19300.0,7880.0,0.0,0.0,-0.5917098445595854,0,0
2016-05-11,2016,16,17,7880.0,7880.0,0.0,0.0,0.0,0,1
2016-05-12,2016,15,16,19300.0,7880.0,0.0,0.0,-0.5917098445595854,0,0
2016-05-12,2016,16,17,7880.0,7880.0,0.0,0.0,0.0,0,1
2016-05-13,2016,15,16,19300.0,7880.0,0.0,0.0,-0.5917098445595854,0,0
2016-05-13,2016,16,17,7880.0,7880.0,0.0,0.0,0.0,0,1
2016-05-16,2016,15,16,19300.0,7880.0,0.0,0.0,-0.5917098445595854,0,0
2016-05-16,2016,16,17,7880.0,7880.0,0.0,0.0,0.0,0,1
2016-05-17,2016,15,16,19300.0,7880.0,0.0,0.0,-0.5917098445595854,0,0
2016-05-17,2016,16,17,7880.0,7880.0,0.0,0.0,0.0,0,1
2016-05-18,2016,15,16,19400.0,7880.0,0.0,0.0,-0.5938144329896907,0,0
2016-05-18,2016,16,17,7880.0,7880.0,0.0,0.0,0.0,0,1
2016-05-19,2016,15,16,21000.0,7880.0,2000.0,0.0,-0.6247619047619047,0,0
2016-05-19,2016,16,17,7880.0,7880.0,0.0,0.0,0.0,0,1
2016-05-20,2016,15,16,21000.0,7880.0,600.0,0.0,-0.6247619047619047,0,0
2016-05-20,2016,16,17,7880.0,7880.0,0.0,0.0,0.0,0,1
2016-05-23,2016,15,16,21000.0,7880.0,5000.0,0.0,-0.6247619047619047,0,0
2016-05-23,2016,16,17,7880.0,7880.0,0.0,0.0,0.0,0,1
2016-05-24,2016,15,16,21000.0,7880.0,0.0,0.0,-0.6247619047619047,0,0
2016-05-24,2016,16,17,7880.0,7880.0,0.0,0.0,0.0,0,1
2016-05-25,2016,15,16,21000.0,7880.0,0.0,0.0,-0.6247619047619047,0,0
2016-05-25,2016,16,17,7880.0,7880.0,0.0,0.0,0.0,0,1
2016-05-26,2016,15,16,21000.0,7880.0,0.0,0.0,-0.6247619047619047,0,0
2016-05-26,2016,16,17,7880.0,7880.0,0.0,0.0,0.0,0,1
2016-05-27,2016,15,16,18950.0,7880.0,15838.0,0.0,-0.5841688654353562,0,0
2016-05-27,2016,16,17,7880.0,7880.0,0.0,0.0,0.0,0,1
2016-05-30,2016,15,16,18500.0,7880.0,15000.0,0.0,-0.5740540540540541,0,0
2016-05-30,2016,16,17,7880.0,7880.0,0.0,0.0,0.0,0,1
2016-05-31,2016,15,16,18500.0,7880.0,0.0,0.0,-0.5740540540540541,0,0
2016-05-31,2016,16,17,7880.0,7880.0,0.0,0.0,0.0,0,1
2016-06-01,2016,15,16,18500.0,7880.0,137155.0,0.0,-0.5740540540540541,0,0
2016-06-01,2016,16,17,7880.0,7880.0,0.0,0.0,0.0,0,1
2016-06-02,2016,15,16,18400.0,7880.0,121382.0,0.0,-0.5717391304347825,0,0
2016-06-02,2016,16,17,7880.0,7880.0,0.0,0.0,0.0,0,1
2016-06-03,2016,15,16,18400.0,7880.0,65221.0,0.0,-0.5717391304347825,0,0
2016-06-03,2016,16,17,7880.0,7880.0,0.0,0.0,0.0,0,1
2016-06-07,2016,15,16,17900.0,7880.0,318663.0,0.0,-0.5597765363128492,0,0
2016-06-07,2016,16,17,7880.0,7880.0,0.0,0.0,0.0,0,1
2016-06-08,2016,15,16,17600.0,8000.0,81586.0,0.0,-0.5454545454545454,0,0
2016-06-08,2016,16,17,8000.0,7880.0,0.0,0.0,-0.015000000000000013,0,1
2016-06-09,2016,15,16,16700.0,8000.0,258741.0,0.0,-0.5209580838323353,0,0
2016-06-09,2016,16,17,8000.0,7880.0,0.0,0.0,-0.015000000000000013,0,1
2016-06-10,2016,15,16,16600.0,8000.0,131000.0,0.0,-0.5180722891566265,0,0
2016-06-10,2016,16,17,8000.0,7880.0,0.0,0.0,-0.015000000000000013,0,1
2016-06-13,2016,15,16,16600.0,16600.0,6193.0,0.0,0.0,0,1
2016-06-13,2016,16,17,16600.0,7880.0,0.0,0.0,-0.5253012048192771,0,0
2016-06-14,2016,15,16,17000.0,16600.0,0.0,0.0,-0.02352941176470591,0,1
2016-06-14,2016,16,17,16600.0,7880.0,0.0,0.0,-0.5253012048192771,0,0
2016-06-15,2016,15,16,17000.0,16600.0,0.0,0.0,-0.02352941176470591,0,1
2016-06-15,2016,16,17,16600.0,7880.0,0.0,0.0,-0.5253012048192771,0,0
2016-06-16,2016,15,16,17000.0,16600.0,5367.0,0.0,-0.02352941176470591,0,1
2016-06-16,2016,16,17,16600.0,7880.0,0.0,0.0,-0.5253012048192771,0,0
2016-06-17,2016,15,16,17050.0,16600.0,0.0,0.0,-0.02639296187683282,0,1
2016-06-17,2016,16,17,16600.0,7880.0,0.0,0.0,-0.5253012048192771,0,0
2016-06-20,2016,15,16,17000.0,16600.0,7976.0,0.0,-0.02352941176470591,0,1
2016-06-20,2016,16,17,16600.0,7880.0,0.0,0.0,-0.5253012048192771,0,0
2016-06-21,2016,15,16,17000.0,16600.0,4650.0,0.0,-0.02352941176470591,0,1
2016-06-21,2016,16,17,16600.0,7880.0,0.0,0.0,-0.5253012048192771,0,0
2016-06-22,2016,15,16,16800.0,16600.0,0.0,0.0,-0.011904761904761862,0,1
2016-06-22,2016,16,17,16600.0,7880.0,0.0,0.0,-0.5253012048192771,0,0
2016-06-23,2016,15,16,17000.0,16600.0,11072.0,0.0,-0.02352941176470591,0,1
2016-06-23,2016,16,17,16600.0,7880.0,0.0,0.0,-0.5253012048192771,0,0
2016-06-24,2016,15,16,17000.0,16600.0,0.0,0.0,-0.02352941176470591,0,1
2016-06-24,2016,16,17,16600.0,7880.0,0.0,0.0,-0.5253012048192771,0,0
2016-06-27,2016,15,16,17000.0,16600.0,0.0,0.0,-0.02352941176470591,0,1
2016-06-27,2016,16,17,16600.0,7880.0,0.0,0.0,-0.5253012048192771,0,0
2016-06-28,2016,15,16,17000.0,16600.0,0.0,0.0,-0.02352941176470591,0,1
2016-06-28,2016,16,17,16600.0,7880.0,0.0,0.0,-0.5253012048192771,0,0
2016-06-29,2016,15,16,17000.0,16600.0,0.0,0.0,-0.02352941176470591,0,1
2016-06-29,2016,16,17,16600.0,7880.0,0.0,0.0,-0.5253012048192771,0,0
2016-06-30,2016,15,16,17000.0,16600.0,0.0,0.0,-0.02352941176470591,0,1
2016-06-30,2016,16,17,16600.0,7880.0,0.0,0.0,-0.5253012048192771,0,0
2016-07-01,2016,16,17,17000.0,7880.0,0.0,0.0,-0.5364705882352941,0,0
2016-07-04,2016,16,17,17000.0,7880.0,80000.0,0.0,-0.5364705882352941,0,0
2016-07-05,2016,16,17,17000.0,7880.0,0.0,0.0,-0.5364705882352941,0,0
2016-07-06,2016,16,17,17000.0,7880.0,0.0,0.0,-0.5364705882352941,0,0
2016-07-07,2016,16,17,17000.0,7880.0,0.0,0.0,-0.5364705882352941,0,0
2016-07-08,2016,16,17,17000.0,7880.0,66000.0,0.0,-0.5364705882352941,0,0
2016-07-11,2016,16,17,17000.0,7880.0,0.0,0.0,-0.5364705882352941,0,0
2016-07-12,2016,16,17,17000.0,7880.0,0.0,0.0,-0.5364705882352941,0,0
2016-07-13,2016,16,17,17000.0,7880.0,0.0,0.0,-0.5364705882352941,0,0
2016-07-14,2016,16,17,17000.0,7880.0,0.0,0.0,-0.5364705882352941,0,0
2016-07-15,2016,16,17,17000.0,7880.0,0.0,0.0,-0.5364705882352941,0,0
2016-07-18,2016,16,17,17000.0,7880.0,0.0,0.0,-0.5364705882352941,0,0
2016-07-19,2016,16,17,17000.0,7880.0,0.0,0.0,-0.5364705882352941,0,0
2016-07-20,2016,16,17,17000.0,7880.0,0.0,0.0,-0.5364705882352941,0,0
2016-07-21,2016,16,17,17000.0,7880.0,0.0,0.0,-0.5364705882352941,0,0
2016-07-22,2016,16,17,17000.0,7880.0,50000.0,0.0,-0.5364705882352941,0,0
2016-07-25,2016,16,17,17000.0,7880.0,0.0,0.0,-0.5364705882352941,0,0
2016-07-26,2016,16,17,17000.0,7880.0,0.0,0.0,-0.5364705882352941,0,0
2016-07-27,2016,16,17,17000.0,7880.0,0.0,0.0,-0.5364705882352941,0,0
2016-07-28,2016,16,17,17000.0,7880.0,0.0,0.0,-0.5364705882352941,0,0
2016-07-29,2016,16,17,17000.0,7880.0,0.0,0.0,-0.5364705882352941,0,0
2016-08-01,2016,16,17,17000.0,7880.0,0.0,0.0,-0.5364705882352941,0,0
2016-08-02,2016,16,17,17000.0,7880.0,0.0,0.0,-0.5364705882352941,0,0
2016-08-03,2016,16,17,17000.0,7880.0,0.0,0.0,-0.5364705882352941,0,0
2016-08-04,2016,16,17,17000.0,7880.0,15000.0,0.0,-0.5364705882352941,0,0
2016-08-05,2016,16,17,17000.0,7880.0,0.0,0.0,-0.5364705882352941,0,0
2016-08-08,2016,16,17,17000.0,7880.0,670.0,0.0,-0.5364705882352941,0,0
2016-08-09,2016,16,17,17000.0,7880.0,0.0,0.0,-0.5364705882352941,0,0
2016-08-10,2016,16,17,17000.0,7880.0,0.0,0.0,-0.5364705882352941,0,0
2016-08-11,2016,16,17,16500.0,7880.0,15000.0,0.0,-0.5224242424242425,0,0
2016-08-12,2016,16,17,16500.0,7880.0,0.0,0.0,-0.5224242424242425,0,0
2016-08-16,2016,16,17,16500.0,7880.0,0.0,0.0,-0.5224242424242425,0,0
2016-08-17,2016,16,17,16500.0,7880.0,0.0,0.0,-0.5224242424242425,0,0
2016-08-18,2016,16,17,16500.0,7880.0,0.0,0.0,-0.5224242424242425,0,0
2016-08-19,2016,16,17,16500.0,7880.0,0.0,0.0,-0.5224242424242425,0,0
2016-08-22,2016,16,17,17000.0,7880.0,10000.0,0.0,-0.5364705882352941,0,0
2016-08-23,2016,16,17,17000.0,7880.0,30000.0,0.0,-0.5364705882352941,0,0
2016-08-24,2016,16,17,17000.0,7880.0,120000.0,0.0,-0.5364705882352941,0,0
2016-08-25,2016,16,17,17000.0,7880.0,10000.0,0.0,-0.5364705882352941,0,0
2016-08-26,2016,16,17,17000.0,7880.0,30000.0,0.0,-0.5364705882352941,0,0
2016-08-29,2016,16,17,17000.0,7880.0,50000.0,0.0,-0.5364705882352941,0,0
2016-08-30,2016,16,17,17000.0,7880.0,99660.0,0.0,-0.5364705882352941,0,0
2016-08-31,2016,16,17,17000.0,7880.0,61894.0,0.0,-0.5364705882352941,0,0
2016-09-01,2016,16,17,17000.0,7880.0,0.0,0.0,-0.5364705882352941,0,0
2016-09-02,2016,16,17,17000.0,7880.0,0.0,0.0,-0.5364705882352941,0,0
2016-09-05,2016,16,17,17000.0,7880.0,0.0,0.0,-0.5364705882352941,0,0
2016-09-06,2016,16,17,17000.0,7880.0,0.0,0.0,-0.5364705882352941,0,0
2016-09-07,2016,16,17,17000.0,7880.0,0.0,0.0,-0.5364705882352941,0,0
2016-09-08,2016,16,17,17000.0,7880.0,45000.0,0.0,-0.5364705882352941,0,0
2016-09-09,2016,16,17,17000.0,7880.0,45000.0,0.0,-0.5364705882352941,0,0
2016-09-12,2016,16,17,17000.0,7880.0,0.0,0.0,-0.5364705882352941,0,0
2016-09-13,2016,16,17,17000.0,7880.0,0.0,0.0,-0.5364705882352941,0,0
2016-09-19,2016,16,17,17000.0,7880.0,0.0,0.0,-0.5364705882352941,0,0
2016-09-20,2016,16,17,17000.0,7880.0,0.0,0.0,-0.5364705882352941,0,0
2016-09-21,2016,16,17,17500.0,7880.0,25000.0,0.0,-0.5497142857142857,0,0
2016-09-22,2016,16,17,17500.0,7880.0,0.0,0.0,-0.5497142857142857,0,0
2016-09-23,2016,16,17,17500.0,7880.0,20000.0,0.0,-0.5497142857142857,0,0
2016-09-26,2016,16,17,17500.0,7880.0,40000.0,0.0,-0.5497142857142857,0,0
2016-09-27,2016,16,17,17500.0,7880.0,0.0,0.0,-0.5497142857142857,0,0
2016-09-28,2016,16,17,17500.0,7880.0,15000.0,0.0,-0.5497142857142857,0,0
2016-09-29,2016,16,17,17500.0,7880.0,0.0,0.0,-0.5497142857142857,0,0
2016-09-30,2016,16,17,18000.0,7880.0,30000.0,0.0,-0.5622222222222222,0,0
2016-10-04,2016,16,17,18000.0,7880.0,0.0,0.0,-0.5622222222222222,0,0
2016-10-05,2016,16,17,18000.0,7880.0,0.0,0.0,-0.5622222222222222,0,0
2016-10-06,2016,16,17,18000.0,7880.0,0.0,0.0,-0.5622222222222222,0,0
2016-10-07,2016,16,17,18000.0,7880.0,0.0,0.0,-0.5622222222222222,0,0
2016-10-10,2016,16,17,18000.0,7880.0,0.0,0.0,-0.5622222222222222,0,0
2016-10-11,2016,16,17,18000.0,7880.0,0.0,0.0,-0.5622222222222222,0,0
2016-10-12,2016,16,17,18000.0,7880.0,0.0,0.0,-0.5622222222222222,0,0
2016-10-13,2016,16,17,18000.0,7880.0,8000.0,0.0,-0.5622222222222222,0,0
2016-10-14,2016,16,17,18000.0,7880.0,0.0,0.0,-0.5622222222222222,0,0
2016-10-17,2016,16,17,18000.0,7880.0,0.0,0.0,-0.5622222222222222,0,0
2016-10-18,2016,16,17,18000.0,7880.0,0.0,0.0,-0.5622222222222222,0,0
2016-10-19,2016,16,17,18000.0,7880.0,0.0,0.0,-0.5622222222222222,0,0
2016-10-20,2016,16,17,18000.0,7880.0,0.0,0.0,-0.5622222222222222,0,0
2016-10-21,2016,16,17,18000.0,7880.0,0.0,0.0,-0.5622222222222222,0,0
2016-10-24,2016,16,17,18000.0,7880.0,0.0,0.0,-0.5622222222222222,0,0
2016-10-25,2016,16,17,18500.0,7880.0,1000.0,0.0,-0.5740540540540541,0,0
2016-10-26,2016,16,17,18500.0,7880.0,0.0,0.0,-0.5740540540540541,0,0
2016-10-27,2016,16,17,18500.0,7880.0,0.0,0.0,-0.5740540540540541,0,0
2016-10-28,2016,16,17,18500.0,7880.0,0.0,0.0,-0.5740540540540541,0,0
2016-10-31,2016,16,17,18500.0,7880.0,10100.0,0.0,-0.5740540540540541,0,0
2016-11-01,2016,16,17,18500.0,7880.0,6900.0,0.0,-0.5740540540540541,0,0
2016-11-02,2016,16,17,18500.0,7880.0,0.0,0.0,-0.5740540540540541,0,0
2016-11-03,2016,16,17,18500.0,7880.0,0.0,0.0,-0.5740540540540541,0,0
2016-11-04,2016,16,17,18500.0,7880.0,0.0,0.0,-0.5740540540540541,0,0
2016-11-07,2016,16,17,18500.0,7880.0,0.0,0.0,-0.5740540540540541,0,0
2016-11-08,2016,16,17,18500.0,7880.0,0.0,0.0,-0.5740540540540541,0,0
2016-11-09,2016,16,17,18500.0,7880.0,0.0,0.0,-0.5740540540540541,0,0
2016-11-10,2016,16,17,18500.0,7880.0,0.0,0.0,-0.5740540540540541,0,0
2016-11-11,2016,16,17,18500.0,7880.0,0.0,0.0,-0.5740540540540541,0,0
2016-11-14,2016,16,17,18500.0,7880.0,0.0,0.0,-0.5740540540540541,0,0
2016-11-15,2016,16,17,18500.0,7880.0,0.0,0.0,-0.5740540540540541,0,0
2016-11-16,2016,16,17,18500.0,7880.0,0.0,0.0,-0.5740540540540541,0,0
2016-11-17,2016,16,17,18500.0,7880.0,0.0,0.0,-0.5740540540540541,0,0
2016-11-18,2016,16,17,18500.0,7880.0,162000.0,0.0,-0.5740540540540541,0,0
2016-11-21,2016,16,17,18500.0,7880.0,0.0,0.0,-0.5740540540540541,0,0
2016-11-22,2016,16,17,18500.0,7880.0,0.0,0.0,-0.5740540540540541,0,0
2016-11-23,2016,16,17,18500.0,7880.0,0.0,0.0,-0.5740540540540541,0,0
2016-11-24,2016,16,17,18500.0,7880.0,0.0,0.0,-0.5740540540540541,0,0
2016-11-25,2016,16,17,18500.0,7880.0,0.0,0.0,-0.5740540540540541,0,0
2016-11-28,2016,16,17,18500.0,7880.0,0.0,0.0,-0.5740540540540541,0,0
2016-11-29,2016,16,17,18600.0,7880.0,0.0,0.0,-0.5763440860215054,0,0
2016-11-30,2016,16,17,18600.0,7880.0,0.0,0.0,-0.5763440860215054,0,0
2016-12-01,2016,16,17,18600.0,7880.0,0.0,0.0,-0.5763440860215054,0,0
2016-12-02,2016,16,17,18600.0,7880.0,0.0,0.0,-0.5763440860215054,0,0
2016-12-05,2016,16,17,19000.0,7880.0,11000.0,0.0,-0.5852631578947368,0,0
2016-12-06,2016,16,17,19100.0,7880.0,14000.0,0.0,-0.587434554973822,0,0
2016-12-07,2016,16,17,19100.0,7880.0,0.0,0.0,-0.587434554973822,0,0
2016-12-08,2016,16,17,19100.0,7880.0,0.0,0.0,-0.587434554973822,0,0
2016-12-09,2016,16,17,19100.0,7880.0,100000.0,0.0,-0.587434554973822,0,0
2016-12-12,2016,16,17,19100.0,7880.0,49000.0,0.0,-0.587434554973822,0,0
2016-12-13,2016,16,17,19100.0,7880.0,9000.0,0.0,-0.587434554973822,0,0
2016-12-14,2016,16,17,19100.0,7880.0,0.0,0.0,-0.587434554973822,0,0
2016-12-15,2016,16,17,19100.0,7880.0,0.0,0.0,-0.587434554973822,0,0
2016-12-16,2016,16,17,19100.0,7880.0,0.0,0.0,-0.587434554973822,0,0
2016-12-19,2016,16,17,19100.0,7880.0,0.0,0.0,-0.587434554973822,0,0
2016-12-20,2016,16,17,19200.0,7880.0,0.0,0.0,-0.5895833333333333,0,0
2016-12-21,2016,16,17,19200.0,7880.0,0.0,0.0,-0.5895833333333333,0,0
2016-12-22,2016,16,17,19200.0,7880.0,0.0,0.0,-0.5895833333333333,0,0
2016-12-23,2016,16,17,19300.0,7880.0,30000.0,0.0,-0.5917098445595854,0,0
2016-12-26,2016,16,17,19300.0,7880.0,0.0,0.0,-0.5917098445595854,0,0
2016-12-27,2016,16,17,19300.0,7880.0,0.0,0.0,-0.5917098445595854,0,0
2016-12-28,2016,16,17,19300.0,7880.0,4000.0,0.0,-0.5917098445595854,0,0
2016-12-29,2016,16,17,19300.0,7880.0,0.0,0.0,-0.5917098445595854,0,0
2017-01-02,2017,16,17,19300.0,7880.0,0.0,0.0,-0.5917098445595854,0,0
2017-01-03,2017,16,17,19500.0,7880.0,10000.0,0.0,-0.5958974358974358,0,0
2017-01-04,2017,16,17,19500.0,7880.0,0.0,0.0,-0.5958974358974358,0,0
2017-01-05,2017,16,17,19500.0,7880.0,0.0,0.0,-0.5958974358974358,0,0
2017-01-06,2017,16,17,19500.0,7880.0,0.0,0.0,-0.5958974358974358,0,0
2017-01-09,2017,16,17,19500.0,7880.0,0.0,0.0,-0.5958974358974358,0,0
2017-01-10,2017,16,17,19500.0,7880.0,8500.0,0.0,-0.5958974358974358,0,0
2017-01-11,2017,16,17,19600.0,7880.0,0.0,0.0,-0.5979591836734695,0,0
2017-01-12,2017,16,17,19600.0,7880.0,0.0,0.0,-0.5979591836734695,0,0
2017-01-13,2017,16,17,19600.0,7880.0,0.0,0.0,-0.5979591836734695,0,0
2017-01-16,2017,16,17,19600.0,7880.0,0.0,0.0,-0.5979591836734695,0,0
2017-01-17,2017,16,17,20500.0,7880.0,2850.0,0.0,-0.615609756097561,0,0
2017-01-18,2017,16,17,20850.0,7880.0,150000.0,0.0,-0.6220623501199041,0,0
2017-01-19,2017,16,17,20850.0,7880.0,10000.0,0.0,-0.6220623501199041,0,0
2017-01-20,2017,16,17,20850.0,8000.0,20000.0,0.0,-0.6163069544364508,0,0
2017-01-23,2017,16,17,20900.0,20850.0,20000.0,0.0,-0.0023923444976076125,0,1
2017-01-24,2017,16,17,21000.0,20850.0,40000.0,0.0,-0.0071428571428571175,0,1
2017-01-25,2017,16,17,22000.0,20850.0,15000.0,0.0,-0.05227272727272725,0,1
2017-01-26,2017,16,17,23000.0,20850.0,28883.0,0.0,-0.09347826086956523,0,1
2017-01-31,2017,16,17,23000.0,20850.0,0.0,0.0,-0.09347826086956523,0,1
2017-02-01,2017,16,17,23550.0,20850.0,20000.0,0.0,-0.1146496815286624,0,1
2017-02-02,2017,16,17,24300.0,23550.0,10000.0,0.0,-0.030864197530864224,0,1
2017-02-03,2017,16,17,25000.0,23550.0,25000.0,0.0,-0.05800000000000005,0,1
2017-02-06,2017,16,17,26000.0,25900.0,5000.0,2746.0,-0.0038461538461538325,1,1
2017-02-07,2017,16,17,26500.0,25900.0,17500.0,0.0,-0.02264150943396226,0,1
2017-02-08,2017,16,17,26500.0,25900.0,10000.0,0.0,-0.02264150943396226,0,1
2017-02-09,2017,16,17,26450.0,25900.0,0.0,0.0,-0.020793950850661602,0,1
2017-02-10,2017,16,17,23850.0,25900.0,50000.0,0.0,0.08595387840670865,0,1
2017-02-13,2017,16,17,25000.0,25900.0,1900.0,0.0,0.03600000000000003,0,1
2017-02-14,2017,16,17,25000.0,25900.0,0.0,0.0,0.03600000000000003,0,1
2017-02-15,2017,16,17,25000.0,25900.0,0.0,0.0,0.03600000000000003,0,1
2017-02-16,2017,16,17,24000.0,25900.0,3000.0,0.0,0.07916666666666661,0,1
2017-02-17,2017,16,17,24000.0,25900.0,5000.0,0.0,0.07916666666666661,0,1
2017-02-20,2017,16,17,24000.0,25900.0,3000.0,0.0,0.07916666666666661,0,1
2017-02-21,2017,16,17,24000.0,25900.0,3000.0,0.0,0.07916666666666661,0,1
2017-02-22,2017,16,17,24000.0,25900.0,17284.0,0.0,0.07916666666666661,0,1
2017-02-23,2017,16,17,23800.0,25000.0,39165.0,0.0,0.050420168067226934,0,1
2017-02-24,2017,16,17,24000.0,25000.0,58400.0,0.0,0.04166666666666674,0,1
2017-02-27,2017,16,17,24000.0,25000.0,45211.0,0.0,0.04166666666666674,0,1
2017-02-28,2017,16,17,23900.0,25000.0,25000.0,0.0,0.046025104602510414,0,1
2017-03-02,2017,16,17,23800.0,25000.0,7500.0,0.0,0.050420168067226934,0,1
2017-03-03,2017,16,17,23800.0,23700.0,0.0,500.0,-0.004201680672268893,0,1
2017-03-06,2017,16,17,23700.0,23000.0,10532.0,24500.0,-0.029535864978902926,1,1
2017-03-07,2017,16,17,23700.0,23400.0,0.0,70.0,-0.012658227848101222,0,1
2017-03-08,2017,16,17,23000.0,23400.0,0.0,0.0,0.017391304347825987,0,1
2017-03-09,2017,16,17,22900.0,22500.0,10000.0,25000.0,-0.017467248908296984,1,1
2017-03-10,2017,16,17,22200.0,22500.0,5000.0,0.0,0.013513513513513598,0,1
2017-03-13,2017,16,17,22000.0,22500.0,25000.0,0.0,0.022727272727272707,0,1
2017-03-14,2017,16,17,21500.0,22500.0,428000.0,0.0,0.04651162790697683,0,1
2017-03-15,2017,16,17,21400.0,21500.0,200000.0,0.0,0.004672897196261738,0,1
2017-03-16,2017,16,17,21400.0,21400.0,105000.0,20000.0,0.0,1,1
2017-03-17,2017,16,17,21400.0,21400.0,300000.0,0.0,0.0,0,1
2017-03-20,2017,16,17,21300.0,20200.0,5000.0,8000.0,-0.05164319248826288,1,1
2017-03-21,2017,16,17,21000.0,20200.0,153859.0,0.0,-0.03809523809523807,0,1
2017-03-22,2017,16,17,20800.0,20300.0,22000.0,0.0,-0.024038461538461564,0,1
2017-03-23,2017,16,17,20600.0,20500.0,17000.0,0.0,-0.004854368932038833,0,1
2017-03-24,2017,16,17,20600.0,20500.0,104260.0,0.0,-0.004854368932038833,0,1
2017-03-27,2017,16,17,20500.0,20500.0,20000.0,0.0,0.0,0,1
2017-03-28,2017,16,17,20500.0,20500.0,2000.0,0.0,0.0,0,1
2017-03-29,2017,16,17,20600.0,20500.0,215100.0,0.0,-0.004854368932038833,0,1
2017-03-30,2017,16,17,20600.0,20500.0,170000.0,0.0,-0.004854368932038833,0,1
2017-03-31,2017,16,17,20600.0,20500.0,8000.0,0.0,-0.004854368932038833,0,1
2017-04-03,2017,16,17,20600.0,20500.0,30000.0,0.0,-0.004854368932038833,0,1
2017-04-04,2017,16,17,20700.0,20500.0,270000.0,20000.0,-0.009661835748792313,1,1
2017-04-05,2017,16,17,20800.0,20500.0,260000.0,0.0,-0.014423076923076872,0,1
2017-04-06,2017,16,17,20800.0,20500.0,15000.0,30000.0,-0.014423076923076872,1,1
2017-04-07,2017,16,17,20450.0,20500.0,81719.0,0.0,0.0024449877750611915,0,1
2017-04-10,2017,16,17,20450.0,20500.0,14300.0,0.0,0.0024449877750611915,0,1
2017-04-11,2017,16,17,20450.0,20400.0,80000.0,137000.0,-0.0024449877750610804,1,1
2017-04-12,2017,16,17,20450.0,20400.0,218590.0,23000.0,-0.0024449877750610804,1,1
2017-04-13,2017,16,17,20450.0,20400.0,83000.0,20000.0,-0.0024449877750610804,1,1
2017-04-14,2017,16,17,20450.0,20400.0,0.0,0.0,-0.0024449877750610804,0,1
2017-04-17,2017,16,17,20450.0,20500.0,35000.0,0.0,0.0024449877750611915,0,1
2017-04-18,2017,16,17,20450.0,20450.0,500000.0,12930.0,0.0,1,1
2017-04-19,2017,16,17,20450.0,20450.0,400000.0,0.0,0.0,0,1
2017-04-20,2017,16,17,20450.0,20450.0,30000.0,0.0,0.0,0,1
2017-04-21,2017,16,17,20450.0,20450.0,40000.0,0.0,0.0,0,1
2017-04-24,2017,16,17,20500.0,20450.0,14000.0,0.0,-0.0024390243902439046,0,1
2017-04-25,2017,16,17,20500.0,20450.0,105000.0,0.0,-0.0024390243902439046,0,1
2017-04-26,2017,16,17,20500.0,20500.0,147581.0,0.0,0.0,0,1
2017-04-27,2017,16,17,20500.0,20500.0,30000.0,0.0,0.0,0,1
2017-04-28,2017,16,17,20500.0,20500.0,35000.0,110000.0,0.0,1,1
2017-05-02,2017,16,17,20500.0,20500.0,30000.0,11600.0,0.0,1,1
2017-05-04,2017,16,17,20500.0,20500.0,1303.0,0.0,0.0,0,1
2017-05-08,2017,16,17,20500.0,20400.0,145627.0,7000.0,-0.004878048780487809,1,1
2017-05-10,2017,16,17,20500.0,20400.0,39500.0,7900.0,-0.004878048780487809,1,1
2017-05-11,2017,16,17,20500.0,20400.0,61686.0,0.0,-0.004878048780487809,0,1
2017-05-12,2017,16,17,20550.0,20400.0,2937.0,0.0,-0.007299270072992692,0,1
2017-05-15,2017,16,17,20600.0,20400.0,13700.0,0.0,-0.009708737864077666,0,1
2017-05-16,2017,16,17,20600.0,20450.0,8807.0,2000.0,-0.007281553398058249,1,1
2017-05-17,2017,16,17,20600.0,20550.0,49000.0,0.0,-0.0024271844660194164,0,1
2017-05-18,2017,16,17,20650.0,20550.0,26324.0,0.0,-0.004842615012106588,0,1
2017-05-19,2017,16,17,20650.0,20550.0,30900.0,0.0,-0.004842615012106588,0,1
2017-05-22,2017,16,17,20650.0,20550.0,0.0,0.0,-0.004842615012106588,0,1
2017-05-23,2017,16,17,20650.0,20550.0,243.0,0.0,-0.004842615012106588,0,1
2017-05-24,2017,16,17,20700.0,20500.0,50682.0,30000.0,-0.009661835748792313,1,1
2017-05-25,2017,16,17,20800.0,20500.0,22000.0,22000.0,-0.014423076923076872,1,1
2017-05-26,2017,16,17,20800.0,20550.0,0.0,0.0,-0.012019230769230727,0,1
2017-05-29,2017,16,17,20800.0,20600.0,42177.0,0.0,-0.009615384615384581,0,1
2017-05-30,2017,16,17,20850.0,20800.0,40500.0,1005000.0,-0.0023980815347721673,1,1
2017-05-31,2017,16,17,20950.0,20800.0,20000.0,0.0,-0.007159904534606243,0,1
2017-06-01,2017,16,17,21000.0,20800.0,430577.0,10000.0,-0.00952380952380949,1,1
2017-06-02,2017,16,17,20500.0,20800.0,738008.0,158377.0,0.014634146341463428,1,1
2017-06-05,2017,16,17,20600.0,20400.0,18350.0,8500.0,-0.009708737864077666,1,1
2017-06-07,2017,16,17,20500.0,20400.0,62540.0,0.0,-0.004878048780487809,0,1
2017-06-08,2017,16,17,20500.0,20400.0,371889.0,38195.0,-0.004878048780487809,1,1
2017-06-09,2017,16,17,20500.0,20400.0,271167.0,0.0,-0.004878048780487809,0,1
2017-06-12,2017,16,17,20250.0,20400.0,132855.0,0.0,0.007407407407407307,0,1
2017-06-13,2017,16,17,20500.0,20400.0,59716.0,0.0,-0.004878048780487809,0,1
2017-06-14,2017,16,17,20550.0,20400.0,3184.0,0.0,-0.007299270072992692,0,1
2017-06-15,2017,16,17,20300.0,20400.0,33080.0,0.0,0.0049261083743843415,0,1
2017-06-16,2017,16,17,21000.0,20400.0,17721.0,0.0,-0.02857142857142858,0,1
2017-06-19,2017,16,17,21000.0,20400.0,0.0,0.0,-0.02857142857142858,0,1
2017-06-20,2017,16,17,21000.0,20400.0,0.0,0.0,-0.02857142857142858,0,1
2017-06-21,2017,16,17,21000.0,20500.0,15000.0,30000.0,-0.023809523809523836,1,1
2017-06-22,2017,16,17,21000.0,20500.0,21396.0,0.0,-0.023809523809523836,0,1
2017-06-23,2017,16,17,20200.0,20500.0,19641.0,0.0,0.014851485148514865,0,1
2017-06-26,2017,16,17,21000.0,20600.0,45358.0,300.0,-0.01904761904761909,1,1
2017-06-27,2017,16,17,21000.0,20600.0,14501.0,10500.0,-0.01904761904761909,1,1
2017-06-28,2017,16,17,21000.0,20600.0,33231.0,10804.0,-0.01904761904761909,1,1
2017-06-29,2017,16,17,21500.0,20400.0,11061.0,5500.0,-0.051162790697674376,1,1
2017-06-30,2017,16,17,21500.0,20350.0,4581.0,4996.0,-0.05348837209302326,1,1
2018-01-02,2018,17,18,20000.0,20000.0,0.0,0.0,0.0,0,1
2018-01-03,2018,17,18,20000.0,20000.0,26000.0,0.0,0.0,0,1
2018-01-04,2018,17,18,20000.0,20000.0,0.0,0.0,0.0,0,1
2018-01-05,2018,17,18,22000.0,20000.0,45400.0,0.0,-0.09090909090909094,0,1
2018-01-08,2018,17,18,22000.0,20000.0,0.0,0.0,-0.09090909090909094,0,1
2018-01-09,2018,17,18,22000.0,20000.0,0.0,0.0,-0.09090909090909094,0,1
2018-01-10,2018,17,18,22000.0,20000.0,7205.0,0.0,-0.09090909090909094,0,1
2018-01-11,2018,17,18,22000.0,20000.0,247600.0,0.0,-0.09090909090909094,0,1
2018-01-12,2018,17,18,22000.0,20000.0,0.0,0.0,-0.09090909090909094,0,1
2018-01-15,2018,17,18,22000.0,20000.0,4000.0,0.0,-0.09090909090909094,0,1
2018-01-16,2018,17,18,22000.0,20000.0,0.0,0.0,-0.09090909090909094,0,1
2018-01-17,2018,17,18,22000.0,20000.0,18000.0,20000.0,-0.09090909090909094,1,1
2018-01-18,2018,17,18,22000.0,22000.0,11405.0,0.0,0.0,0,1
2018-01-19,2018,17,18,22000.0,22000.0,28000.0,0.0,0.0,0,1
2018-01-22,2018,17,18,22000.0,22000.0,0.0,0.0,0.0,0,1
2018-01-23,2018,17,18,22000.0,22000.0,0.0,0.0,0.0,0,1
2018-01-24,2018,17,18,21500.0,22000.0,703000.0,0.0,0.023255813953488413,0,1
2018-01-25,2018,17,18,22000.0,22000.0,81430.0,0.0,0.0,0,1
2018-01-26,2018,17,18,22000.0,22000.0,0.0,0.0,0.0,0,1
2018-01-29,2018,17,18,21700.0,22000.0,10000.0,0.0,0.01382488479262678,0,1
2018-01-30,2018,17,18,21900.0,22000.0,15000.0,0.0,0.004566210045662045,0,1
2018-01-31,2018,17,18,22000.0,22000.0,15196.0,0.0,0.0,0,1
2018-02-01,2018,17,18,22000.0,22000.0,310000.0,0.0,0.0,0,1
2018-02-02,2018,17,18,21900.0,22000.0,36000.0,0.0,0.004566210045662045,0,1
2018-02-05,2018,17,18,21900.0,22000.0,208286.0,26000.0,0.004566210045662045,1,1
2018-02-06,2018,17,18,22000.0,22000.0,51000.0,0.0,0.0,0,1
2018-02-07,2018,17,18,22000.0,22000.0,7257.0,0.0,0.0,0,1
2018-02-08,2018,17,18,22000.0,22000.0,448000.0,0.0,0.0,0,1
2018-02-09,2018,17,18,22000.0,22000.0,5713.0,0.0,0.0,0,1
2018-02-12,2018,17,18,22000.0,22000.0,1000.0,0.0,0.0,0,1
2018-02-13,2018,17,18,22200.0,22000.0,70000.0,0.0,-0.009009009009009028,0,1
2018-02-14,2018,17,18,22000.0,22000.0,16000.0,0.0,0.0,0,1
2018-02-19,2018,17,18,22000.0,22000.0,0.0,0.0,0.0,0,1
2018-02-20,2018,17,18,22000.0,22000.0,4193.0,0.0,0.0,0,1
2018-02-21,2018,17,18,22000.0,22000.0,21000.0,0.0,0.0,0,1
2018-02-22,2018,17,18,22000.0,22000.0,15000.0,0.0,0.0,0,1
2018-02-23,2018,17,18,22000.0,22000.0,12400.0,0.0,0.0,0,1
2018-02-26,2018,17,18,22000.0,22000.0,25000.0,0.0,0.0,0,1
2018-02-27,2018,17,18,22000.0,22000.0,79944.0,0.0,0.0,0,1
2018-02-28,2018,17,18,22000.0,22000.0,6500.0,0.0,0.0,0,1
2018-03-02,2018,17,18,22000.0,22000.0,0.0,0.0,0.0,0,1
2018-03-05,2018,17,18,22000.0,22000.0,0.0,0.0,0.0,0,1
2018-03-06,2018,17,18,22200.0,22000.0,9500.0,0.0,-0.009009009009009028,0,1
2018-03-07,2018,17,18,22200.0,22000.0,54257.0,0.0,-0.009009009009009028,0,1
2018-03-08,2018,17,18,22200.0,22000.0,0.0,0.0,-0.009009009009009028,0,1
2018-03-09,2018,17,18,22200.0,22000.0,10000.0,0.0,-0.009009009009009028,0,1
2018-03-12,2018,17,18,22500.0,22000.0,31694.0,0.0,-0.022222222222222254,0,1
2018-03-13,2018,17,18,22100.0,22000.0,83193.0,0.0,-0.004524886877828038,0,1
2018-03-14,2018,17,18,22100.0,22000.0,76000.0,0.0,-0.004524886877828038,0,1
2018-03-15,2018,17,18,22000.0,22000.0,82500.0,0.0,0.0,0,1
2018-03-16,2018,17,18,22200.0,22000.0,55450.0,0.0,-0.009009009009009028,0,1
2018-03-19,2018,17,18,22000.0,22000.0,75000.0,0.0,0.0,0,1
2018-03-20,2018,17,18,22000.0,22000.0,80550.0,0.0,0.0,0,1
2018-03-21,2018,17,18,22000.0,22000.0,61000.0,0.0,0.0,0,1
2018-03-22,2018,17,18,22000.0,22000.0,53280.0,0.0,0.0,0,1
2018-03-23,2018,17,18,22000.0,22000.0,55000.0,0.0,0.0,0,1
2018-03-26,2018,17,18,22200.0,22000.0,61730.0,0.0,-0.009009009009009028,0,1
2018-03-27,2018,17,18,22000.0,22000.0,56857.0,0.0,0.0,0,1
2018-03-28,2018,17,18,22000.0,22000.0,76000.0,0.0,0.0,0,1
2018-03-29,2018,17,18,22000.0,22000.0,77800.0,0.0,0.0,0,1
2018-03-30,2018,17,18,22000.0,22000.0,76544.0,0.0,0.0,0,1
2018-04-02,2018,17,18,22000.0,22000.0,115917.0,0.0,0.0,0,1
2018-04-03,2018,17,18,22100.0,22000.0,67000.0,0.0,-0.004524886877828038,0,1
2018-04-04,2018,17,18,22000.0,22000.0,206000.0,0.0,0.0,0,1
2018-04-05,2018,17,18,21900.0,22000.0,90361.0,0.0,0.004566210045662045,0,1
2018-04-06,2018,17,18,21800.0,22000.0,160560.0,0.0,0.00917431192660545,0,1
2018-04-09,2018,17,18,21800.0,22000.0,14000.0,0.0,0.00917431192660545,0,1
2018-04-10,2018,17,18,21800.0,22000.0,261575.0,0.0,0.00917431192660545,0,1
2018-04-11,2018,17,18,21800.0,22000.0,72408.0,0.0,0.00917431192660545,0,1
2018-04-12,2018,17,18,21900.0,22000.0,22010.0,0.0,0.004566210045662045,0,1
2018-04-13,2018,17,18,21900.0,22000.0,32237.0,0.0,0.004566210045662045,0,1
2018-04-16,2018,17,18,21900.0,22000.0,84263.0,0.0,0.004566210045662045,0,1
2018-04-17,2018,17,18,21950.0,22000.0,16000.0,0.0,0.002277904328018332,0,1
2018-04-18,2018,17,18,22000.0,22000.0,138313.0,0.0,0.0,0,1
2018-04-19,2018,17,18,22000.0,22000.0,31410.0,0.0,0.0,0,1
2018-04-20,2018,17,18,22000.0,22000.0,46100.0,0.0,0.0,0,1
2018-04-23,2018,17,18,22000.0,22000.0,48900.0,0.0,0.0,0,1
2018-04-24,2018,17,18,22000.0,22000.0,67803.0,0.0,0.0,0,1
2018-04-25,2018,17,18,22100.0,22000.0,90797.0,0.0,-0.004524886877828038,0,1
2018-04-26,2018,17,18,22000.0,22000.0,12900.0,0.0,0.0,0,1
2018-04-27,2018,17,18,22000.0,22000.0,232214.0,0.0,0.0,0,1
2018-04-30,2018,17,18,22100.0,22000.0,15272.0,0.0,-0.004524886877828038,0,1
2018-05-02,2018,17,18,22000.0,22000.0,46500.0,0.0,0.0,0,1
2018-05-03,2018,17,18,22000.0,22000.0,13000.0,0.0,0.0,0,1
2018-05-04,2018,17,18,22000.0,22000.0,150470.0,0.0,0.0,0,1
2018-05-08,2018,17,18,22000.0,22000.0,23000.0,0.0,0.0,0,1
2018-05-09,2018,17,18,22000.0,22000.0,54377.0,0.0,0.0,0,1
2018-05-10,2018,17,18,22050.0,22000.0,95902.0,0.0,-0.0022675736961451642,0,1
2018-05-11,2018,17,18,22050.0,22000.0,5086.0,0.0,-0.0022675736961451642,0,1
2018-05-14,2018,17,18,22050.0,22000.0,0.0,0.0,-0.0022675736961451642,0,1
2018-05-15,2018,17,18,22100.0,22000.0,11000.0,0.0,-0.004524886877828038,0,1
2018-05-16,2018,17,18,22150.0,22000.0,46000.0,0.0,-0.006772009029345383,0,1
2018-05-17,2018,17,18,22200.0,22000.0,35001.0,0.0,-0.009009009009009028,0,1
2018-05-18,2018,17,18,22300.0,22000.0,130000.0,0.0,-0.013452914798206317,0,1
2018-05-21,2018,17,18,22400.0,22000.0,15177.0,0.0,-0.017857142857142905,0,1
2018-05-23,2018,17,18,22600.0,22100.0,527000.0,400000.0,-0.02212389380530977,1,1
2018-05-24,2018,17,18,23000.0,22100.0,99000.0,0.0,-0.03913043478260869,0,1
2018-05-25,2018,17,18,25300.0,22200.0,81457.0,0.0,-0.12252964426877466,0,1
2018-05-28,2018,17,18,26000.0,25300.0,3000.0,0.0,-0.02692307692307694,0,1
2018-05-29,2018,17,18,25700.0,25300.0,19300.0,0.0,-0.015564202334630295,0,1
2018-05-30,2018,17,18,23150.0,25300.0,54406.0,0.0,0.09287257019438444,0,1
2018-05-31,2018,17,18,23200.0,25300.0,393389.0,0.0,0.09051724137931028,0,1
2018-06-01,2018,17,18,23000.0,25300.0,296256.0,0.0,0.10000000000000009,0,1
2018-06-04,2018,17,18,22800.0,25300.0,4834386.0,0.0,0.10964912280701755,0,1
2018-06-05,2018,17,18,22650.0,22800.0,915035.0,0.0,0.0066225165562914245,0,1
2018-06-07,2018,17,18,22200.0,22800.0,219351.0,0.0,0.027027027027026973,0,1
2018-06-08,2018,17,18,21700.0,22800.0,513106.0,0.0,0.05069124423963123,0,1
2018-06-11,2018,17,18,21500.0,22800.0,204947.0,29000.0,0.0604651162790697,1,1
2018-06-12,2018,17,18,21500.0,22800.0,230767.0,0.0,0.0604651162790697,0,1
2018-06-14,2018,17,18,21500.0,22800.0,43316.0,0.0,0.0604651162790697,0,1
2018-06-15,2018,17,18,21500.0,22800.0,206687.0,0.0,0.0604651162790697,0,1
2018-06-18,2018,17,18,21700.0,22800.0,19500.0,0.0,0.05069124423963123,0,1
2018-06-19,2018,17,18,21700.0,22800.0,64121.0,0.0,0.05069124423963123,0,1
2018-06-20,2018,17,18,21550.0,22800.0,30098.0,0.0,0.058004640371229765,0,1
2018-06-21,2018,17,18,21600.0,22800.0,262584.0,0.0,0.05555555555555558,0,1
2018-06-22,2018,17,18,21600.0,22800.0,161217.0,0.0,0.05555555555555558,0,1
2018-06-25,2018,17,18,21950.0,22800.0,71996.0,0.0,0.03872437357630987,0,1
2018-06-26,2018,17,18,23000.0,22800.0,37753.0,0.0,-0.008695652173912993,0,1
2018-06-27,2018,17,18,23900.0,22800.0,3724.0,0.0,-0.046025104602510414,0,1
2018-06-28,2018,17,18,26250.0,22800.0,50014.0,0.0,-0.13142857142857145,0,1
2018-06-29,2018,17,18,28000.0,26250.0,102855.0,0.0,-0.0625,0,1
2018-07-02,2018,17,18,28000.0,26250.0,2.0,0.0,-0.0625,0,1
2018-07-03,2018,17,18,28000.0,26250.0,0.0,0.0,-0.0625,0,1
2018-07-04,2018,17,18,28000.0,26250.0,0.0,0.0,-0.0625,0,1
2018-07-05,2018,17,18,28000.0,26250.0,0.0,0.0,-0.0625,0,1
2018-07-06,2018,17,18,28000.0,26250.0,0.0,0.0,-0.0625,0,1
2018-07-09,2018,17,18,28000.0,26250.0,0.0,0.0,-0.0625,0,1
2018-07-10,2018,17,18,28000.0,26250.0,0.0,0.0,-0.0625,0,1
2018-07-11,2018,17,18,28000.0,26250.0,0.0,0.0,-0.0625,0,1
2018-07-12,2018,17,18,28000.0,26250.0,0.0,0.0,-0.0625,0,1
2018-07-13,2018,17,18,28000.0,26250.0,0.0,0.0,-0.0625,0,1
2018-07-16,2018,17,18,28000.0,26250.0,19960.0,0.0,-0.0625,0,1
2018-07-17,2018,17,18,25200.0,26250.0,20000.0,0.0,0.04166666666666674,0,1
2018-07-18,2018,17,18,22700.0,26250.0,6000.0,0.0,0.15638766519823788,0,1
2018-07-19,2018,17,18,22700.0,22700.0,12000.0,0.0,0.0,0,1
2018-07-20,2018,17,18,22700.0,22700.0,12000.0,0.0,0.0,0,1
2018-07-23,2018,17,18,22700.0,22700.0,8643.0,0.0,0.0,0,1
2018-07-24,2018,17,18,22700.0,22700.0,4744.0,0.0,0.0,0,1
2018-07-25,2018,17,18,22700.0,22700.0,10420.0,0.0,0.0,0,1
2018-07-26,2018,17,18,22700.0,22700.0,0.0,0.0,0.0,0,1
2018-07-27,2018,17,18,22700.0,22700.0,0.0,0.0,0.0,0,1
2018-07-30,2018,17,18,22700.0,22700.0,14062.0,0.0,0.0,0,1
2018-07-31,2018,17,18,22500.0,22700.0,57150.0,0.0,0.008888888888888946,0,1
2018-08-01,2018,17,18,22000.0,22700.0,868.0,0.0,0.031818181818181746,0,1
2018-08-02,2018,17,18,21700.0,22700.0,2945.0,0.0,0.04608294930875578,0,1
2018-08-03,2018,17,18,21700.0,22700.0,20533.0,0.0,0.04608294930875578,0,1
2018-08-06,2018,17,18,21700.0,22700.0,17981.0,0.0,0.04608294930875578,0,1
2018-08-07,2018,17,18,21600.0,22700.0,61445.0,0.0,0.05092592592592582,0,1
2018-08-08,2018,17,18,21600.0,22700.0,4839.0,0.0,0.05092592592592582,0,1
2018-08-09,2018,17,18,21600.0,22700.0,850.0,0.0,0.05092592592592582,0,1
2018-11-08,2018,18,19,23200.0,23200.0,0.0,0.0,0.0,0,1
2018-11-08,2018,19,20,23200.0,23200.0,0.0,0.0,0.0,0,1
2018-11-09,2018,18,19,23300.0,23200.0,0.0,0.0,-0.0042918454935622075,0,1
2018-11-09,2018,19,20,23200.0,23200.0,0.0,0.0,0.0,0,1
2018-11-12,2018,18,19,23300.0,23200.0,500000.0,0.0,-0.0042918454935622075,0,1
2018-11-12,2018,19,20,23200.0,23200.0,0.0,0.0,0.0,0,1
2018-11-13,2018,18,19,23300.0,23200.0,0.0,0.0,-0.0042918454935622075,0,1
2018-11-13,2018,19,20,23200.0,23200.0,0.0,0.0,0.0,0,1
2018-11-14,2018,18,19,23300.0,23200.0,10000.0,0.0,-0.0042918454935622075,0,1
2018-11-14,2018,19,20,23200.0,23200.0,0.0,0.0,0.0,0,1
2018-11-15,2018,18,19,23300.0,23200.0,0.0,0.0,-0.0042918454935622075,0,1
2018-11-15,2018,19,20,23200.0,23200.0,0.0,0.0,0.0,0,1
2018-11-16,2018,18,19,23500.0,23200.0,0.0,0.0,-0.012765957446808529,0,1
2018-11-16,2018,19,20,23200.0,23200.0,0.0,0.0,0.0,0,1
2018-11-19,2018,18,19,23500.0,23200.0,0.0,0.0,-0.012765957446808529,0,1
2018-11-19,2018,19,20,23200.0,23200.0,0.0,0.0,0.0,0,1
2018-11-20,2018,18,19,23500.0,23200.0,28000.0,0.0,-0.012765957446808529,0,1
2018-11-20,2018,19,20,23200.0,23200.0,0.0,0.0,0.0,0,1
2018-11-21,2018,18,19,23550.0,23200.0,20000.0,0.0,-0.014861995753715496,0,1
2018-11-21,2018,19,20,23200.0,23200.0,0.0,0.0,0.0,0,1
2018-11-22,2018,18,19,24500.0,23200.0,813.0,0.0,-0.05306122448979589,0,1
2018-11-22,2018,19,20,23200.0,23200.0,0.0,0.0,0.0,0,1
2018-11-23,2018,18,19,24000.0,23200.0,0.0,0.0,-0.033333333333333326,0,1
2018-11-23,2018,19,20,23200.0,23200.0,0.0,0.0,0.0,0,1
2018-11-26,2018,18,19,23500.0,23200.0,3187.0,0.0,-0.012765957446808529,0,1
2018-11-26,2018,19,20,23200.0,23200.0,0.0,0.0,0.0,0,1
2018-11-27,2018,18,19,23500.0,23200.0,0.0,0.0,-0.012765957446808529,0,1
2018-11-27,2018,19,20,23200.0,23200.0,0.0,0.0,0.0,0,1
2018-11-28,2018,18,19,23550.0,23200.0,0.0,0.0,-0.014861995753715496,0,1
2018-11-28,2018,19,20,23200.0,23200.0,0.0,0.0,0.0,0,1
2018-11-29,2018,18,19,24000.0,23200.0,4800.0,0.0,-0.033333333333333326,0,1
2018-11-29,2018,19,20,23200.0,23200.0,0.0,0.0,0.0,0,1
2018-11-30,2018,18,19,24000.0,23200.0,0.0,0.0,-0.033333333333333326,0,1
2018-11-30,2018,19,20,23200.0,23200.0,0.0,0.0,0.0,0,1
2018-12-03,2018,18,19,24000.0,23200.0,0.0,0.0,-0.033333333333333326,0,1
2018-12-03,2018,19,20,23200.0,23200.0,0.0,0.0,0.0,0,1
2018-12-04,2018,18,19,24000.0,23200.0,0.0,0.0,-0.033333333333333326,0,1
2018-12-04,2018,19,20,23200.0,23200.0,0.0,0.0,0.0,0,1
2018-12-05,2018,18,19,24000.0,23200.0,20000.0,0.0,-0.033333333333333326,0,1
2018-12-05,2018,19,20,23200.0,23200.0,0.0,0.0,0.0,0,1
2018-12-06,2018,18,19,24000.0,23200.0,20010.0,0.0,-0.033333333333333326,0,1
2018-12-06,2018,19,20,23200.0,23200.0,0.0,0.0,0.0,0,1
2018-12-07,2018,18,19,24000.0,23200.0,43.0,0.0,-0.033333333333333326,0,1
2018-12-07,2018,19,20,23200.0,23200.0,0.0,0.0,0.0,0,1
2018-12-10,2018,18,19,25000.0,23200.0,0.0,0.0,-0.07199999999999995,0,1
2018-12-10,2018,19,20,23200.0,23200.0,0.0,0.0,0.0,0,1
2018-12-11,2018,18,19,25000.0,23200.0,0.0,0.0,-0.07199999999999995,0,1
2018-12-11,2018,19,20,23200.0,23200.0,0.0,0.0,0.0,0,1
2018-12-12,2018,18,19,25000.0,23200.0,0.0,0.0,-0.07199999999999995,0,1
2018-12-12,2018,19,20,23200.0,23200.0,0.0,0.0,0.0,0,1
2018-12-13,2018,18,19,25000.0,23200.0,0.0,0.0,-0.07199999999999995,0,1
2018-12-13,2018,19,20,23200.0,23200.0,0.0,0.0,0.0,0,1
2018-12-14,2018,18,19,25000.0,23200.0,0.0,0.0,-0.07199999999999995,0,1
2018-12-14,2018,19,20,23200.0,23200.0,0.0,0.0,0.0,0,1
2018-12-17,2018,18,19,25000.0,23200.0,50000.0,0.0,-0.07199999999999995,0,1
2018-12-17,2018,19,20,23200.0,23200.0,0.0,0.0,0.0,0,1
2018-12-18,2018,18,19,25000.0,23200.0,0.0,0.0,-0.07199999999999995,0,1
2018-12-18,2018,19,20,23200.0,23200.0,0.0,0.0,0.0,0,1
2018-12-19,2018,18,19,24000.0,23200.0,23500.0,0.0,-0.033333333333333326,0,1
2018-12-19,2018,19,20,23200.0,23200.0,0.0,0.0,0.0,0,1
2018-12-20,2018,18,19,24000.0,23200.0,0.0,0.0,-0.033333333333333326,0,1
2018-12-20,2018,19,20,23200.0,23200.0,0.0,0.0,0.0,0,1
2018-12-21,2018,18,19,24000.0,23200.0,0.0,0.0,-0.033333333333333326,0,1
2018-12-21,2018,19,20,23200.0,23200.0,0.0,0.0,0.0,0,1
2018-12-24,2018,18,19,25000.0,23200.0,0.0,0.0,-0.07199999999999995,0,1
2018-12-24,2018,19,20,23200.0,23200.0,0.0,0.0,0.0,0,1
2018-12-26,2018,18,19,25000.0,23200.0,0.0,0.0,-0.07199999999999995,0,1
2018-12-26,2018,19,20,23200.0,23200.0,0.0,0.0,0.0,0,1
2018-12-27,2018,18,19,25000.0,23200.0,0.0,0.0,-0.07199999999999995,0,1
2018-12-27,2018,19,20,23200.0,23200.0,0.0,0.0,0.0,0,1
2018-12-28,2018,18,19,25000.0,23200.0,0.0,0.0,-0.07199999999999995,0,1
2018-12-28,2018,19,20,23200.0,23200.0,0.0,0.0,0.0,0,1
2019-01-02,2019,18,19,25000.0,23200.0,0.0,0.0,-0.07199999999999995,0,1
2019-01-02,2019,19,20,23200.0,23200.0,0.0,0.0,0.0,0,1
2019-01-03,2019,18,19,25000.0,23200.0,0.0,0.0,-0.07199999999999995,0,1
2019-01-03,2019,19,20,23200.0,23200.0,0.0,0.0,0.0,0,1
2019-01-04,2019,18,19,25000.0,23200.0,0.0,0.0,-0.07199999999999995,0,1
2019-01-04,2019,19,20,23200.0,23200.0,0.0,0.0,0.0,0,1
2019-01-07,2019,18,19,25000.0,23200.0,0.0,0.0,-0.07199999999999995,0,1
2019-01-07,2019,19,20,23200.0,23200.0,0.0,0.0,0.0,0,1
2019-01-08,2019,18,19,25000.0,23200.0,0.0,0.0,-0.07199999999999995,0,1
2019-01-08,2019,19,20,23200.0,23200.0,0.0,0.0,0.0,0,1
2019-01-09,2019,18,19,25000.0,23200.0,20000.0,0.0,-0.07199999999999995,0,1
2019-01-09,2019,19,20,23200.0,23200.0,0.0,0.0,0.0,0,1
2019-01-10,2019,18,19,25000.0,23200.0,0.0,0.0,-0.07199999999999995,0,1
2019-01-10,2019,19,20,23200.0,23200.0,0.0,0.0,0.0,0,1
2019-01-11,2019,18,19,25000.0,23200.0,0.0,0.0,-0.07199999999999995,0,1
2019-01-11,2019,19,20,23200.0,23200.0,0.0,0.0,0.0,0,1
2019-01-14,2019,18,19,25000.0,23200.0,0.0,0.0,-0.07199999999999995,0,1
2019-01-14,2019,19,20,23200.0,23200.0,0.0,0.0,0.0,0,1
2019-01-15,2019,18,19,25000.0,23200.0,0.0,0.0,-0.07199999999999995,0,1
2019-01-15,2019,19,20,23200.0,23200.0,0.0,0.0,0.0,0,1
2019-01-16,2019,18,19,25000.0,23200.0,0.0,0.0,-0.07199999999999995,0,1
2019-01-16,2019,19,20,23200.0,23200.0,0.0,0.0,0.0,0,1
2019-01-17,2019,18,19,25000.0,23200.0,0.0,0.0,-0.07199999999999995,0,1
2019-01-17,2019,19,20,23200.0,23200.0,0.0,0.0,0.0,0,1
2019-01-18,2019,18,19,25000.0,23200.0,0.0,0.0,-0.07199999999999995,0,1
2019-01-18,2019,19,20,23200.0,23200.0,0.0,0.0,0.0,0,1
2019-01-21,2019,18,19,25000.0,23200.0,0.0,0.0,-0.07199999999999995,0,1
2019-01-21,2019,19,20,23200.0,23200.0,0.0,0.0,0.0,0,1
2019-01-22,2019,18,19,25000.0,23200.0,0.0,100000.0,-0.07199999999999995,0,1
2019-01-22,2019,19,20,23200.0,23200.0,100000.0,0.0,0.0,0,1
2019-01-23,2019,18,19,25000.0,23200.0,20000.0,0.0,-0.07199999999999995,0,1
2019-01-23,2019,19,20,23200.0,23200.0,0.0,0.0,0.0,0,1
2019-01-24,2019,18,19,25000.0,23200.0,0.0,0.0,-0.07199999999999995,0,1
2019-01-24,2019,19,20,23200.0,23200.0,0.0,0.0,0.0,0,1
2019-01-25,2019,18,19,25500.0,23200.0,10000.0,0.0,-0.09019607843137256,0,1
2019-01-25,2019,19,20,23200.0,23200.0,0.0,0.0,0.0,0,1
2019-01-28,2019,18,19,25500.0,23200.0,0.0,99000.0,-0.09019607843137256,0,1
2019-01-28,2019,19,20,23200.0,23200.0,99000.0,0.0,0.0,0,1
2019-01-29,2019,18,19,25500.0,23200.0,500.0,38000.0,-0.09019607843137256,1,1
2019-01-29,2019,19,20,23200.0,23200.0,38000.0,0.0,0.0,0,1
2019-01-30,2019,18,19,25500.0,23200.0,39500.0,0.0,-0.09019607843137256,0,1
2019-01-30,2019,19,20,23200.0,23200.0,0.0,0.0,0.0,0,1
2019-01-31,2019,18,19,25500.0,23200.0,0.0,0.0,-0.09019607843137256,0,1
2019-01-31,2019,19,20,23200.0,23200.0,0.0,0.0,0.0,0,1
2019-02-01,2019,18,19,25500.0,23200.0,0.0,0.0,-0.09019607843137256,0,1
2019-02-01,2019,19,20,23200.0,23200.0,0.0,0.0,0.0,0,1
2019-02-07,2019,18,19,25500.0,23200.0,0.0,0.0,-0.09019607843137256,0,1
2019-02-07,2019,19,20,23200.0,23200.0,0.0,0.0,0.0,0,1
2019-02-08,2019,18,19,25500.0,23200.0,20000.0,0.0,-0.09019607843137256,0,1
2019-02-08,2019,19,20,23200.0,23200.0,0.0,0.0,0.0,0,1
2019-02-11,2019,18,19,25500.0,25000.0,0.0,0.0,-0.019607843137254943,0,1
2019-02-11,2019,19,20,25000.0,23200.0,0.0,0.0,-0.07199999999999995,0,1
2019-02-12,2019,18,19,25550.0,25000.0,0.0,0.0,-0.021526418786692814,0,1
2019-02-12,2019,19,20,25000.0,23200.0,0.0,0.0,-0.07199999999999995,0,1
2019-02-13,2019,18,19,25550.0,25000.0,0.0,0.0,-0.021526418786692814,0,1
2019-02-13,2019,19,20,25000.0,23200.0,0.0,0.0,-0.07199999999999995,0,1
2019-02-14,2019,18,19,27050.0,25000.0,50000.0,0.0,-0.07578558225508314,0,1
2019-02-14,2019,19,20,25000.0,23200.0,0.0,0.0,-0.07199999999999995,0,1
2019-02-15,2019,18,19,27050.0,25000.0,0.0,0.0,-0.07578558225508314,0,1
2019-02-15,2019,19,20,25000.0,27050.0,0.0,0.0,0.08200000000000007,0,1
2019-02-18,2019,18,19,27000.0,25000.0,11000.0,0.0,-0.07407407407407407,0,1
2019-02-18,2019,19,20,25000.0,27050.0,0.0,0.0,0.08200000000000007,0,1
2019-02-19,2019,18,19,27000.0,25050.0,49000.0,0.0,-0.07222222222222219,0,1
2019-02-19,2019,19,20,25050.0,27050.0,0.0,0.0,0.07984031936127733,0,1
2019-02-20,2019,18,19,26000.0,26000.0,17000.0,45000.0,0.0,1,1
2019-02-20,2019,19,20,26000.0,27050.0,45000.0,0.0,0.04038461538461546,0,1
2019-02-21,2019,18,19,26000.0,26000.0,12946.0,0.0,0.0,0,1
2019-02-21,2019,19,20,26000.0,27050.0,0.0,0.0,0.04038461538461546,0,1
2019-02-22,2019,18,19,26000.0,26050.0,83286.0,0.0,0.0019230769230769162,0,1
2019-02-22,2019,19,20,26050.0,27050.0,0.0,0.0,0.03838771593090207,0,1
2019-02-25,2019,18,19,26000.0,26050.0,0.0,0.0,0.0019230769230769162,0,1
2019-02-25,2019,19,20,26050.0,27050.0,0.0,0.0,0.03838771593090207,0,1
2019-02-26,2019,18,19,26050.0,26050.0,0.0,0.0,0.0,0,1
2019-02-26,2019,19,20,26050.0,27050.0,0.0,0.0,0.03838771593090207,0,1
2019-02-27,2019,18,19,26150.0,26050.0,30000.0,0.0,-0.003824091778202643,0,1
2019-02-27,2019,19,20,26050.0,27050.0,0.0,0.0,0.03838771593090207,0,1
2019-02-28,2019,18,19,26500.0,26050.0,0.0,0.0,-0.016981132075471694,0,1
2019-02-28,2019,19,20,26050.0,27050.0,0.0,0.0,0.03838771593090207,0,1
2019-03-04,2019,18,19,26500.0,26050.0,0.0,0.0,-0.016981132075471694,0,1
2019-03-04,2019,19,20,26050.0,27050.0,0.0,0.0,0.03838771593090207,0,1
2019-03-05,2019,18,19,26500.0,26050.0,0.0,0.0,-0.016981132075471694,0,1
2019-03-05,2019,19,20,26050.0,27050.0,0.0,0.0,0.03838771593090207,0,1
2019-03-06,2019,18,19,26500.0,26050.0,0.0,0.0,-0.016981132075471694,0,1
2019-03-06,2019,19,20,26050.0,27050.0,0.0,0.0,0.03838771593090207,0,1
2019-03-07,2019,18,19,26500.0,26050.0,3479.0,0.0,-0.016981132075471694,0,1
2019-03-07,2019,19,20,26050.0,27050.0,0.0,0.0,0.03838771593090207,0,1
2019-03-08,2019,18,19,26500.0,26050.0,23183.0,0.0,-0.016981132075471694,0,1
2019-03-08,2019,19,20,26050.0,27050.0,0.0,0.0,0.03838771593090207,0,1
2019-03-11,2019,18,19,26500.0,26050.0,170000.0,0.0,-0.016981132075471694,0,1
2019-03-11,2019,19,20,26050.0,27050.0,0.0,0.0,0.03838771593090207,0,1
2019-03-12,2019,18,19,26500.0,26050.0,103000.0,0.0,-0.016981132075471694,0,1
2019-03-12,2019,19,20,26050.0,27050.0,0.0,0.0,0.03838771593090207,0,1
2019-03-13,2019,18,19,26500.0,26050.0,0.0,0.0,-0.016981132075471694,0,1
2019-03-13,2019,19,20,26050.0,27050.0,0.0,0.0,0.03838771593090207,0,1
2019-03-14,2019,18,19,26500.0,26050.0,0.0,0.0,-0.016981132075471694,0,1
2019-03-14,2019,19,20,26050.0,27050.0,0.0,0.0,0.03838771593090207,0,1
2019-03-15,2019,18,19,26500.0,26050.0,338.0,0.0,-0.016981132075471694,0,1
2019-03-15,2019,19,20,26050.0,27050.0,0.0,0.0,0.03838771593090207,0,1
2019-03-18,2019,18,19,26500.0,26050.0,0.0,0.0,-0.016981132075471694,0,1
2019-03-18,2019,19,20,26050.0,27050.0,0.0,0.0,0.03838771593090207,0,1
2019-03-19,2019,18,19,26500.0,26050.0,0.0,0.0,-0.016981132075471694,0,1
2019-03-19,2019,19,20,26050.0,27050.0,0.0,0.0,0.03838771593090207,0,1
2019-03-20,2019,18,19,26500.0,26050.0,0.0,0.0,-0.016981132075471694,0,1
2019-03-20,2019,19,20,26050.0,27050.0,0.0,0.0,0.03838771593090207,0,1
2019-03-21,2019,18,19,26500.0,26050.0,0.0,0.0,-0.016981132075471694,0,1
2019-03-21,2019,19,20,26050.0,27050.0,0.0,0.0,0.03838771593090207,0,1
2019-03-22,2019,18,19,26500.0,26100.0,0.0,0.0,-0.015094339622641506,0,1
2019-03-22,2019,19,20,26100.0,27050.0,0.0,0.0,0.03639846743295028,0,1
2019-03-25,2019,18,19,26500.0,26100.0,0.0,0.0,-0.015094339622641506,0,1
2019-03-25,2019,19,20,26100.0,27050.0,0.0,0.0,0.03639846743295028,0,1
2019-03-26,2019,18,19,26500.0,26100.0,30000.0,0.0,-0.015094339622641506,0,1
2019-03-26,2019,19,20,26100.0,27050.0,0.0,0.0,0.03639846743295028,0,1
2019-03-27,2019,18,19,26600.0,26550.0,0.0,0.0,-0.001879699248120259,0,1
2019-03-27,2019,19,20,26550.0,27050.0,0.0,0.0,0.01883239171374762,0,1
2019-03-28,2019,18,19,26650.0,26550.0,0.0,0.0,-0.0037523452157598447,0,1
2019-03-28,2019,19,20,26550.0,27050.0,0.0,0.0,0.01883239171374762,0,1
2019-03-29,2019,18,19,26650.0,26550.0,0.0,0.0,-0.0037523452157598447,0,1
2019-03-29,2019,19,20,26550.0,27050.0,0.0,0.0,0.01883239171374762,0,1
2019-04-01,2019,18,19,26650.0,26550.0,0.0,0.0,-0.0037523452157598447,0,1
2019-04-01,2019,19,20,26550.0,27050.0,0.0,0.0,0.01883239171374762,0,1
2019-04-02,2019,18,19,26650.0,26550.0,0.0,0.0,-0.0037523452157598447,0,1
2019-04-02,2019,19,20,26550.0,27050.0,0.0,0.0,0.01883239171374762,0,1
2019-04-03,2019,18,19,26700.0,26600.0,0.0,0.0,-0.0037453183520599342,0,1
2019-04-03,2019,19,20,26600.0,27050.0,0.0,0.0,0.016917293233082775,0,1
2019-04-04,2019,18,19,26700.0,26600.0,0.0,0.0,-0.0037453183520599342,0,1
2019-04-04,2019,19,20,26600.0,27050.0,0.0,0.0,0.016917293233082775,0,1
2019-04-05,2019,18,19,27000.0,26600.0,1500.0,0.0,-0.014814814814814836,0,1
2019-04-05,2019,19,20,26600.0,27050.0,0.0,0.0,0.016917293233082775,0,1
2019-04-08,2019,18,19,27600.0,26600.0,3000.0,0.0,-0.036231884057971064,0,1
2019-04-08,2019,19,20,26600.0,27050.0,0.0,0.0,0.016917293233082775,0,1
2019-04-09,2019,18,19,27600.0,26600.0,0.0,0.0,-0.036231884057971064,0,1
2019-04-09,2019,19,20,26600.0,27050.0,0.0,0.0,0.016917293233082775,0,1
2019-04-10,2019,18,19,27600.0,26600.0,0.0,0.0,-0.036231884057971064,0,1
2019-04-10,2019,19,20,26600.0,27050.0,0.0,0.0,0.016917293233082775,0,1
2019-04-11,2019,18,19,27600.0,26600.0,0.0,0.0,-0.036231884057971064,0,1
2019-04-11,2019,19,20,26600.0,27050.0,0.0,0.0,0.016917293233082775,0,1
2019-04-12,2019,18,19,27600.0,26600.0,0.0,0.0,-0.036231884057971064,0,1
2019-04-12,2019,19,20,26600.0,27050.0,0.0,0.0,0.016917293233082775,0,1
2019-04-15,2019,18,19,27600.0,26600.0,0.0,0.0,-0.036231884057971064,0,1
2019-04-15,2019,19,20,26600.0,27050.0,0.0,0.0,0.016917293233082775,0,1
2019-04-16,2019,18,19,27600.0,26600.0,0.0,0.0,-0.036231884057971064,0,1
2019-04-16,2019,19,20,26600.0,27050.0,0.0,0.0,0.016917293233082775,0,1
2019-04-17,2019,18,19,27600.0,26600.0,0.0,0.0,-0.036231884057971064,0,1
2019-04-17,2019,19,20,26600.0,27050.0,0.0,0.0,0.016917293233082775,0,1
2019-04-18,2019,18,19,27650.0,26600.0,0.0,0.0,-0.03797468354430378,0,1
2019-04-18,2019,19,20,26600.0,27050.0,0.0,0.0,0.016917293233082775,0,1
2019-04-19,2019,18,19,27900.0,26600.0,10000.0,0.0,-0.04659498207885304,0,1
2019-04-19,2019,19,20,26600.0,27050.0,0.0,0.0,0.016917293233082775,0,1
2019-04-22,2019,18,19,27900.0,26600.0,10000.0,0.0,-0.04659498207885304,0,1
2019-04-22,2019,19,20,26600.0,27050.0,0.0,0.0,0.016917293233082775,0,1
2019-04-23,2019,18,19,27900.0,26600.0,47000.0,0.0,-0.04659498207885304,0,1
2019-04-23,2019,19,20,26600.0,27050.0,0.0,0.0,0.016917293233082775,0,1
2019-04-24,2019,18,19,28000.0,27000.0,10000.0,0.0,-0.0357142857142857,0,1
2019-04-24,2019,19,20,27000.0,27050.0,0.0,0.0,0.0018518518518517713,0,1
2019-04-25,2019,18,19,28900.0,27500.0,18000.0,0.0,-0.04844290657439443,0,1
2019-04-25,2019,19,20,27500.0,27050.0,0.0,0.0,-0.016363636363636358,0,1
2019-04-26,2019,18,19,29000.0,27500.0,4000.0,0.0,-0.051724137931034475,0,1
2019-04-26,2019,19,20,27500.0,27050.0,0.0,0.0,-0.016363636363636358,0,1
2019-04-29,2019,18,19,28100.0,27500.0,20000.0,0.0,-0.02135231316725983,0,1
2019-04-29,2019,19,20,27500.0,27050.0,0.0,0.0,-0.016363636363636358,0,1
2019-04-30,2019,18,19,28300.0,27500.0,26200.0,0.0,-0.028268551236749095,0,1
2019-04-30,2019,19,20,27500.0,27050.0,0.0,0.0,-0.016363636363636358,0,1
2019-05-02,2019,18,19,29000.0,27500.0,16252.0,0.0,-0.051724137931034475,0,1
2019-05-02,2019,19,20,27500.0,27050.0,0.0,0.0,-0.016363636363636358,0,1
2019-05-03,2019,18,19,29000.0,27500.0,106129.0,0.0,-0.051724137931034475,0,1
2019-05-03,2019,19,20,27500.0,27050.0,0.0,0.0,-0.016363636363636358,0,1
2019-05-07,2019,18,19,29000.0,27600.0,5119.0,0.0,-0.0482758620689655,0,1
2019-05-07,2019,19,20,27600.0,27050.0,0.0,0.0,-0.019927536231884035,0,1
2019-05-08,2019,18,19,29200.0,27600.0,14990.0,0.0,-0.0547945205479452,0,1
2019-05-08,2019,19,20,27600.0,27050.0,0.0,0.0,-0.019927536231884035,0,1
2019-05-09,2019,18,19,29300.0,27600.0,66881.0,0.0,-0.058020477815699634,0,1
2019-05-09,2019,19,20,27600.0,27050.0,0.0,0.0,-0.019927536231884035,0,1
2019-05-10,2019,18,19,29000.0,27900.0,94500.0,0.0,-0.037931034482758585,0,1
2019-05-10,2019,19,20,27900.0,27050.0,0.0,0.0,-0.03046594982078854,0,1
2019-05-13,2019,18,19,28500.0,27900.0,25600.0,0.0,-0.021052631578947323,0,1
2019-05-13,2019,19,20,27900.0,27050.0,0.0,0.0,-0.03046594982078854,0,1
2019-05-14,2019,18,19,28200.0,27900.0,43100.0,0.0,-0.010638297872340385,0,1
2019-05-14,2019,19,20,27900.0,27050.0,0.0,0.0,-0.03046594982078854,0,1
2019-05-15,2019,18,19,28000.0,27900.0,3590.0,0.0,-0.0035714285714285587,0,1
2019-05-15,2019,19,20,27900.0,27050.0,0.0,0.0,-0.03046594982078854,0,1
2019-05-16,2019,18,19,27950.0,27900.0,39978.0,0.0,-0.0017889087656529634,0,1
2019-05-16,2019,19,20,27900.0,27050.0,0.0,0.0,-0.03046594982078854,0,1
2019-05-17,2019,18,19,27000.0,27900.0,123191.0,0.0,0.03333333333333344,0,1
2019-05-17,2019,19,20,27900.0,27050.0,0.0,0.0,-0.03046594982078854,0,1
2019-05-20,2019,18,19,25500.0,27900.0,41799.0,0.0,0.09411764705882364,0,1
2019-05-20,2019,19,20,27900.0,27050.0,0.0,0.0,-0.03046594982078854,0,1
2019-05-21,2019,18,19,25700.0,27900.0,114576.0,40000.0,0.08560311284046684,1,1
2019-05-21,2019,19,20,27900.0,27050.0,40000.0,0.0,-0.03046594982078854,0,1
2019-05-22,2019,18,19,26550.0,27900.0,16000.0,0.0,0.05084745762711873,0,1
2019-05-22,2019,19,20,27900.0,27050.0,0.0,0.0,-0.03046594982078854,0,1
2019-05-23,2019,18,19,27000.0,27900.0,37500.0,0.0,0.03333333333333344,0,1
2019-05-23,2019,19,20,27900.0,27050.0,0.0,0.0,-0.03046594982078854,0,1
2019-05-24,2019,18,19,27000.0,27900.0,60400.0,0.0,0.03333333333333344,0,1
2019-05-24,2019,19,20,27900.0,27050.0,0.0,0.0,-0.03046594982078854,0,1
2019-05-27,2019,18,19,27000.0,27900.0,1576.0,0.0,0.03333333333333344,0,1
2019-05-27,2019,19,20,27900.0,27050.0,0.0,0.0,-0.03046594982078854,0,1
2019-05-28,2019,18,19,27300.0,27900.0,12652.0,0.0,0.0219780219780219,0,1
2019-05-28,2019,19,20,27900.0,27050.0,0.0,0.0,-0.03046594982078854,0,1
2019-05-29,2019,18,19,27000.0,27900.0,41452.0,0.0,0.03333333333333344,0,1
2019-05-29,2019,19,20,27900.0,27050.0,0.0,0.0,-0.03046594982078854,0,1
2019-05-30,2019,18,19,27000.0,27500.0,415000.0,500.0,0.0185185185185186,1,1
2019-05-30,2019,19,20,27500.0,27050.0,500.0,0.0,-0.016363636363636358,0,1
2019-05-31,2019,18,19,27500.0,27500.0,12552.0,0.0,0.0,0,1
2019-05-31,2019,19,20,27500.0,27050.0,0.0,0.0,-0.016363636363636358,0,1
2019-06-03,2019,18,19,27800.0,27500.0,5000.0,0.0,-0.010791366906474864,0,1
2019-06-03,2019,19,20,27500.0,27050.0,0.0,0.0,-0.016363636363636358,0,1
2019-06-04,2019,18,19,27800.0,27500.0,31661.0,0.0,-0.010791366906474864,0,1
2019-06-04,2019,19,20,27500.0,27050.0,0.0,0.0,-0.016363636363636358,0,1
2019-06-05,2019,18,19,27000.0,27500.0,84085.0,0.0,0.0185185185185186,0,1
2019-06-05,2019,19,20,27500.0,27050.0,0.0,0.0,-0.016363636363636358,0,1
2019-06-07,2019,18,19,27000.0,27500.0,78400.0,0.0,0.0185185185185186,0,1
2019-06-07,2019,19,20,27500.0,27050.0,0.0,0.0,-0.016363636363636358,0,1
2019-06-10,2019,18,19,26900.0,27500.0,118149.0,100000.0,0.02230483271375472,1,1
2019-06-10,2019,19,20,27500.0,27050.0,100000.0,0.0,-0.016363636363636358,0,1
2019-06-11,2019,18,19,27000.0,27500.0,16293.0,2000.0,0.0185185185185186,1,1
2019-06-11,2019,19,20,27500.0,27050.0,2000.0,0.0,-0.016363636363636358,0,1
2019-06-12,2019,18,19,27300.0,27500.0,13381.0,0.0,0.0073260073260073,0,1
2019-06-12,2019,19,20,27500.0,27050.0,0.0,0.0,-0.016363636363636358,0,1
2019-06-13,2019,18,19,27300.0,27500.0,18000.0,0.0,0.0073260073260073,0,1
2019-06-13,2019,19,20,27500.0,27050.0,0.0,0.0,-0.016363636363636358,0,1
2019-06-14,2019,18,19,27400.0,27800.0,147357.0,1000.0,0.014598540145985384,1,1
2019-06-14,2019,19,20,27800.0,27050.0,1000.0,0.0,-0.026978417266187105,0,1
2019-06-17,2019,18,19,27500.0,27800.0,47783.0,0.0,0.01090909090909098,0,1
2019-06-17,2019,19,20,27800.0,28000.0,0.0,0.0,0.007194244604316502,0,1
2019-06-18,2019,18,19,27650.0,28300.0,12000.0,2000.0,0.02350813743218816,1,1
2019-06-18,2019,19,20,28300.0,28000.0,2000.0,0.0,-0.010600706713780883,0,1
2019-06-19,2019,18,19,27750.0,28300.0,7796.0,0.0,0.01981981981981984,0,1
2019-06-19,2019,19,20,28300.0,28000.0,0.0,0.0,-0.010600706713780883,0,1
2019-06-20,2019,18,19,27800.0,28300.0,2200.0,0.0,0.017985611510791477,0,1
2019-06-20,2019,19,20,28300.0,28000.0,0.0,0.0,-0.010600706713780883,0,1
2019-06-21,2019,18,19,28000.0,28500.0,72884.0,500.0,0.017857142857142794,1,1
2019-06-21,2019,19,20,28500.0,28000.0,500.0,0.0,-0.01754385964912286,0,1
2019-06-24,2019,18,19,28000.0,28500.0,107896.0,0.0,0.017857142857142794,0,1
2019-06-24,2019,19,20,28500.0,28000.0,0.0,0.0,-0.01754385964912286,0,1
2019-06-25,2019,18,19,28150.0,28500.0,44013.0,0.0,0.01243339253996445,0,1
2019-06-25,2019,19,20,28500.0,28000.0,0.0,0.0,-0.01754385964912286,0,1
2019-06-26,2019,18,19,28100.0,28500.0,64623.0,8500.0,0.014234875444839812,1,1
2019-06-26,2019,19,20,28500.0,28000.0,8500.0,0.0,-0.01754385964912286,0,1
2019-06-27,2019,18,19,28100.0,28500.0,30743.0,0.0,0.014234875444839812,0,1
2019-06-27,2019,19,20,28500.0,28000.0,0.0,0.0,-0.01754385964912286,0,1
2019-06-28,2019,18,19,28050.0,28100.0,33037.0,4000.0,0.0017825311942958333,1,1
2019-06-28,2019,19,20,28100.0,28000.0,4000.0,0.0,-0.003558718861209953,0,1
2019-07-01,2019,18,19,28050.0,28150.0,5000.0,2000.0,0.0035650623885918886,1,1
2019-07-01,2019,19,20,28150.0,28000.0,2000.0,0.0,-0.005328596802841923,0,1
2019-07-02,2019,18,19,28100.0,28150.0,18313.0,1500.0,0.001779359430605032,1,1
2019-07-02,2019,19,20,28150.0,28000.0,1500.0,0.0,-0.005328596802841923,0,1
2019-07-03,2019,18,19,28100.0,28100.0,9100.0,6000.0,0.0,1,1
2019-07-03,2019,19,20,28100.0,28000.0,6000.0,0.0,-0.003558718861209953,0,1
2019-07-04,2019,18,19,28150.0,28150.0,161994.0,1500.0,0.0,1,1
2019-07-04,2019,19,20,28150.0,28000.0,1500.0,0.0,-0.005328596802841923,0,1
2019-07-05,2019,18,19,28150.0,28150.0,18500.0,5000.0,0.0,1,1
2019-07-05,2019,19,20,28150.0,28000.0,5000.0,0.0,-0.005328596802841923,0,1
2019-07-08,2019,18,19,28200.0,28200.0,230061.0,3000.0,0.0,1,1
2019-07-08,2019,19,20,28200.0,28000.0,3000.0,0.0,-0.007092198581560294,0,1
2019-07-09,2019,18,19,28200.0,28200.0,54656.0,1500.0,0.0,1,1
2019-07-09,2019,19,20,28200.0,28000.0,1500.0,0.0,-0.007092198581560294,0,1
2019-07-10,2019,18,19,28200.0,28200.0,63058.0,2000.0,0.0,1,1
2019-07-10,2019,19,20,28200.0,28000.0,2000.0,0.0,-0.007092198581560294,0,1
2019-07-11,2019,18,19,28200.0,28200.0,0.0,3000.0,0.0,0,1
2019-07-11,2019,19,20,28200.0,28000.0,3000.0,0.0,-0.007092198581560294,0,1
2019-07-12,2019,18,19,28200.0,28200.0,2000.0,4000.0,0.0,1,1
2019-07-12,2019,19,20,28200.0,28000.0,4000.0,0.0,-0.007092198581560294,0,1
2019-07-15,2019,18,19,28300.0,28200.0,5840.0,4000.0,-0.0035335689045936647,1,1
2019-07-15,2019,19,20,28200.0,28000.0,4000.0,0.0,-0.007092198581560294,0,1
2019-07-16,2019,18,19,28250.0,28250.0,64068.0,13000.0,0.0,1,1
2019-07-16,2019,19,20,28250.0,28000.0,13000.0,0.0,-0.008849557522123908,0,1
2019-07-17,2019,18,19,28250.0,28300.0,79125.0,7000.0,0.001769911504424737,1,1
2019-07-17,2019,19,20,28300.0,28000.0,7000.0,0.0,-0.010600706713780883,0,1
2019-07-18,2019,18,19,28350.0,28350.0,2729.0,1500.0,0.0,1,1
2019-07-18,2019,19,20,28350.0,28000.0,1500.0,0.0,-0.012345679012345734,0,1
2019-07-19,2019,18,19,28400.0,28400.0,10727.0,9000.0,0.0,1,1
2019-07-19,2019,19,20,28400.0,28000.0,9000.0,0.0,-0.014084507042253502,0,1
2019-07-22,2019,18,19,28400.0,28400.0,7000.0,9500.0,0.0,1,1
2019-07-22,2019,19,20,28400.0,28000.0,9500.0,0.0,-0.014084507042253502,0,1
2019-07-23,2019,18,19,28600.0,28400.0,9104.0,7000.0,-0.006993006993006978,1,1
2019-07-23,2019,19,20,28400.0,28000.0,7000.0,0.0,-0.014084507042253502,0,1
2019-07-24,2019,18,19,28400.0,28500.0,42626.0,8500.0,0.0035211267605634866,1,1
2019-07-24,2019,19,20,28500.0,28000.0,8500.0,0.0,-0.01754385964912286,0,1
2019-07-25,2019,18,19,28450.0,28500.0,165155.0,11500.0,0.0017574692442883233,1,1
2019-07-25,2019,19,20,28500.0,28000.0,11500.0,0.0,-0.01754385964912286,0,1
2019-07-26,2019,18,19,28500.0,28500.0,30000.0,5000.0,0.0,1,1
2019-07-26,2019,19,20,28500.0,28000.0,5000.0,0.0,-0.01754385964912286,0,1
2019-07-29,2019,18,19,28500.0,28550.0,245462.0,8000.0,0.0017543859649122862,1,1
2019-07-29,2019,19,20,28550.0,28000.0,8000.0,0.0,-0.019264448336252182,0,1
2019-07-30,2019,18,19,28600.0,28600.0,3000.0,15000.0,0.0,1,1
2019-07-30,2019,19,20,28600.0,28000.0,15000.0,0.0,-0.020979020979020935,0,1
2019-07-31,2019,18,19,28600.0,28550.0,30000.0,74000.0,-0.0017482517482517723,1,1
2019-07-31,2019,19,20,28550.0,28000.0,74000.0,0.0,-0.019264448336252182,0,1
2019-08-01,2019,18,19,28600.0,28550.0,0.0,0.0,-0.0017482517482517723,0,1
2019-08-01,2019,19,20,28550.0,28000.0,0.0,0.0,-0.019264448336252182,0,1
2019-08-02,2019,18,19,28600.0,28600.0,6918.0,3500.0,0.0,1,1
2019-08-02,2019,19,20,28600.0,28000.0,3500.0,0.0,-0.020979020979020935,0,1
2019-08-05,2019,18,19,28600.0,28650.0,22565.0,3500.0,0.0017482517482516613,1,1
2019-08-05,2019,19,20,28650.0,28000.0,3500.0,0.0,-0.022687609075043635,0,1
2019-08-06,2019,18,19,28600.0,28700.0,16975.0,4500.0,0.0034965034965035446,1,1
2019-08-06,2019,19,20,28700.0,28000.0,4500.0,0.0,-0.024390243902439046,0,1
2019-08-07,2019,18,19,28650.0,28650.0,10649.0,3500.0,0.0,1,1
2019-08-07,2019,19,20,28650.0,28000.0,3500.0,0.0,-0.022687609075043635,0,1
2019-08-08,2019,18,19,28700.0,28700.0,155291.0,3500.0,0.0,1,1
2019-08-08,2019,19,20,28700.0,28000.0,3500.0,0.0,-0.024390243902439046,0,1
2019-08-09,2019,18,19,28800.0,28750.0,81688.0,3500.0,-0.0017361111111111605,1,1
2019-08-09,2019,19,20,28750.0,28000.0,3500.0,0.0,-0.02608695652173909,0,1
2019-08-12,2019,18,19,29500.0,29000.0,87579.0,3500.0,-0.016949152542372836,1,1
2019-08-12,2019,19,20,29000.0,28000.0,3500.0,0.0,-0.03448275862068961,0,1
2019-08-13,2019,18,19,30000.0,29050.0,35724.0,1500.0,-0.03166666666666662,1,1
2019-08-13,2019,19,20,29050.0,28000.0,1500.0,0.0,-0.03614457831325302,0,1
2019-08-14,2019,18,19,30500.0,30200.0,16406.0,3000.0,-0.00983606557377048,1,1
2019-08-14,2019,19,20,30200.0,28000.0,3000.0,0.0,-0.07284768211920534,0,1
2019-08-16,2019,18,19,29900.0,29600.0,6500.0,3500.0,-0.010033444816053505,1,1
2019-08-16,2019,19,20,29600.0,28000.0,3500.0,0.0,-0.05405405405405406,0,1
2019-08-19,2019,18,19,29900.0,29800.0,9500.0,3500.0,-0.0033444816053511683,1,1
2019-08-19,2019,19,20,29800.0,28000.0,3500.0,0.0,-0.06040268456375841,0,1
2019-08-20,2019,18,19,29100.0,29000.0,15705.0,6500.0,-0.0034364261168384758,1,1
2019-08-20,2019,19,20,29000.0,28000.0,6500.0,0.0,-0.03448275862068961,0,1
2019-08-21,2019,18,19,29400.0,29000.0,13344.0,6500.0,-0.013605442176870763,1,1
2019-08-21,2019,19,20,29000.0,28000.0,6500.0,0.0,-0.03448275862068961,0,1
2019-08-22,2019,18,19,29450.0,29200.0,31850.0,3500.0,-0.008488964346349714,1,1
2019-08-22,2019,19,20,29200.0,28000.0,3500.0,0.0,-0.04109589041095896,0,1
2019-08-23,2019,18,19,29500.0,29300.0,176282.0,54500.0,-0.006779661016949157,1,1
2019-08-23,2019,19,20,29300.0,28000.0,54500.0,0.0,-0.04436860068259385,0,1
2019-08-26,2019,18,19,29600.0,29600.0,85979.0,8000.0,0.0,1,1
2019-08-26,2019,19,20,29600.0,28000.0,8000.0,0.0,-0.05405405405405406,0,1
2019-08-27,2019,18,19,29700.0,29500.0,35332.0,20000.0,-0.006734006734006703,1,1
2019-08-27,2019,19,20,29500.0,28000.0,20000.0,0.0,-0.05084745762711862,0,1
2019-08-28,2019,18,19,29700.0,29600.0,23500.0,15000.0,-0.0033670033670033517,1,1
2019-08-28,2019,19,20,29600.0,28000.0,15000.0,0.0,-0.05405405405405406,0,1
2019-08-29,2019,18,19,29750.0,29750.0,74256.0,51500.0,0.0,1,1
2019-08-29,2019,19,20,29750.0,28000.0,51500.0,0.0,-0.05882352941176472,0,1
2019-08-30,2019,18,19,29950.0,29850.0,42440.0,47800.0,-0.0033388981636059967,1,1
2019-08-30,2019,19,20,29850.0,28000.0,47800.0,0.0,-0.061976549413735316,0,1
2019-09-02,2019,18,19,29950.0,29650.0,32330.0,1500.0,-0.01001669449081799,1,1
2019-09-02,2019,19,20,29650.0,28000.0,1500.0,0.0,-0.05564924114671166,0,1
2019-09-03,2019,18,19,30000.0,29700.0,17041.0,4500.0,-0.010000000000000009,1,1
2019-09-03,2019,19,20,29700.0,28000.0,4500.0,0.0,-0.0572390572390572,0,1
2019-09-04,2019,18,19,30000.0,30000.0,91047.0,4500.0,0.0,1,1
2019-09-04,2019,19,20,30000.0,28000.0,4500.0,0.0,-0.06666666666666665,0,1
2019-09-05,2019,18,19,30100.0,29900.0,128088.0,4500.0,-0.006644518272425293,1,1
2019-09-05,2019,19,20,29900.0,28000.0,4500.0,0.0,-0.0635451505016722,0,1
2019-09-06,2019,18,19,30300.0,30000.0,64222.0,4500.0,-0.00990099009900991,1,1
2019-09-06,2019,19,20,30000.0,28000.0,4500.0,0.0,-0.06666666666666665,0,1
2019-09-09,2019,18,19,30750.0,30100.0,30880.0,4500.0,-0.021138211382113803,1,1
2019-09-09,2019,19,20,30100.0,28000.0,4500.0,0.0,-0.06976744186046513,0,1
2019-09-10,2019,18,19,30300.0,30150.0,24120.0,4500.0,-0.004950495049504955,1,1
2019-09-10,2019,19,20,30150.0,28000.0,4500.0,0.0,-0.0713101160862355,0,1
2019-09-11,2019,18,19,30750.0,30250.0,39515.0,6000.0,-0.016260162601625994,1,1
2019-09-11,2019,19,20,30250.0,28000.0,6000.0,0.0,-0.07438016528925617,0,1
2019-09-16,2019,18,19,30800.0,30500.0,9745.0,4500.0,-0.009740259740259716,1,1
2019-09-16,2019,19,20,30500.0,28000.0,4500.0,0.0,-0.08196721311475408,0,1
2019-09-17,2019,18,19,31000.0,30650.0,7794.0,6500.0,-0.011290322580645107,1,1
2019-09-17,2019,19,20,30650.0,28000.0,6500.0,0.0,-0.08646003262642743,0,1
2019-09-18,2019,18,19,31300.0,30750.0,500.0,7000.0,-0.01757188498402551,1,1
2019-09-18,2019,19,20,30750.0,28000.0,7000.0,0.0,-0.08943089430894313,0,1
2019-09-19,2019,18,19,33500.0,30850.0,1788.0,21500.0,-0.07910447761194028,1,1
2019-09-19,2019,19,20,30850.0,31300.0,21500.0,0.0,0.014586709886547755,0,1
2019-09-20,2019,18,19,34500.0,31100.0,1486.0,10584.0,-0.09855072463768111,1,1
2019-09-20,2019,19,20,31100.0,31300.0,10584.0,0.0,0.006430868167202508,0,1
2019-09-23,2019,18,19,34900.0,31400.0,14110.0,13000.0,-0.10028653295128942,1,1
2019-09-23,2019,19,20,31400.0,31300.0,13000.0,0.0,-0.0031847133757961776,0,1
2019-09-24,2019,18,19,35600.0,31550.0,8639.0,15500.0,-0.1137640449438202,1,1
2019-09-24,2019,19,20,31550.0,34900.0,15500.0,1139.0,0.10618066561014272,1,1
2019-09-25,2019,18,19,37000.0,31550.0,16058.0,63399.0,-0.14729729729729735,1,1
2019-09-25,2019,19,20,31550.0,34900.0,63399.0,0.0,0.10618066561014272,0,1
2019-09-26,2019,18,19,38000.0,31750.0,2528.0,20000.0,-0.16447368421052633,1,1
2019-09-26,2019,19,20,31750.0,34900.0,20000.0,0.0,0.09921259842519681,0,1
2019-09-27,2019,18,19,39000.0,31850.0,271.0,28216.0,-0.18333333333333335,1,1
2019-09-27,2019,19,20,31850.0,34900.0,28216.0,0.0,0.09576138147566726,0,1
2019-09-30,2019,18,19,35100.0,31850.0,0.0,48823.0,-0.09259259259259256,0,1
2019-09-30,2019,19,20,31850.0,39000.0,48823.0,0.0,0.22448979591836737,0,1
2019-10-01,2019,19,20,31850.0,35100.0,1500.0,0.0,0.1020408163265305,0,1
2019-10-02,2019,19,20,31900.0,32000.0,3501.0,0.0,0.0031347962382444194,0,1
2019-10-04,2019,19,20,31950.0,32000.0,4000.0,0.0,0.0015649452269170805,0,1
2019-10-07,2019,19,20,32050.0,32000.0,6000.0,0.0,-0.0015600624024960652,0,1
2019-10-08,2019,19,20,32100.0,32000.0,4500.0,0.0,-0.0031152647975077885,0,1
2019-10-10,2019,19,20,32200.0,32000.0,8000.0,0.0,-0.006211180124223614,0,1
2019-10-11,2019,19,20,32500.0,32000.0,10107.0,0.0,-0.01538461538461533,0,1
2019-10-14,2019,19,20,32550.0,32000.0,5000.0,0.0,-0.016897081413210446,0,1
2019-10-15,2019,19,20,32650.0,32000.0,5000.0,0.0,-0.019908116385911168,0,1
2019-10-16,2019,19,20,32700.0,32000.0,6000.0,0.0,-0.021406727828746197,0,1
2019-10-17,2019,19,20,32700.0,32000.0,7000.0,0.0,-0.021406727828746197,0,1
2019-10-18,2019,19,20,32750.0,32000.0,4500.0,0.0,-0.022900763358778664,0,1
2019-10-21,2019,19,20,32800.0,32000.0,5000.0,0.0,-0.024390243902439046,0,1
2019-10-22,2019,19,20,32900.0,32000.0,15500.0,0.0,-0.027355623100303927,0,1
2019-10-23,2019,19,20,32900.0,32000.0,8000.0,0.0,-0.027355623100303927,0,1
2019-10-24,2019,19,20,33000.0,32000.0,8500.0,0.0,-0.030303030303030276,0,1
2019-10-25,2019,19,20,33150.0,32000.0,6000.0,0.0,-0.03469079939668174,0,1
2019-10-28,2019,19,20,33400.0,32000.0,16000.0,0.0,-0.041916167664670656,0,1
2019-10-29,2019,19,20,33650.0,32000.0,23900.0,0.0,-0.04903417533432397,0,1
2019-10-30,2019,19,20,33900.0,32100.0,19509.0,0.0,-0.053097345132743334,0,1
2019-10-31,2019,19,20,33950.0,32100.0,29000.0,0.0,-0.05449189985272462,0,1
2019-11-01,2019,19,20,34000.0,32100.0,6500.0,0.0,-0.055882352941176494,0,1
2019-11-04,2019,19,20,34150.0,32100.0,5593.0,0.0,-0.060029282576866794,0,1
2019-11-05,2019,19,20,34300.0,32100.0,7000.0,0.0,-0.06413994169096215,0,1
2019-11-06,2019,19,20,34600.0,32100.0,14000.0,0.0,-0.0722543352601156,0,1
2019-11-07,2019,19,20,34800.0,32100.0,3000.0,0.0,-0.07758620689655171,0,1
2019-11-08,2019,19,20,35000.0,32100.0,3000.0,0.0,-0.08285714285714285,0,1
2019-11-11,2019,19,20,35500.0,32100.0,4300.0,30000.0,-0.09577464788732393,1,1
2019-11-12,2019,19,20,35750.0,32100.0,11500.0,0.0,-0.10209790209790215,0,1
2019-11-13,2019,19,20,36350.0,35750.0,14500.0,0.0,-0.016506189821182904,0,1
2019-11-14,2019,19,20,36750.0,35750.0,12280.0,0.0,-0.027210884353741527,0,1
2019-11-15,2019,19,20,35000.0,35750.0,16500.0,0.0,0.021428571428571352,0,1
2019-11-18,2019,19,20,36250.0,35750.0,16000.0,0.0,-0.01379310344827589,0,1
2019-11-19,2019,19,20,36550.0,35750.0,23200.0,0.0,-0.02188782489740082,0,1
2019-11-20,2019,19,20,36700.0,35750.0,22970.0,0.0,-0.02588555858310626,0,1
2019-11-21,2019,19,20,36850.0,35800.0,23820.0,0.0,-0.028493894165535938,0,1
2019-11-22,2019,19,20,37500.0,32300.0,19000.0,2000.0,-0.13866666666666672,1,1
2019-11-25,2019,19,20,37850.0,33150.0,15000.0,0.0,-0.12417437252311758,0,1
2019-11-26,2019,19,20,38950.0,37850.0,0.0,0.0,-0.028241335044929428,0,1
2019-11-27,2019,19,20,38000.0,37850.0,33080.0,0.0,-0.003947368421052588,0,1
2019-11-28,2019,19,20,38150.0,37850.0,38500.0,0.0,-0.007863695937090465,0,1
2019-11-29,2019,19,20,38350.0,37950.0,19000.0,0.0,-0.010430247718383301,0,1
2019-12-02,2019,19,20,37700.0,37950.0,1500.0,0.0,0.006631299734747964,0,1
2019-12-03,2019,19,20,37700.0,37950.0,3000.0,0.0,0.006631299734747964,0,1
2019-12-04,2019,19,20,38350.0,37950.0,0.0,0.0,-0.010430247718383301,0,1
2019-12-05,2019,19,20,38950.0,37950.0,0.0,0.0,-0.025673940949935803,0,1
2019-12-06,2019,19,20,39250.0,37950.0,0.0,0.0,-0.03312101910828025,0,1
2019-12-09,2019,19,20,39450.0,37950.0,1500.0,0.0,-0.03802281368821292,0,1
2019-12-10,2019,19,20,39600.0,37950.0,7200.0,0.0,-0.04166666666666663,0,1
2019-12-11,2019,19,20,39900.0,37950.0,7000.0,0.0,-0.048872180451127845,0,1
2019-12-12,2019,19,20,40450.0,37950.0,8000.0,0.0,-0.06180469715698389,0,1
2019-12-13,2019,19,20,40550.0,38050.0,0.0,0.0,-0.06165228113440202,0,1
2019-12-16,2019,19,20,40600.0,38050.0,0.0,0.0,-0.06280788177339902,0,1
2019-12-17,2019,19,20,40650.0,38050.0,80000.0,0.0,-0.06396063960639609,0,1
2019-12-18,2019,19,20,40700.0,38050.0,0.0,0.0,-0.06511056511056512,0,1
2019-12-19,2019,19,20,40800.0,38050.0,23000.0,0.0,-0.06740196078431371,0,1
2019-12-20,2019,19,20,40800.0,38050.0,1100.0,0.0,-0.06740196078431371,0,1
2019-12-23,2019,19,20,40900.0,39000.0,5000.0,0.0,-0.04645476772616142,0,1
2019-12-24,2019,19,20,37050.0,39000.0,123744.0,0.0,0.05263157894736836,0,1
2019-12-26,2019,19,20,39500.0,39000.0,35000.0,0.0,-0.012658227848101222,0,1
2019-12-27,2019,19,20,37500.0,39000.0,35000.0,0.0,0.040000000000000036,0,1
2019-12-30,2019,19,20,38100.0,39000.0,24939.0,0.0,0.023622047244094446,0,1
2020-01-02,2020,19,20,36500.0,39000.0,1500.0,0.0,0.06849315068493156,0,1
2020-01-03,2020,19,20,35050.0,39000.0,5451.0,0.0,0.11269614835948638,0,1
2020-01-06,2020,19,20,33000.0,35050.0,5500.0,0.0,0.06212121212121202,0,1
2020-01-07,2020,19,20,35200.0,35050.0,5000.0,0.0,-0.0042613636363636465,0,1
2020-01-08,2020,19,20,36000.0,35050.0,0.0,0.0,-0.026388888888888906,0,1
2020-01-09,2020,19,20,35500.0,35050.0,5000.0,0.0,-0.012676056338028152,0,1
2020-01-10,2020,19,20,38000.0,35050.0,12000.0,0.0,-0.07763157894736838,0,1
2020-01-13,2020,19,20,38500.0,35050.0,4000.0,0.0,-0.08961038961038958,0,1
2020-01-14,2020,19,20,39050.0,36000.0,5000.0,0.0,-0.07810499359795131,0,1
2020-01-15,2020,19,20,37450.0,38000.0,14600.0,13300.0,0.014686248331108098,1,1
2020-01-16,2020,19,20,38650.0,38000.0,8100.0,0.0,-0.01681759379042691,0,1
2020-01-17,2020,19,20,38100.0,38000.0,1500.0,0.0,-0.002624671916010457,0,1
2020-01-20,2020,19,20,38100.0,38000.0,0.0,0.0,-0.002624671916010457,0,1
2020-01-21,2020,19,20,37950.0,38000.0,112000.0,0.0,0.0013175230566535578,0,1
2020-01-22,2020,19,20,38000.0,38000.0,51000.0,0.0,0.0,0,1
2020-01-23,2020,19,20,38050.0,38000.0,0.0,0.0,-0.0013140604467805073,0,1
2020-01-28,2020,19,20,38050.0,38000.0,0.0,0.0,-0.0013140604467805073,0,1
2020-01-29,2020,19,20,38000.0,38000.0,2000.0,0.0,0.0,0,1
2020-01-30,2020,19,20,38100.0,38000.0,2000.0,0.0,-0.002624671916010457,0,1
2020-01-31,2020,19,20,38200.0,38000.0,8000.0,0.0,-0.005235602094240788,0,1
2020-02-03,2020,19,20,38200.0,38000.0,0.0,0.0,-0.005235602094240788,0,1
2020-02-04,2020,19,20,38200.0,38000.0,0.0,0.0,-0.005235602094240788,0,1
2020-02-05,2020,19,20,38200.0,38000.0,0.0,0.0,-0.005235602094240788,0,1
2020-02-06,2020,19,20,37550.0,38000.0,10000.0,0.0,0.011984021304926706,0,1
2020-02-07,2020,19,20,37100.0,38000.0,6000.0,0.0,0.0242587601078168,0,1
2020-02-10,2020,19,20,38800.0,38500.0,4500.0,0.0,-0.0077319587628865705,0,1
2020-02-11,2020,19,20,39050.0,38500.0,0.0,26050.0,-0.014084507042253502,0,1
2020-02-12,2020,19,20,39150.0,38500.0,111000.0,0.0,-0.016602809706257937,0,1
2020-02-13,2020,19,20,38800.0,38500.0,1500.0,0.0,-0.0077319587628865705,0,1
2020-02-14,2020,19,20,38800.0,38500.0,1500.0,0.0,-0.0077319587628865705,0,1
2020-02-17,2020,19,20,38800.0,38500.0,18000.0,0.0,-0.0077319587628865705,0,1
2020-02-18,2020,19,20,39400.0,38500.0,0.0,0.0,-0.022842639593908642,0,1
2020-02-19,2020,19,20,39400.0,38500.0,22000.0,0.0,-0.022842639593908642,0,1
2020-02-20,2020,19,20,39500.0,38500.0,0.0,0.0,-0.025316455696202556,0,1
2020-02-21,2020,19,20,39650.0,38500.0,0.0,0.0,-0.0290037831021438,0,1
2020-02-24,2020,19,20,39300.0,38500.0,1500.0,0.0,-0.020356234096692072,0,1
2020-02-25,2020,19,20,39000.0,38650.0,12000.0,0.0,-0.008974358974358942,0,1
2020-02-26,2020,19,20,39300.0,38900.0,4000.0,0.0,-0.010178117048346036,0,1
2020-02-27,2020,19,20,39350.0,39000.0,29250.0,0.0,-0.008894536213468918,0,1
2020-02-28,2020,19,20,39350.0,39000.0,15500.0,130000.0,-0.008894536213468918,1,1
2020-03-02,2020,19,20,39350.0,39000.0,3000.0,0.0,-0.008894536213468918,0,1
2020-03-03,2020,19,20,39500.0,39000.0,10000.0,0.0,-0.012658227848101222,0,1
2020-03-04,2020,19,20,40100.0,39000.0,9000.0,0.0,-0.027431421446383997,0,1
2020-03-05,2020,19,20,39600.0,39000.0,10800.0,0.0,-0.015151515151515138,0,1
2020-03-06,2020,19,20,39800.0,39000.0,0.0,0.0,-0.02010050251256279,0,1
2020-03-09,2020,19,20,39800.0,39000.0,1500.0,0.0,-0.02010050251256279,0,1
2020-03-10,2020,19,20,39800.0,39000.0,6500.0,0.0,-0.02010050251256279,0,1
2020-03-11,2020,19,20,39800.0,39000.0,21600.0,0.0,-0.02010050251256279,0,1
2020-03-12,2020,19,20,39900.0,39000.0,39000.0,0.0,-0.022556390977443663,0,1
2020-03-13,2020,19,20,40300.0,39900.0,12600.0,0.0,-0.00992555831265507,0,1
2020-03-16,2020,19,20,40450.0,39900.0,20000.0,0.0,-0.013597033374536438,0,1
2020-03-17,2020,19,20,40200.0,39900.0,25740.0,0.0,-0.007462686567164201,0,1
2020-03-18,2020,19,20,40000.0,39900.0,32000.0,0.0,-0.0024999999999999467,0,1
2020-03-19,2020,19,20,40200.0,40050.0,53500.0,0.0,-0.003731343283582045,0,1
2020-03-20,2020,19,20,40050.0,40050.0,31510.0,0.0,0.0,0,1
2020-03-23,2020,19,20,40050.0,40050.0,25000.0,0.0,0.0,0,1
2020-03-24,2020,19,20,40050.0,40050.0,23000.0,0.0,0.0,0,1
2020-03-25,2020,19,20,40100.0,40050.0,24500.0,0.0,-0.0012468827930174342,0,1
2020-03-26,2020,19,20,40050.0,40050.0,100500.0,0.0,0.0,0,1
2020-03-27,2020,19,20,40050.0,40050.0,33300.0,0.0,0.0,0,1
2020-03-30,2020,19,20,40350.0,40050.0,6000.0,0.0,-0.0074349442379182396,0,1
2020-03-31,2020,19,20,40500.0,40250.0,39809.0,32149.0,-0.006172839506172867,1,1
2020-04-01,2020,19,20,40000.0,42000.0,5500.0,4000.0,0.050000000000000044,1,1
2020-04-02,2020,19,20,40050.0,42500.0,17700.0,0.0,0.06117353308364537,0,1
2020-04-03,2020,19,20,40050.0,42500.0,0.0,0.0,0.06117353308364537,0,1
2020-04-06,2020,19,20,40150.0,42000.0,10000.0,0.0,0.04607721046077207,0,1
2020-04-07,2020,19,20,40250.0,42000.0,8430.0,0.0,0.04347826086956519,0,1
2020-04-08,2020,19,20,40500.0,41500.0,7000.0,1000.0,0.024691358024691468,1,1
2020-04-09,2020,19,20,40500.0,41500.0,36000.0,5000.0,0.024691358024691468,1,1
2020-04-10,2020,19,20,40500.0,41500.0,13000.0,0.0,0.024691358024691468,0,1
2020-04-13,2020,19,20,40500.0,41500.0,57500.0,0.0,0.024691358024691468,0,1
2020-04-14,2020,19,20,40500.0,41500.0,54194.0,0.0,0.024691358024691468,0,1
2020-04-16,2020,19,20,40450.0,41500.0,33500.0,0.0,0.02595797280593315,0,1
2020-04-17,2020,19,20,40500.0,41400.0,50800.0,1000.0,0.022222222222222143,1,1
2020-04-20,2020,19,20,40500.0,41400.0,69548.0,0.0,0.022222222222222143,0,1
2020-04-21,2020,19,20,40500.0,41400.0,30000.0,0.0,0.022222222222222143,0,1
2020-04-22,2020,19,20,40150.0,41200.0,50000.0,0.0,0.026151930261519407,0,1
2020-04-23,2020,19,20,40100.0,41200.0,13126.0,0.0,0.027431421446383997,0,1
2020-04-24,2020,19,20,40050.0,41200.0,86875.0,62000.0,0.02871410736579283,1,1
2020-04-27,2020,19,20,40000.0,41000.0,41000.0,5554.0,0.02499999999999991,1,1
2020-04-28,2020,19,20,39950.0,41000.0,307307.0,0.0,0.026282853566958808,0,1
2020-04-29,2020,19,20,39500.0,40500.0,262154.0,0.0,0.025316455696202445,0,1
2020-05-04,2020,19,20,39000.0,40500.0,2600.0,0.0,0.03846153846153855,0,1
2020-05-06,2020,19,20,38500.0,40500.0,5200.0,0.0,0.051948051948051965,0,1
2020-05-07,2020,19,20,38300.0,38900.0,68000.0,3000.0,0.015665796344647598,1,1
2020-05-08,2020,19,20,38150.0,38900.0,48933.0,0.0,0.019659239842725995,0,1
2020-05-11,2020,19,20,37000.0,37300.0,23100.0,0.0,0.008108108108108025,0,1
2020-05-12,2020,19,20,33950.0,34000.0,75990.0,40000.0,0.0014727540500736325,1,1
2020-05-13,2020,19,20,30700.0,32000.0,96100.0,14650.0,0.04234527687296419,1,1
2020-05-14,2020,19,20,31400.0,32500.0,46500.0,1000.0,0.035031847133758065,1,1
2020-05-15,2020,19,20,31500.0,32500.0,53000.0,0.0,0.031746031746031855,0,1
2020-05-18,2020,19,20,32550.0,32500.0,58700.0,0.0,-0.001536098310291889,0,1
2020-05-19,2020,19,20,33150.0,32600.0,165400.0,0.0,-0.016591251885369585,0,1
2020-05-20,2020,19,20,33700.0,32600.0,53601.0,0.0,-0.03264094955489616,0,1
2020-05-21,2020,19,20,35850.0,33000.0,27500.0,0.0,-0.07949790794979084,0,1
2020-05-22,2020,19,20,36200.0,33050.0,40000.0,0.0,-0.08701657458563539,0,1
2020-05-25,2020,19,20,36200.0,33050.0,70042.0,0.0,-0.08701657458563539,0,1
2020-05-26,2020,19,20,36200.0,33050.0,59491.0,0.0,-0.08701657458563539,0,1
2020-05-27,2020,19,20,34850.0,33050.0,441756.0,0.0,-0.05164992826398851,0,1
2020-05-28,2020,19,20,34400.0,33500.0,74000.0,0.0,-0.026162790697674465,0,1
2020-05-29,2020,19,20,34200.0,33500.0,30569.0,0.0,-0.020467836257309968,0,1
2020-06-01,2020,19,20,33800.0,33500.0,30800.0,0.0,-0.00887573964497046,0,1
2020-06-02,2020,19,20,32300.0,33000.0,39000.0,0.0,0.021671826625387025,0,1
2020-06-03,2020,19,20,31800.0,33000.0,54550.0,0.0,0.037735849056603765,0,1
2020-06-04,2020,19,20,31400.0,33000.0,81398.0,0.0,0.05095541401273884,0,1
2020-06-05,2020,19,20,30400.0,32500.0,46550.0,0.0,0.06907894736842102,0,1
2020-06-08,2020,19,20,31100.0,30400.0,68000.0,1200.0,-0.022508038585209,1,1
2020-06-09,2020,19,20,31600.0,30400.0,47000.0,33000.0,-0.03797468354430378,1,1
2020-06-10,2020,19,20,32000.0,30500.0,61860.0,0.0,-0.046875,0,1
2020-06-11,2020,19,20,32200.0,32000.0,114611.0,1000.0,-0.006211180124223614,1,1
2020-06-12,2020,19,20,31800.0,32000.0,89964.0,0.0,0.0062893081761006275,0,1
2020-06-15,2020,19,20,31900.0,32000.0,37500.0,0.0,0.0031347962382444194,0,1
2020-06-16,2020,19,20,31850.0,32000.0,49111.0,0.0,0.0047095761381474865,0,1
2020-06-17,2020,19,20,31800.0,32000.0,51400.0,0.0,0.0062893081761006275,0,1
2020-06-18,2020,19,20,31800.0,32000.0,116434.0,2000.0,0.0062893081761006275,1,1
2020-06-19,2020,19,20,31300.0,32000.0,180000.0,0.0,0.022364217252396124,0,1
2020-06-22,2020,19,20,31300.0,32000.0,48500.0,0.0,0.022364217252396124,0,1
2020-06-23,2020,19,20,31100.0,32000.0,45185.0,0.0,0.02893890675241151,0,1
2020-06-24,2020,19,20,30800.0,32000.0,227365.0,0.0,0.03896103896103886,0,1
2020-06-25,2020,19,20,30800.0,32000.0,110664.0,0.0,0.03896103896103886,0,1
2020-06-26,2020,19,20,30800.0,32000.0,350988.0,0.0,0.03896103896103886,0,1
2020-06-29,2020,19,20,30800.0,32000.0,76400.0,0.0,0.03896103896103886,0,1
2020-06-30,2020,19,20,30800.0,33000.0,103892.0,1452.0,0.0714285714285714,1,1
2020-07-01,2020,19,20,30800.0,33000.0,205000.0,0.0,0.0714285714285714,0,1
2020-07-02,2020,19,20,30750.0,33000.0,237999.0,696.0,0.07317073170731714,1,1
2020-07-03,2020,19,20,29950.0,32900.0,53689.0,0.0,0.09849749582637735,0,1
2020-07-06,2020,19,20,29700.0,32900.0,62523.0,0.0,0.1077441077441077,0,1
2020-07-07,2020,19,20,28900.0,29700.0,59089.0,0.0,0.02768166089965396,0,1
2020-07-08,2020,19,20,27900.0,29700.0,93895.0,0.0,0.06451612903225801,0,1
2020-07-09,2020,19,20,25150.0,26750.0,68624.0,33000.0,0.06361829025844923,1,1
2020-07-10,2020,19,20,22650.0,24100.0,107732.0,31351.0,0.06401766004415022,1,1
2020-07-13,2020,19,20,20400.0,22400.0,138936.0,0.0,0.0980392156862746,0,1
2020-07-14,2020,19,20,20600.0,22400.0,90745.0,0.0,0.08737864077669899,0,1
2020-07-15,2020,19,20,21800.0,22400.0,268953.0,0.0,0.02752293577981657,0,1
2020-07-16,2020,19,20,22800.0,22400.0,100350.0,0.0,-0.01754385964912286,0,1
2020-07-17,2020,19,20,23200.0,22800.0,262244.0,10000.0,-0.017241379310344862,1,1
2020-07-20,2020,19,20,23200.0,22800.0,44018.0,0.0,-0.017241379310344862,0,1
2020-07-21,2020,19,20,23000.0,23200.0,61000.0,26000.0,0.008695652173912993,1,1
2020-07-22,2020,19,20,22800.0,23000.0,44898.0,5000.0,0.00877192982456143,1,1
2020-07-23,2020,19,20,22800.0,22800.0,61999.0,8500.0,0.0,1,1
2020-07-24,2020,19,20,22500.0,22650.0,20176.0,16500.0,0.006666666666666599,1,1
2020-07-27,2020,19,20,22000.0,23000.0,27676.0,6400.0,0.045454545454545414,1,1
2020-07-28,2020,19,20,21700.0,23300.0,51500.0,3000.0,0.07373271889400912,1,1
2020-07-29,2020,19,20,21000.0,23500.0,62788.0,7500.0,0.11904761904761907,1,1
2020-07-30,2020,19,20,19900.0,23600.0,63520.0,14000.0,0.18592964824120606,1,1
2020-07-31,2020,19,20,19250.0,21250.0,50905.0,100.0,0.10389610389610393,1,1
2020-08-03,2020,19,20,17500.0,23000.0,17993.0,5000.0,0.3142857142857143,1,1
2020-08-04,2020,19,20,15750.0,20900.0,61759.0,52.0,0.32698412698412693,1,1
2020-08-05,2020,19,20,15000.0,20950.0,28360.0,25000.0,0.3966666666666667,1,1
2020-08-06,2020,19,20,15500.0,21000.0,7449.0,32500.0,0.35483870967741926,1,1
2020-08-07,2020,19,20,17050.0,21050.0,62735.0,23000.0,0.23460410557184752,1,1
2020-08-10,2020,19,20,17100.0,21100.0,4700.0,6709.0,0.23391812865497075,1,1
2020-08-11,2020,19,20,17100.0,21100.0,4500.0,5500.0,0.23391812865497075,1,1
2020-08-12,2020,19,20,17200.0,21000.0,4500.0,46776.0,0.22093023255813948,1,1
2020-08-13,2020,19,20,17700.0,21000.0,4500.0,54700.0,0.18644067796610164,1,1
2020-08-14,2020,19,20,17750.0,20000.0,7400.0,1000.0,0.12676056338028174,1,1
2020-08-18,2020,19,20,17800.0,20000.0,10000.0,0.0,0.12359550561797761,0,1
2020-08-19,2020,19,20,19000.0,17800.0,18200.0,0.0,-0.06315789473684208,0,1
2020-08-20,2020,19,20,19700.0,19550.0,9000.0,10150.0,-0.0076142131979695105,1,1
2020-08-21,2020,19,20,19850.0,21000.0,10500.0,1001.0,0.057934508816120944,1,1
2020-08-24,2020,19,20,21000.0,21000.0,28500.0,83500.0,0.0,1,1
2020-08-25,2020,19,20,21000.0,20800.0,14200.0,26000.0,-0.00952380952380949,1,1
2020-08-26,2020,19,20,21000.0,21000.0,20000.0,20120.0,0.0,1,1
2020-08-27,2020,19,20,21000.0,21450.0,42323.0,20800.0,0.021428571428571352,1,1
2020-08-28,2020,19,20,21000.0,21550.0,58582.0,13680.0,0.026190476190476097,1,1
2020-08-31,2020,19,20,19950.0,21400.0,22500.0,19730.0,0.07268170426065157,1,1
2020-09-01,2020,19,20,20000.0,19600.0,15050.0,402500.0,-0.020000000000000018,1,1
2020-09-02,2020,19,20,20000.0,20800.0,13269.0,10500.0,0.040000000000000036,1,1
2020-09-03,2020,19,20,21500.0,20800.0,1507.0,23500.0,-0.032558139534883734,1,1
2020-09-04,2020,19,20,21000.0,21200.0,24500.0,35791.0,0.00952380952380949,1,1
2020-09-07,2020,19,20,21000.0,21200.0,100680.0,5500.0,0.00952380952380949,1,1
2020-09-08,2020,19,20,21250.0,21300.0,0.0,335000.0,0.0023529411764706687,0,1
2020-09-09,2020,19,20,21250.0,21350.0,15604.0,8100.0,0.004705882352941115,1,1
2020-09-10,2020,19,20,20850.0,21350.0,1424.0,6600.0,0.023980815347721895,1,1
2020-09-11,2020,19,20,19500.0,21350.0,1983.0,20650.0,0.09487179487179498,1,1
2021-01-04,2021,20,21,23000.0,23000.0,12000.0,0.0,0.0,0,1
2021-01-04,2021,21,22,23000.0,23000.0,0.0,0.0,0.0,0,1
2021-01-04,2021,22,23,23000.0,23000.0,0.0,0.0,0.0,0,1
2021-01-04,2021,23,24,23000.0,23000.0,0.0,0.0,0.0,0,1
2021-01-04,2021,24,25,23000.0,23000.0,0.0,0.0,0.0,0,1
2021-01-05,2021,20,21,23000.0,23000.0,2000.0,0.0,0.0,0,1
2021-01-05,2021,21,22,23000.0,23000.0,0.0,0.0,0.0,0,1
2021-01-05,2021,22,23,23000.0,23000.0,0.0,0.0,0.0,0,1
2021-01-05,2021,23,24,23000.0,23000.0,0.0,0.0,0.0,0,1
2021-01-05,2021,24,25,23000.0,23000.0,0.0,0.0,0.0,0,1
2021-01-06,2021,20,21,22500.0,23000.0,8800.0,0.0,0.022222222222222143,0,1
2021-01-06,2021,21,22,23000.0,23000.0,0.0,0.0,0.0,0,1
2021-01-06,2021,22,23,23000.0,23000.0,0.0,0.0,0.0,0,1
2021-01-06,2021,23,24,23000.0,23000.0,0.0,0.0,0.0,0,1
2021-01-06,2021,24,25,23000.0,23000.0,0.0,0.0,0.0,0,1
2021-01-07,2021,20,21,21000.0,23000.0,7724.0,0.0,0.09523809523809534,0,1
2021-01-07,2021,21,22,23000.0,23000.0,0.0,0.0,0.0,0,1
2021-01-07,2021,22,23,23000.0,23000.0,0.0,0.0,0.0,0,1
2021-01-07,2021,23,24,23000.0,23000.0,0.0,0.0,0.0,0,1
2021-01-07,2021,24,25,23000.0,23000.0,0.0,0.0,0.0,0,1
2021-01-08,2021,20,21,19800.0,23000.0,27500.0,0.0,0.16161616161616155,0,1
2021-01-08,2021,21,22,23000.0,23000.0,0.0,0.0,0.0,0,1
2021-01-08,2021,22,23,23000.0,23000.0,0.0,0.0,0.0,0,1
2021-01-08,2021,23,24,23000.0,23000.0,0.0,0.0,0.0,0,1
2021-01-08,2021,24,25,23000.0,23000.0,0.0,0.0,0.0,0,1
2021-01-11,2021,20,21,19500.0,19800.0,9500.0,0.0,0.01538461538461533,0,1
2021-01-11,2021,21,22,19800.0,19800.0,0.0,0.0,0.0,0,1
2021-01-11,2021,22,23,19800.0,19800.0,0.0,0.0,0.0,0,1
2021-01-11,2021,23,24,19800.0,19800.0,0.0,0.0,0.0,0,1
2021-01-11,2021,24,25,19800.0,19800.0,0.0,0.0,0.0,0,1
2021-01-12,2021,20,21,18900.0,19800.0,26844.0,0.0,0.04761904761904767,0,1
2021-01-12,2021,21,22,19800.0,19800.0,0.0,0.0,0.0,0,1
2021-01-12,2021,22,23,19800.0,19800.0,0.0,0.0,0.0,0,1
2021-01-12,2021,23,24,19800.0,19800.0,0.0,0.0,0.0,0,1
2021-01-12,2021,24,25,19800.0,19800.0,0.0,0.0,0.0,0,1
2021-01-13,2021,20,21,17100.0,19800.0,88502.0,0.0,0.1578947368421053,0,1
2021-01-13,2021,21,22,19800.0,19800.0,0.0,0.0,0.0,0,1
2021-01-13,2021,22,23,19800.0,19800.0,0.0,0.0,0.0,0,1
2021-01-13,2021,23,24,19800.0,19800.0,0.0,0.0,0.0,0,1
2021-01-13,2021,24,25,19800.0,19800.0,0.0,0.0,0.0,0,1
2021-01-14,2021,20,21,16000.0,17150.0,44100.0,70000.0,0.07187499999999991,1,1
2021-01-14,2021,21,22,17150.0,17100.0,70000.0,0.0,-0.002915451895043719,0,1
2021-01-14,2021,22,23,17100.0,17100.0,0.0,0.0,0.0,0,1
2021-01-14,2021,23,24,17100.0,17100.0,0.0,0.0,0.0,0,1
2021-01-14,2021,24,25,17100.0,17100.0,0.0,0.0,0.0,0,1
2021-01-15,2021,20,21,16600.0,17150.0,13200.0,0.0,0.033132530120481896,0,1
2021-01-15,2021,21,22,17150.0,17100.0,0.0,0.0,-0.002915451895043719,0,1
2021-01-15,2021,22,23,17100.0,17100.0,0.0,0.0,0.0,0,1
2021-01-15,2021,23,24,17100.0,17100.0,0.0,0.0,0.0,0,1
2021-01-15,2021,24,25,17100.0,17100.0,0.0,0.0,0.0,0,1
2021-01-18,2021,20,21,18000.0,17150.0,19200.0,0.0,-0.047222222222222276,0,1
2021-01-18,2021,21,22,17150.0,17100.0,0.0,0.0,-0.002915451895043719,0,1
2021-01-18,2021,22,23,17100.0,17100.0,0.0,0.0,0.0,0,1
2021-01-18,2021,23,24,17100.0,17100.0,0.0,0.0,0.0,0,1
2021-01-18,2021,24,25,17100.0,17100.0,0.0,0.0,0.0,0,1
2021-01-19,2021,20,21,18100.0,17150.0,23154.0,0.0,-0.0524861878453039,0,1
2021-01-19,2021,21,22,17150.0,17100.0,0.0,0.0,-0.002915451895043719,0,1
2021-01-19,2021,22,23,17100.0,17100.0,0.0,0.0,0.0,0,1
2021-01-19,2021,23,24,17100.0,17100.0,0.0,0.0,0.0,0,1
2021-01-19,2021,24,25,17100.0,17100.0,0.0,0.0,0.0,0,1
2021-01-20,2021,20,21,19000.0,17150.0,23500.0,0.0,-0.09736842105263155,0,1
2021-01-20,2021,21,22,17150.0,17100.0,0.0,0.0,-0.002915451895043719,0,1
2021-01-20,2021,22,23,17100.0,17100.0,0.0,0.0,0.0,0,1
2021-01-20,2021,23,24,17100.0,17100.0,0.0,0.0,0.0,0,1
2021-01-20,2021,24,25,17100.0,17100.0,0.0,0.0,0.0,0,1
2021-01-21,2021,20,21,20900.0,17150.0,34746.0,0.0,-0.17942583732057416,0,1
2021-01-21,2021,21,22,17150.0,17100.0,0.0,0.0,-0.002915451895043719,0,1
2021-01-21,2021,22,23,17100.0,17100.0,0.0,0.0,0.0,0,1
2021-01-21,2021,23,24,17100.0,17100.0,0.0,0.0,0.0,0,1
2021-01-21,2021,24,25,17100.0,17100.0,0.0,0.0,0.0,0,1
2021-01-22,2021,20,21,21000.0,20900.0,17480.0,0.0,-0.004761904761904745,0,1
2021-01-22,2021,21,22,20900.0,20900.0,0.0,0.0,0.0,0,1
2021-01-22,2021,22,23,20900.0,20900.0,0.0,0.0,0.0,0,1
2021-01-22,2021,23,24,20900.0,20900.0,0.0,0.0,0.0,0,1
2021-01-22,2021,24,25,20900.0,20900.0,0.0,0.0,0.0,0,1
2021-01-25,2021,20,21,21800.0,21000.0,10705.0,40000.0,-0.03669724770642202,1,1
2021-01-25,2021,21,22,21000.0,20900.0,40000.0,0.0,-0.004761904761904745,0,1
2021-01-25,2021,22,23,20900.0,20900.0,0.0,0.0,0.0,0,1
2021-01-25,2021,23,24,20900.0,20900.0,0.0,0.0,0.0,0,1
2021-01-25,2021,24,25,20900.0,20900.0,0.0,0.0,0.0,0,1
2021-01-26,2021,20,21,20800.0,21500.0,32366.0,1000.0,0.033653846153846256,1,1
2021-01-26,2021,21,22,21500.0,20900.0,1000.0,0.0,-0.027906976744186074,0,1
2021-01-26,2021,22,23,20900.0,20900.0,0.0,0.0,0.0,0,1
2021-01-26,2021,23,24,20900.0,20900.0,0.0,0.0,0.0,0,1
2021-01-26,2021,24,25,20900.0,20900.0,0.0,0.0,0.0,0,1
2021-01-27,2021,20,21,20000.0,22500.0,46200.0,3000.0,0.125,1,1
2021-01-27,2021,21,22,22500.0,20900.0,3000.0,0.0,-0.07111111111111112,0,1
2021-01-27,2021,22,23,20900.0,20900.0,0.0,0.0,0.0,0,1
2021-01-27,2021,23,24,20900.0,20900.0,0.0,0.0,0.0,0,1
2021-01-27,2021,24,25,20900.0,20900.0,0.0,0.0,0.0,0,1
2021-01-28,2021,20,21,20100.0,22550.0,41985.0,0.0,0.12189054726368154,0,1
2021-01-28,2021,21,22,22550.0,20900.0,0.0,0.0,-0.07317073170731703,0,1
2021-01-28,2021,22,23,20900.0,20900.0,0.0,0.0,0.0,0,1
2021-01-28,2021,23,24,20900.0,20900.0,0.0,0.0,0.0,0,1
2021-01-28,2021,24,25,20900.0,20900.0,0.0,0.0,0.0,0,1
2021-01-29,2021,20,21,19400.0,20100.0,11000.0,0.0,0.03608247422680422,0,1
2021-01-29,2021,21,22,20100.0,20900.0,0.0,0.0,0.03980099502487566,0,1
2021-01-29,2021,22,23,20900.0,20900.0,0.0,0.0,0.0,0,1
2021-01-29,2021,23,24,20900.0,20900.0,0.0,0.0,0.0,0,1
2021-01-29,2021,24,25,20900.0,20900.0,0.0,0.0,0.0,0,1
2021-02-01,2021,20,21,19000.0,22000.0,2700.0,1000.0,0.1578947368421053,1,1
2021-02-01,2021,21,22,22000.0,20900.0,1000.0,0.0,-0.050000000000000044,0,1
2021-02-01,2021,22,23,20900.0,20900.0,0.0,0.0,0.0,0,1
2021-02-01,2021,23,24,20900.0,20900.0,0.0,0.0,0.0,0,1
2021-02-01,2021,24,25,20900.0,20900.0,0.0,0.0,0.0,0,1
2021-02-02,2021,20,21,18900.0,22000.0,18700.0,0.0,0.16402116402116396,0,1
2021-02-02,2021,21,22,22000.0,20900.0,0.0,0.0,-0.050000000000000044,0,1
2021-02-02,2021,22,23,20900.0,20900.0,0.0,0.0,0.0,0,1
2021-02-02,2021,23,24,20900.0,20900.0,0.0,0.0,0.0,0,1
2021-02-02,2021,24,25,20900.0,20900.0,0.0,0.0,0.0,0,1
2021-02-03,2021,20,21,19000.0,18900.0,17000.0,0.0,-0.0052631578947368585,0,1
2021-02-03,2021,21,22,18900.0,18900.0,0.0,0.0,0.0,0,1
2021-02-03,2021,22,23,18900.0,18900.0,0.0,0.0,0.0,0,1
2021-02-03,2021,23,24,18900.0,18900.0,0.0,0.0,0.0,0,1
2021-02-03,2021,24,25,18900.0,18900.0,0.0,0.0,0.0,0,1
2021-02-04,2021,20,21,19100.0,18900.0,41500.0,0.0,-0.010471204188481686,0,1
2021-02-04,2021,21,22,18900.0,18900.0,0.0,0.0,0.0,0,1
2021-02-04,2021,22,23,18900.0,18900.0,0.0,0.0,0.0,0,1
2021-02-04,2021,23,24,18900.0,18900.0,0.0,0.0,0.0,0,1
2021-02-04,2021,24,25,18900.0,18900.0,0.0,0.0,0.0,0,1
2021-02-05,2021,20,21,19000.0,18900.0,23700.0,0.0,-0.0052631578947368585,0,1
2021-02-05,2021,21,22,18900.0,18900.0,0.0,0.0,0.0,0,1
2021-02-05,2021,22,23,18900.0,18900.0,0.0,0.0,0.0,0,1
2021-02-05,2021,23,24,18900.0,18900.0,0.0,0.0,0.0,0,1
2021-02-05,2021,24,25,18900.0,18900.0,0.0,0.0,0.0,0,1
2021-02-08,2021,20,21,19100.0,18900.0,17038.0,0.0,-0.010471204188481686,0,1
2021-02-08,2021,21,22,18900.0,18900.0,0.0,0.0,0.0,0,1
2021-02-08,2021,22,23,18900.0,18900.0,0.0,0.0,0.0,0,1
2021-02-08,2021,23,24,18900.0,18900.0,0.0,0.0,0.0,0,1
2021-02-08,2021,24,25,18900.0,18900.0,0.0,0.0,0.0,0,1
2021-02-09,2021,20,21,19000.0,18900.0,25462.0,0.0,-0.0052631578947368585,0,1
2021-02-09,2021,21,22,18900.0,18900.0,0.0,0.0,0.0,0,1
2021-02-09,2021,22,23,18900.0,18900.0,0.0,0.0,0.0,0,1
2021-02-09,2021,23,24,18900.0,18900.0,0.0,0.0,0.0,0,1
2021-02-09,2021,24,25,18900.0,18900.0,0.0,0.0,0.0,0,1
2021-02-10,2021,20,21,19100.0,18900.0,2500.0,0.0,-0.010471204188481686,0,1
2021-02-10,2021,21,22,18900.0,18900.0,0.0,0.0,0.0,0,1
2021-02-10,2021,22,23,18900.0,18900.0,0.0,0.0,0.0,0,1
2021-02-10,2021,23,24,18900.0,18900.0,0.0,0.0,0.0,0,1
2021-02-10,2021,24,25,18900.0,18900.0,0.0,0.0,0.0,0,1
2021-02-15,2021,20,21,19100.0,18900.0,48565.0,0.0,-0.010471204188481686,0,1
2021-02-15,2021,21,22,18900.0,18900.0,0.0,0.0,0.0,0,1
2021-02-15,2021,22,23,18900.0,18900.0,0.0,0.0,0.0,0,1
2021-02-15,2021,23,24,18900.0,18900.0,0.0,0.0,0.0,0,1
2021-02-15,2021,24,25,18900.0,18900.0,0.0,0.0,0.0,0,1
2021-02-16,2021,20,21,19000.0,18900.0,32700.0,0.0,-0.0052631578947368585,0,1
2021-02-16,2021,21,22,18900.0,18900.0,0.0,0.0,0.0,0,1
2021-02-16,2021,22,23,18900.0,18900.0,0.0,0.0,0.0,0,1
2021-02-16,2021,23,24,18900.0,18900.0,0.0,0.0,0.0,0,1
2021-02-16,2021,24,25,18900.0,18900.0,0.0,0.0,0.0,0,1
2021-02-17,2021,20,21,19000.0,18900.0,20500.0,0.0,-0.0052631578947368585,0,1
2021-02-17,2021,21,22,18900.0,18900.0,0.0,0.0,0.0,0,1
2021-02-17,2021,22,23,18900.0,18900.0,0.0,0.0,0.0,0,1
2021-02-17,2021,23,24,18900.0,18900.0,0.0,0.0,0.0,0,1
2021-02-17,2021,24,25,18900.0,18900.0,0.0,0.0,0.0,0,1
2021-02-18,2021,20,21,18900.0,18900.0,26500.0,0.0,0.0,0,1
2021-02-18,2021,21,22,18900.0,18900.0,0.0,0.0,0.0,0,1
2021-02-18,2021,22,23,18900.0,18900.0,0.0,0.0,0.0,0,1
2021-02-18,2021,23,24,18900.0,18900.0,0.0,0.0,0.0,0,1
2021-02-18,2021,24,25,18900.0,18900.0,0.0,0.0,0.0,0,1
2021-02-19,2021,20,21,19000.0,18900.0,18500.0,0.0,-0.0052631578947368585,0,1
2021-02-19,2021,21,22,18900.0,18900.0,0.0,0.0,0.0,0,1
2021-02-19,2021,22,23,18900.0,18900.0,0.0,0.0,0.0,0,1
2021-02-19,2021,23,24,18900.0,18900.0,0.0,0.0,0.0,0,1
2021-02-19,2021,24,25,18900.0,18900.0,0.0,0.0,0.0,0,1
2021-02-22,2021,20,21,19000.0,18900.0,6700.0,0.0,-0.0052631578947368585,0,1
2021-02-22,2021,21,22,18900.0,18900.0,0.0,0.0,0.0,0,1
2021-02-22,2021,22,23,18900.0,18900.0,0.0,0.0,0.0,0,1
2021-02-22,2021,23,24,18900.0,18900.0,0.0,0.0,0.0,0,1
2021-02-22,2021,24,25,18900.0,18900.0,0.0,0.0,0.0,0,1
2021-02-23,2021,20,21,19000.0,18900.0,17462.0,0.0,-0.0052631578947368585,0,1
2021-02-23,2021,21,22,18900.0,18900.0,0.0,0.0,0.0,0,1
2021-02-23,2021,22,23,18900.0,18900.0,0.0,0.0,0.0,0,1
2021-02-23,2021,23,24,18900.0,18900.0,0.0,0.0,0.0,0,1
2021-02-23,2021,24,25,18900.0,18900.0,0.0,0.0,0.0,0,1
2021-02-24,2021,20,21,19000.0,18900.0,33826.0,0.0,-0.0052631578947368585,0,1
2021-02-24,2021,21,22,18900.0,18900.0,0.0,0.0,0.0,0,1
2021-02-24,2021,22,23,18900.0,18900.0,0.0,0.0,0.0,0,1
2021-02-24,2021,23,24,18900.0,18900.0,0.0,0.0,0.0,0,1
2021-02-24,2021,24,25,18900.0,18900.0,0.0,0.0,0.0,0,1
2021-02-25,2021,20,21,18950.0,18900.0,36729.0,0.0,-0.0026385224274406704,0,1
2021-02-25,2021,21,22,18900.0,18900.0,0.0,0.0,0.0,0,1
2021-02-25,2021,22,23,18900.0,18900.0,0.0,0.0,0.0,0,1
2021-02-25,2021,23,24,18900.0,18900.0,0.0,0.0,0.0,0,1
2021-02-25,2021,24,25,18900.0,18900.0,0.0,0.0,0.0,0,1
2021-02-26,2021,20,21,18950.0,18900.0,30271.0,0.0,-0.0026385224274406704,0,1
2021-02-26,2021,21,22,18900.0,18900.0,0.0,0.0,0.0,0,1
2021-02-26,2021,22,23,18900.0,18900.0,0.0,0.0,0.0,0,1
2021-02-26,2021,23,24,18900.0,18900.0,0.0,0.0,0.0,0,1
2021-02-26,2021,24,25,18900.0,18900.0,0.0,0.0,0.0,0,1
2021-03-02,2021,20,21,18000.0,18900.0,3000.0,0.0,0.050000000000000044,0,1
2021-03-02,2021,21,22,18900.0,18900.0,0.0,0.0,0.0,0,1
2021-03-02,2021,22,23,18900.0,18900.0,0.0,0.0,0.0,0,1
2021-03-02,2021,23,24,18900.0,18900.0,0.0,0.0,0.0,0,1
2021-03-02,2021,24,25,18900.0,18900.0,0.0,0.0,0.0,0,1
2021-03-03,2021,20,21,18400.0,18900.0,10700.0,0.0,0.02717391304347827,0,1
2021-03-03,2021,21,22,18900.0,18900.0,0.0,0.0,0.0,0,1
2021-03-03,2021,22,23,18900.0,18900.0,0.0,0.0,0.0,0,1
2021-03-03,2021,23,24,18900.0,18900.0,0.0,0.0,0.0,0,1
2021-03-03,2021,24,25,18900.0,18900.0,0.0,0.0,0.0,0,1
2021-03-04,2021,20,21,18400.0,18900.0,14100.0,0.0,0.02717391304347827,0,1
2021-03-04,2021,21,22,18900.0,18900.0,0.0,0.0,0.0,0,1
2021-03-04,2021,22,23,18900.0,18900.0,0.0,0.0,0.0,0,1
2021-03-04,2021,23,24,18900.0,18900.0,0.0,0.0,0.0,0,1
2021-03-04,2021,24,25,18900.0,18900.0,0.0,0.0,0.0,0,1
2021-03-05,2021,20,21,18900.0,18900.0,20285.0,0.0,0.0,0,1
2021-03-05,2021,21,22,18900.0,18900.0,0.0,0.0,0.0,0,1
2021-03-05,2021,22,23,18900.0,18900.0,0.0,0.0,0.0,0,1
2021-03-05,2021,23,24,18900.0,18900.0,0.0,0.0,0.0,0,1
2021-03-05,2021,24,25,18900.0,18900.0,0.0,0.0,0.0,0,1
2021-03-08,2021,20,21,18900.0,18900.0,13600.0,0.0,0.0,0,1
2021-03-08,2021,21,22,18900.0,18900.0,0.0,0.0,0.0,0,1
2021-03-08,2021,22,23,18900.0,18900.0,0.0,0.0,0.0,0,1
2021-03-08,2021,23,24,18900.0,18900.0,0.0,0.0,0.0,0,1
2021-03-08,2021,24,25,18900.0,18900.0,0.0,0.0,0.0,0,1
2021-03-09,2021,20,21,18900.0,18900.0,28200.0,0.0,0.0,0,1
2021-03-09,2021,21,22,18900.0,18900.0,0.0,0.0,0.0,0,1
2021-03-09,2021,22,23,18900.0,18900.0,0.0,0.0,0.0,0,1
2021-03-09,2021,23,24,18900.0,18900.0,0.0,0.0,0.0,0,1
2021-03-09,2021,24,25,18900.0,18900.0,0.0,0.0,0.0,0,1
2021-03-10,2021,20,21,18900.0,18900.0,32500.0,0.0,0.0,0,1
2021-03-10,2021,21,22,18900.0,18900.0,0.0,0.0,0.0,0,1
2021-03-10,2021,22,23,18900.0,18900.0,0.0,0.0,0.0,0,1
2021-03-10,2021,23,24,18900.0,18900.0,0.0,0.0,0.0,0,1
2021-03-10,2021,24,25,18900.0,18900.0,0.0,0.0,0.0,0,1
2021-03-11,2021,20,21,18900.0,18900.0,24731.0,0.0,0.0,0,1
2021-03-11,2021,21,22,18900.0,18900.0,0.0,0.0,0.0,0,1
2021-03-11,2021,22,23,18900.0,18900.0,0.0,0.0,0.0,0,1
2021-03-11,2021,23,24,18900.0,18900.0,0.0,0.0,0.0,0,1
2021-03-11,2021,24,25,18900.0,18900.0,0.0,0.0,0.0,0,1
2021-03-12,2021,20,21,18500.0,18900.0,36900.0,0.0,0.021621621621621623,0,1
2021-03-12,2021,21,22,18900.0,18900.0,0.0,0.0,0.0,0,1
2021-03-12,2021,22,23,18900.0,18900.0,0.0,0.0,0.0,0,1
2021-03-12,2021,23,24,18900.0,18900.0,0.0,0.0,0.0,0,1
2021-03-12,2021,24,25,18900.0,18900.0,0.0,0.0,0.0,0,1
2021-03-15,2021,20,21,18000.0,18900.0,45682.0,0.0,0.050000000000000044,0,1
2021-03-15,2021,21,22,18900.0,18900.0,0.0,0.0,0.0,0,1
2021-03-15,2021,22,23,18900.0,18900.0,0.0,0.0,0.0,0,1
2021-03-15,2021,23,24,18900.0,18900.0,0.0,0.0,0.0,0,1
2021-03-15,2021,24,25,18900.0,18900.0,0.0,0.0,0.0,0,1
2021-03-16,2021,20,21,17800.0,19000.0,54669.0,0.0,0.0674157303370786,0,1
2021-03-16,2021,21,22,19000.0,18900.0,0.0,0.0,-0.0052631578947368585,0,1
2021-03-16,2021,22,23,18900.0,18900.0,0.0,0.0,0.0,0,1
2021-03-16,2021,23,24,18900.0,18900.0,0.0,0.0,0.0,0,1
2021-03-16,2021,24,25,18900.0,18900.0,0.0,0.0,0.0,0,1
2021-03-17,2021,20,21,18000.0,20000.0,26121.0,2000.0,0.11111111111111116,1,1
2021-03-17,2021,21,22,20000.0,18900.0,2000.0,0.0,-0.05500000000000005,0,1
2021-03-17,2021,22,23,18900.0,18900.0,0.0,0.0,0.0,0,1
2021-03-17,2021,23,24,18900.0,18900.0,0.0,0.0,0.0,0,1
2021-03-17,2021,24,25,18900.0,18900.0,0.0,0.0,0.0,0,1
2021-03-18,2021,20,21,18400.0,20000.0,4751.0,0.0,0.08695652173913038,0,1
2021-03-18,2021,21,22,20000.0,18900.0,0.0,0.0,-0.05500000000000005,0,1
2021-03-18,2021,22,23,18900.0,18900.0,0.0,0.0,0.0,0,1
2021-03-18,2021,23,24,18900.0,18900.0,0.0,0.0,0.0,0,1
2021-03-18,2021,24,25,18900.0,18900.0,0.0,0.0,0.0,0,1
2021-03-19,2021,20,21,18300.0,20000.0,35001.0,0.0,0.09289617486338808,0,1
2021-03-19,2021,21,22,20000.0,18900.0,0.0,0.0,-0.05500000000000005,0,1
2021-03-19,2021,22,23,18900.0,18900.0,0.0,0.0,0.0,0,1
2021-03-19,2021,23,24,18900.0,18900.0,0.0,0.0,0.0,0,1
2021-03-19,2021,24,25,18900.0,18900.0,0.0,0.0,0.0,0,1
2021-03-22,2021,20,21,18500.0,20000.0,34103.0,0.0,0.08108108108108114,0,1
2021-03-22,2021,21,22,20000.0,18900.0,0.0,0.0,-0.05500000000000005,0,1
2021-03-22,2021,22,23,18900.0,18900.0,0.0,0.0,0.0,0,1
2021-03-22,2021,23,24,18900.0,18900.0,0.0,0.0,0.0,0,1
2021-03-22,2021,24,25,18900.0,18900.0,0.0,0.0,0.0,0,1
2021-03-23,2021,20,21,18700.0,20000.0,68088.0,0.0,0.06951871657754016,0,1
2021-03-23,2021,21,22,20000.0,18900.0,0.0,0.0,-0.05500000000000005,0,1
2021-03-23,2021,22,23,18900.0,18900.0,0.0,0.0,0.0,0,1
2021-03-23,2021,23,24,18900.0,18900.0,0.0,0.0,0.0,0,1
2021-03-23,2021,24,25,18900.0,18900.0,0.0,0.0,0.0,0,1
2021-03-24,2021,20,21,18900.0,20000.0,57288.0,0.0,0.05820105820105814,0,1
2021-03-24,2021,21,22,20000.0,18900.0,0.0,0.0,-0.05500000000000005,0,1
2021-03-24,2021,22,23,18900.0,18900.0,0.0,0.0,0.0,0,1
2021-03-24,2021,23,24,18900.0,18900.0,0.0,0.0,0.0,0,1
2021-03-24,2021,24,25,18900.0,18900.0,0.0,0.0,0.0,0,1
2021-03-25,2021,20,21,18900.0,20000.0,49500.0,0.0,0.05820105820105814,0,1
2021-03-25,2021,21,22,20000.0,18900.0,0.0,0.0,-0.05500000000000005,0,1
2021-03-25,2021,22,23,18900.0,18900.0,0.0,0.0,0.0,0,1
2021-03-25,2021,23,24,18900.0,18900.0,0.0,0.0,0.0,0,1
2021-03-25,2021,24,25,18900.0,18900.0,0.0,0.0,0.0,0,1
2021-03-26,2021,20,21,18950.0,20000.0,70501.0,0.0,0.0554089709762533,0,1
2021-03-26,2021,21,22,20000.0,18900.0,0.0,0.0,-0.05500000000000005,0,1
2021-03-26,2021,22,23,18900.0,18900.0,0.0,0.0,0.0,0,1
2021-03-26,2021,23,24,18900.0,18900.0,0.0,0.0,0.0,0,1
2021-03-26,2021,24,25,18900.0,18900.0,0.0,0.0,0.0,0,1
2021-03-29,2021,20,21,18900.0,20200.0,80800.0,0.0,0.06878306878306883,0,1
2021-03-29,2021,21,22,20200.0,18900.0,0.0,0.0,-0.0643564356435643,0,1
2021-03-29,2021,22,23,18900.0,18900.0,0.0,0.0,0.0,0,1
2021-03-29,2021,23,24,18900.0,18900.0,0.0,0.0,0.0,0,1
2021-03-29,2021,24,25,18900.0,18900.0,0.0,0.0,0.0,0,1
2021-03-30,2021,20,21,18350.0,20200.0,52500.0,0.0,0.10081743869209814,0,1
2021-03-30,2021,21,22,20200.0,18900.0,0.0,0.0,-0.0643564356435643,0,1
2021-03-30,2021,22,23,18900.0,18900.0,0.0,0.0,0.0,0,1
2021-03-30,2021,23,24,18900.0,18900.0,0.0,0.0,0.0,0,1
2021-03-30,2021,24,25,18900.0,18900.0,0.0,0.0,0.0,0,1
2021-03-31,2021,20,21,18100.0,20150.0,29825.0,500.0,0.11325966850828739,1,1
2021-03-31,2021,21,22,20150.0,18900.0,500.0,0.0,-0.06203473945409432,0,1
2021-03-31,2021,22,23,18900.0,18900.0,0.0,0.0,0.0,0,1
2021-03-31,2021,23,24,18900.0,18900.0,0.0,0.0,0.0,0,1
2021-03-31,2021,24,25,18900.0,18900.0,0.0,0.0,0.0,0,1
2021-04-01,2021,20,21,18000.0,20150.0,13200.0,0.0,0.11944444444444446,0,1
2021-04-01,2021,21,22,20150.0,18900.0,0.0,0.0,-0.06203473945409432,0,1
2021-04-01,2021,22,23,18900.0,18900.0,0.0,0.0,0.0,0,1
2021-04-01,2021,23,24,18900.0,18900.0,0.0,0.0,0.0,0,1
2021-04-01,2021,24,25,18900.0,18900.0,0.0,0.0,0.0,0,1
2021-04-02,2021,20,21,17500.0,18000.0,77200.0,0.0,0.02857142857142847,0,1
2021-04-02,2021,21,22,18000.0,18900.0,0.0,0.0,0.050000000000000044,0,1
2021-04-02,2021,22,23,18900.0,18900.0,0.0,0.0,0.0,0,1
2021-04-02,2021,23,24,18900.0,18900.0,0.0,0.0,0.0,0,1
2021-04-02,2021,24,25,18900.0,18900.0,0.0,0.0,0.0,0,1
2021-04-05,2021,20,21,16750.0,18000.0,101700.0,0.0,0.07462686567164178,0,1
2021-04-05,2021,21,22,18000.0,18900.0,0.0,0.0,0.050000000000000044,0,1
2021-04-05,2021,22,23,18900.0,18900.0,0.0,0.0,0.0,0,1
2021-04-05,2021,23,24,18900.0,18900.0,0.0,0.0,0.0,0,1
2021-04-05,2021,24,25,18900.0,18900.0,0.0,0.0,0.0,0,1
2021-04-06,2021,20,21,15400.0,18000.0,149927.0,0.0,0.16883116883116878,0,1
2021-04-06,2021,21,22,18000.0,16750.0,0.0,0.0,-0.06944444444444442,0,1
2021-04-06,2021,22,23,16750.0,16750.0,0.0,0.0,0.0,0,1
2021-04-06,2021,23,24,16750.0,16750.0,0.0,0.0,0.0,0,1
2021-04-06,2021,24,25,16750.0,16750.0,0.0,0.0,0.0,0,1
2021-04-07,2021,20,21,16300.0,15400.0,63920.0,0.0,-0.05521472392638038,0,1
2021-04-07,2021,21,22,15400.0,16750.0,0.0,0.0,0.08766233766233755,0,1
2021-04-07,2021,22,23,16750.0,16750.0,0.0,0.0,0.0,0,1
2021-04-07,2021,23,24,16750.0,16750.0,0.0,0.0,0.0,0,1
2021-04-07,2021,24,25,16750.0,16750.0,0.0,0.0,0.0,0,1
2021-04-08,2021,20,21,15800.0,15400.0,103100.0,0.0,-0.025316455696202556,0,1
2021-04-08,2021,21,22,15400.0,16750.0,0.0,0.0,0.08766233766233755,0,1
2021-04-08,2021,22,23,16750.0,16750.0,0.0,0.0,0.0,0,1
2021-04-08,2021,23,24,16750.0,16750.0,0.0,0.0,0.0,0,1
2021-04-08,2021,24,25,16750.0,16750.0,0.0,0.0,0.0,0,1
2021-04-09,2021,20,21,15000.0,15400.0,89000.0,0.0,0.026666666666666616,0,1
2021-04-09,2021,21,22,15400.0,16750.0,0.0,0.0,0.08766233766233755,0,1
2021-04-09,2021,22,23,16750.0,16750.0,0.0,0.0,0.0,0,1
2021-04-09,2021,23,24,16750.0,16750.0,0.0,0.0,0.0,0,1
2021-04-09,2021,24,25,16750.0,16750.0,0.0,0.0,0.0,0,1
2021-04-12,2021,20,21,14300.0,15400.0,134040.0,0.0,0.07692307692307687,0,1
2021-04-12,2021,21,22,15400.0,15000.0,0.0,0.0,-0.025974025974025983,0,1
2021-04-12,2021,22,23,15000.0,15000.0,0.0,0.0,0.0,0,1
2021-04-12,2021,23,24,15000.0,15000.0,0.0,0.0,0.0,0,1
2021-04-12,2021,24,25,15000.0,15000.0,0.0,0.0,0.0,0,1
2021-04-13,2021,20,21,14550.0,15400.0,74700.0,0.0,0.05841924398625431,0,1
2021-04-13,2021,21,22,15400.0,15000.0,0.0,0.0,-0.025974025974025983,0,1
2021-04-13,2021,22,23,15000.0,15000.0,0.0,0.0,0.0,0,1
2021-04-13,2021,23,24,15000.0,15000.0,0.0,0.0,0.0,0,1
2021-04-13,2021,24,25,15000.0,15000.0,0.0,0.0,0.0,0,1
2021-04-14,2021,20,21,14550.0,15400.0,92291.0,0.0,0.05841924398625431,0,1
2021-04-14,2021,21,22,15400.0,15000.0,0.0,0.0,-0.025974025974025983,0,1
2021-04-14,2021,22,23,15000.0,15000.0,0.0,0.0,0.0,0,1
2021-04-14,2021,23,24,15000.0,15000.0,0.0,0.0,0.0,0,1
2021-04-14,2021,24,25,15000.0,15000.0,0.0,0.0,0.0,0,1
2021-04-15,2021,20,21,15000.0,15400.0,46746.0,0.0,0.026666666666666616,0,1
2021-04-15,2021,21,22,15400.0,15000.0,0.0,0.0,-0.025974025974025983,0,1
2021-04-15,2021,22,23,15000.0,15000.0,0.0,0.0,0.0,0,1
2021-04-15,2021,23,24,15000.0,15000.0,0.0,0.0,0.0,0,1
2021-04-15,2021,24,25,15000.0,15000.0,0.0,0.0,0.0,0,1
2021-04-16,2021,20,21,15500.0,15400.0,128038.0,0.0,-0.006451612903225823,0,1
2021-04-16,2021,21,22,15400.0,15000.0,0.0,0.0,-0.025974025974025983,0,1
2021-04-16,2021,22,23,15000.0,15000.0,0.0,0.0,0.0,0,1
2021-04-16,2021,23,24,15000.0,15000.0,0.0,0.0,0.0,0,1
2021-04-16,2021,24,25,15000.0,15000.0,0.0,0.0,0.0,0,1
2021-04-19,2021,20,21,15700.0,15400.0,67968.0,0.0,-0.019108280254777066,0,1
2021-04-19,2021,21,22,15400.0,15000.0,0.0,0.0,-0.025974025974025983,0,1
2021-04-19,2021,22,23,15000.0,15000.0,0.0,0.0,0.0,0,1
2021-04-19,2021,23,24,15000.0,15000.0,0.0,0.0,0.0,0,1
2021-04-19,2021,24,25,15000.0,15000.0,0.0,0.0,0.0,0,1
2021-04-20,2021,20,21,16000.0,15550.0,67324.0,0.0,-0.028124999999999956,0,1
2021-04-20,2021,21,22,15550.0,15000.0,0.0,0.0,-0.03536977491961413,0,1
2021-04-20,2021,22,23,15000.0,15000.0,0.0,0.0,0.0,0,1
2021-04-20,2021,23,24,15000.0,15000.0,0.0,0.0,0.0,0,1
2021-04-20,2021,24,25,15000.0,15000.0,0.0,0.0,0.0,0,1
2021-04-21,2021,20,21,16700.0,15600.0,53352.0,0.0,-0.06586826347305386,0,1
2021-04-21,2021,21,22,15600.0,15000.0,0.0,0.0,-0.038461538461538436,0,1
2021-04-21,2021,22,23,15000.0,15000.0,0.0,0.0,0.0,0,1
2021-04-21,2021,23,24,15000.0,15000.0,0.0,0.0,0.0,0,1
2021-04-21,2021,24,25,15000.0,15000.0,0.0,0.0,0.0,0,1
2021-04-22,2021,20,21,17050.0,15650.0,23684.0,0.0,-0.08211143695014667,0,1
2021-04-22,2021,21,22,15650.0,16700.0,0.0,0.0,0.06709265175718859,0,1
2021-04-22,2021,22,23,16700.0,16700.0,0.0,0.0,0.0,0,1
2021-04-22,2021,23,24,16700.0,16700.0,0.0,0.0,0.0,0,1
2021-04-22,2021,24,25,16700.0,16700.0,0.0,0.0,0.0,0,1
2021-04-23,2021,20,21,17750.0,15650.0,48523.0,0.0,-0.11830985915492953,0,1
2021-04-23,2021,21,22,15650.0,16700.0,0.0,0.0,0.06709265175718859,0,1
2021-04-23,2021,22,23,16700.0,16700.0,0.0,0.0,0.0,0,1
2021-04-23,2021,23,24,16700.0,16700.0,0.0,0.0,0.0,0,1
2021-04-23,2021,24,25,16700.0,16700.0,0.0,0.0,0.0,0,1
2021-04-26,2021,20,21,18800.0,17750.0,82435.0,0.0,-0.05585106382978722,0,1
2021-04-26,2021,21,22,17750.0,16700.0,0.0,0.0,-0.05915492957746482,0,1
2021-04-26,2021,22,23,16700.0,16700.0,0.0,0.0,0.0,0,1
2021-04-26,2021,23,24,16700.0,16700.0,0.0,0.0,0.0,0,1
2021-04-26,2021,24,25,16700.0,16700.0,0.0,0.0,0.0,0,1
2021-04-27,2021,20,21,19900.0,17750.0,77003.0,0.0,-0.1080402010050251,0,1
2021-04-27,2021,21,22,17750.0,18800.0,0.0,0.0,0.05915492957746471,0,1
2021-04-27,2021,22,23,18800.0,18800.0,0.0,0.0,0.0,0,1
2021-04-27,2021,23,24,18800.0,18800.0,0.0,0.0,0.0,0,1
2021-04-27,2021,24,25,18800.0,18800.0,0.0,0.0,0.0,0,1
2021-04-28,2021,20,21,19100.0,19900.0,59919.0,0.0,0.041884816753926746,0,1
2021-04-28,2021,21,22,19900.0,18800.0,0.0,0.0,-0.055276381909547756,0,1
2021-04-28,2021,22,23,18800.0,18800.0,0.0,0.0,0.0,0,1
2021-04-28,2021,23,24,18800.0,18800.0,0.0,0.0,0.0,0,1
2021-04-28,2021,24,25,18800.0,18800.0,0.0,0.0,0.0,0,1
2021-04-29,2021,20,21,18300.0,19900.0,78308.0,0.0,0.08743169398907114,0,1
2021-04-29,2021,21,22,19900.0,18800.0,0.0,0.0,-0.055276381909547756,0,1
2021-04-29,2021,22,23,18800.0,18800.0,0.0,0.0,0.0,0,1
2021-04-29,2021,23,24,18800.0,18800.0,0.0,0.0,0.0,0,1
2021-04-29,2021,24,25,18800.0,18800.0,0.0,0.0,0.0,0,1
2021-04-30,2021,20,21,18300.0,19900.0,35542.0,0.0,0.08743169398907114,0,1
2021-04-30,2021,21,22,19900.0,18800.0,0.0,0.0,-0.055276381909547756,0,1
2021-04-30,2021,22,23,18800.0,18800.0,0.0,0.0,0.0,0,1
2021-04-30,2021,23,24,18800.0,18800.0,0.0,0.0,0.0,0,1
2021-04-30,2021,24,25,18800.0,18800.0,0.0,0.0,0.0,0,1
2021-05-03,2021,20,21,17000.0,19900.0,16500.0,0.0,0.1705882352941177,0,1
2021-05-03,2021,21,22,19900.0,18800.0,0.0,0.0,-0.055276381909547756,0,1
2021-05-03,2021,22,23,18800.0,18800.0,0.0,0.0,0.0,0,1
2021-05-03,2021,23,24,18800.0,18800.0,0.0,0.0,0.0,0,1
2021-05-03,2021,24,25,18800.0,18800.0,0.0,0.0,0.0,0,1
2021-05-04,2021,20,21,17050.0,17200.0,69500.0,0.0,0.008797653958944274,0,1
2021-05-04,2021,21,22,17200.0,17000.0,0.0,0.0,-0.011627906976744207,0,1
2021-05-04,2021,22,23,17000.0,17000.0,0.0,0.0,0.0,0,1
2021-05-04,2021,23,24,17000.0,17000.0,0.0,0.0,0.0,0,1
2021-05-04,2021,24,25,17000.0,17000.0,0.0,0.0,0.0,0,1
2021-05-06,2021,20,21,18300.0,17200.0,87213.0,0.0,-0.060109289617486295,0,1
2021-05-06,2021,21,22,17200.0,17000.0,0.0,0.0,-0.011627906976744207,0,1
2021-05-06,2021,22,23,17000.0,17000.0,0.0,0.0,0.0,0,1
2021-05-06,2021,23,24,17000.0,17000.0,0.0,0.0,0.0,0,1
2021-05-06,2021,24,25,17000.0,17000.0,0.0,0.0,0.0,0,1
2021-05-07,2021,20,21,18300.0,17200.0,50000.0,0.0,-0.060109289617486295,0,1
2021-05-07,2021,21,22,17200.0,17000.0,0.0,0.0,-0.011627906976744207,0,1
2021-05-07,2021,22,23,17000.0,17000.0,0.0,0.0,0.0,0,1
2021-05-07,2021,23,24,17000.0,17000.0,0.0,0.0,0.0,0,1
2021-05-07,2021,24,25,17000.0,17000.0,0.0,0.0,0.0,0,1
2021-05-10,2021,20,21,18000.0,17500.0,25059.0,0.0,-0.02777777777777779,0,1
2021-05-10,2021,21,22,17500.0,17000.0,0.0,0.0,-0.02857142857142858,0,1
2021-05-10,2021,22,23,17000.0,17000.0,0.0,0.0,0.0,0,1
2021-05-10,2021,23,24,17000.0,17000.0,0.0,0.0,0.0,0,1
2021-05-10,2021,24,25,17000.0,17000.0,0.0,0.0,0.0,0,1
2021-05-11,2021,20,21,17950.0,17600.0,52720.0,0.0,-0.01949860724233987,0,1
2021-05-11,2021,21,22,17600.0,17000.0,0.0,0.0,-0.03409090909090906,0,1
2021-05-11,2021,22,23,17000.0,17000.0,0.0,0.0,0.0,0,1
2021-05-11,2021,23,24,17000.0,17000.0,0.0,0.0,0.0,0,1
2021-05-11,2021,24,25,17000.0,17000.0,0.0,0.0,0.0,0,1
2021-05-12,2021,20,21,17900.0,17800.0,59500.0,0.0,-0.005586592178770999,0,1
2021-05-12,2021,21,22,17800.0,17000.0,0.0,0.0,-0.0449438202247191,0,1
2021-05-12,2021,22,23,17000.0,17000.0,0.0,0.0,0.0,0,1
2021-05-12,2021,23,24,17000.0,17000.0,0.0,0.0,0.0,0,1
2021-05-12,2021,24,25,17000.0,17000.0,0.0,0.0,0.0,0,1
2021-05-13,2021,20,21,18000.0,17800.0,57007.0,0.0,-0.011111111111111072,0,1
2021-05-13,2021,21,22,17800.0,17000.0,0.0,0.0,-0.0449438202247191,0,1
2021-05-13,2021,22,23,17000.0,17000.0,0.0,0.0,0.0,0,1
2021-05-13,2021,23,24,17000.0,17000.0,0.0,0.0,0.0,0,1
2021-05-13,2021,24,25,17000.0,17000.0,0.0,0.0,0.0,0,1
2021-05-14,2021,20,21,18000.0,18000.0,55500.0,0.0,0.0,0,1
2021-05-14,2021,21,22,18000.0,17000.0,0.0,0.0,-0.05555555555555558,0,1
2021-05-14,2021,22,23,17000.0,17000.0,0.0,0.0,0.0,0,1
2021-05-14,2021,23,24,17000.0,17000.0,0.0,0.0,0.0,0,1
2021-05-14,2021,24,25,17000.0,17000.0,0.0,0.0,0.0,0,1
2021-05-17,2021,20,21,17950.0,18000.0,50434.0,0.0,0.0027855153203342198,0,1
2021-05-17,2021,21,22,18000.0,18000.0,0.0,0.0,0.0,0,1
2021-05-17,2021,22,23,18000.0,18000.0,0.0,0.0,0.0,0,1
2021-05-17,2021,23,24,18000.0,18000.0,0.0,0.0,0.0,0,1
2021-05-17,2021,24,25,18000.0,18000.0,0.0,0.0,0.0,0,1
2021-05-18,2021,20,21,17850.0,19000.0,50800.0,0.0,0.06442577030812324,0,1
2021-05-18,2021,21,22,19000.0,18000.0,0.0,0.0,-0.052631578947368474,0,1
2021-05-18,2021,22,23,18000.0,18000.0,0.0,0.0,0.0,0,1
2021-05-18,2021,23,24,18000.0,18000.0,0.0,0.0,0.0,0,1
2021-05-18,2021,24,25,18000.0,18000.0,0.0,0.0,0.0,0,1
2021-05-20,2021,20,21,17800.0,19000.0,102470.0,0.0,0.0674157303370786,0,1
2021-05-20,2021,21,22,19000.0,18000.0,0.0,0.0,-0.052631578947368474,0,1
2021-05-20,2021,22,23,18000.0,18000.0,0.0,0.0,0.0,0,1
2021-05-20,2021,23,24,18000.0,18000.0,0.0,0.0,0.0,0,1
2021-05-20,2021,24,25,18000.0,18000.0,0.0,0.0,0.0,0,1
2021-05-21,2021,20,21,17700.0,19000.0,33980.0,0.0,0.07344632768361592,0,1
2021-05-21,2021,21,22,19000.0,18000.0,0.0,0.0,-0.052631578947368474,0,1
2021-05-21,2021,22,23,18000.0,18000.0,0.0,0.0,0.0,0,1
2021-05-21,2021,23,24,18000.0,18000.0,0.0,0.0,0.0,0,1
2021-05-21,2021,24,25,18000.0,18000.0,0.0,0.0,0.0,0,1
2021-05-24,2021,20,21,17000.0,19100.0,91645.0,0.0,0.12352941176470589,0,1
2021-05-24,2021,21,22,19100.0,18000.0,0.0,0.0,-0.05759162303664922,0,1
2021-05-24,2021,22,23,18000.0,18000.0,0.0,0.0,0.0,0,1
2021-05-24,2021,23,24,18000.0,18000.0,0.0,0.0,0.0,0,1
2021-05-24,2021,24,25,18000.0,18000.0,0.0,0.0,0.0,0,1
2021-05-25,2021,20,21,17000.0,17000.0,106163.0,0.0,0.0,0,1
2021-05-25,2021,21,22,17000.0,18000.0,0.0,0.0,0.05882352941176472,0,1
2021-05-25,2021,22,23,18000.0,18000.0,0.0,0.0,0.0,0,1
2021-05-25,2021,23,24,18000.0,18000.0,0.0,0.0,0.0,0,1
2021-05-25,2021,24,25,18000.0,18000.0,0.0,0.0,0.0,0,1
2021-05-26,2021,20,21,17000.0,17000.0,72068.0,0.0,0.0,0,1
2021-05-26,2021,21,22,17000.0,18000.0,0.0,0.0,0.05882352941176472,0,1
2021-05-26,2021,22,23,18000.0,18000.0,0.0,0.0,0.0,0,1
2021-05-26,2021,23,24,18000.0,18000.0,0.0,0.0,0.0,0,1
2021-05-26,2021,24,25,18000.0,18000.0,0.0,0.0,0.0,0,1
2021-05-27,2021,20,21,17050.0,17500.0,176447.0,0.0,0.02639296187683282,0,1
2021-05-27,2021,21,22,17500.0,18000.0,0.0,0.0,0.02857142857142847,0,1
2021-05-27,2021,22,23,18000.0,18000.0,0.0,0.0,0.0,0,1
2021-05-27,2021,23,24,18000.0,18000.0,0.0,0.0,0.0,0,1
2021-05-27,2021,24,25,18000.0,18000.0,0.0,0.0,0.0,0,1
2021-05-28,2021,20,21,16950.0,19250.0,75068.0,500.0,0.13569321533923295,1,1
2021-05-28,2021,21,22,19250.0,18000.0,500.0,0.0,-0.06493506493506496,0,1
2021-05-28,2021,22,23,18000.0,18000.0,0.0,0.0,0.0,0,1
2021-05-28,2021,23,24,18000.0,18000.0,0.0,0.0,0.0,0,1
2021-05-28,2021,24,25,18000.0,18000.0,0.0,0.0,0.0,0,1
2021-05-31,2021,20,21,17050.0,19300.0,100056.0,0.0,0.13196480938416433,0,1
2021-05-31,2021,21,22,19300.0,18000.0,0.0,0.0,-0.06735751295336789,0,1
2021-05-31,2021,22,23,18000.0,18000.0,0.0,0.0,0.0,0,1
2021-05-31,2021,23,24,18000.0,18000.0,0.0,0.0,0.0,0,1
2021-05-31,2021,24,25,18000.0,18000.0,0.0,0.0,0.0,0,1
2021-06-01,2021,20,21,15350.0,17050.0,181527.0,0.0,0.11074918566775249,0,1
2021-06-01,2021,21,22,17050.0,18000.0,0.0,0.0,0.055718475073313734,0,1
2021-06-01,2021,22,23,18000.0,18000.0,0.0,0.0,0.0,0,1
2021-06-01,2021,23,24,18000.0,18000.0,0.0,0.0,0.0,0,1
2021-06-01,2021,24,25,18000.0,18000.0,0.0,0.0,0.0,0,1
2021-06-02,2021,20,21,13850.0,15350.0,286458.0,0.0,0.10830324909747291,0,1
2021-06-02,2021,21,22,15350.0,15350.0,0.0,0.0,0.0,0,1
2021-06-02,2021,22,23,15350.0,15350.0,0.0,0.0,0.0,0,1
2021-06-02,2021,23,24,15350.0,15350.0,0.0,0.0,0.0,0,1
2021-06-02,2021,24,25,15350.0,15350.0,0.0,0.0,0.0,0,1
2021-06-03,2021,20,21,13550.0,15000.0,378617.0,0.0,0.10701107011070121,0,1
2021-06-03,2021,21,22,15000.0,13850.0,0.0,0.0,-0.07666666666666666,0,1
2021-06-03,2021,22,23,13850.0,13850.0,0.0,0.0,0.0,0,1
2021-06-03,2021,23,24,13850.0,13850.0,0.0,0.0,0.0,0,1
2021-06-03,2021,24,25,13850.0,13850.0,0.0,0.0,0.0,0,1
2021-06-04,2021,20,21,14100.0,14900.0,193598.0,2000.0,0.05673758865248235,1,1
2021-06-04,2021,21,22,14900.0,13850.0,2000.0,0.0,-0.07046979865771807,0,1
2021-06-04,2021,22,23,13850.0,13850.0,0.0,0.0,0.0,0,1
2021-06-04,2021,23,24,13850.0,13850.0,0.0,0.0,0.0,0,1
2021-06-04,2021,24,25,13850.0,13850.0,0.0,0.0,0.0,0,1
2021-06-07,2021,20,21,14100.0,16350.0,230985.0,2000.0,0.15957446808510634,1,1
2021-06-07,2021,21,22,16350.0,13850.0,2000.0,0.0,-0.15290519877675846,0,1
2021-06-07,2021,22,23,13850.0,13850.0,0.0,0.0,0.0,0,1
2021-06-07,2021,23,24,13850.0,13850.0,0.0,0.0,0.0,0,1
2021-06-07,2021,24,25,13850.0,13850.0,0.0,0.0,0.0,0,1
2021-06-08,2021,20,21,14150.0,17950.0,324272.0,1500.0,0.2685512367491165,1,1
2021-06-08,2021,21,22,17950.0,13850.0,1500.0,0.0,-0.22841225626740946,0,1
2021-06-08,2021,22,23,13850.0,13850.0,0.0,0.0,0.0,0,1
2021-06-08,2021,23,24,13850.0,13850.0,0.0,0.0,0.0,0,1
2021-06-08,2021,24,25,13850.0,13850.0,0.0,0.0,0.0,0,1
2021-06-09,2021,20,21,15100.0,19700.0,305061.0,2000.0,0.304635761589404,1,1
2021-06-09,2021,21,22,19700.0,13850.0,2000.0,0.0,-0.29695431472081213,0,1
2021-06-09,2021,22,23,13850.0,13850.0,0.0,0.0,0.0,0,1
2021-06-09,2021,23,24,13850.0,13850.0,0.0,0.0,0.0,0,1
2021-06-09,2021,24,25,13850.0,13850.0,0.0,0.0,0.0,0,1
2021-06-10,2021,20,21,15500.0,19700.0,193786.0,1000.0,0.2709677419354839,1,1
2021-06-10,2021,21,22,19700.0,13850.0,1000.0,0.0,-0.29695431472081213,0,1
2021-06-10,2021,22,23,13850.0,13850.0,0.0,0.0,0.0,0,1
2021-06-10,2021,23,24,13850.0,13850.0,0.0,0.0,0.0,0,1
2021-06-10,2021,24,25,13850.0,13850.0,0.0,0.0,0.0,0,1
2021-06-11,2021,20,21,15650.0,19700.0,114315.0,2000.0,0.2587859424920127,1,1
2021-06-11,2021,21,22,19700.0,15500.0,2000.0,0.0,-0.21319796954314718,0,1
2021-06-11,2021,22,23,15500.0,15500.0,0.0,0.0,0.0,0,1
2021-06-11,2021,23,24,15500.0,15500.0,0.0,0.0,0.0,0,1
2021-06-11,2021,24,25,15500.0,15500.0,0.0,0.0,0.0,0,1
2021-06-14,2021,20,21,15550.0,19700.0,36772.0,2000.0,0.26688102893890675,1,1
2021-06-14,2021,21,22,19700.0,15500.0,2000.0,0.0,-0.21319796954314718,0,1
2021-06-14,2021,22,23,15500.0,15500.0,0.0,0.0,0.0,0,1
2021-06-14,2021,23,24,15500.0,15500.0,0.0,0.0,0.0,0,1
2021-06-14,2021,24,25,15500.0,15500.0,0.0,0.0,0.0,0,1
2021-06-15,2021,20,21,15450.0,19700.0,293837.0,0.0,0.27508090614886727,0,1
2021-06-15,2021,21,22,19700.0,15500.0,0.0,0.0,-0.21319796954314718,0,1
2021-06-15,2021,22,23,15500.0,15500.0,0.0,0.0,0.0,0,1
2021-06-15,2021,23,24,15500.0,15500.0,0.0,0.0,0.0,0,1
2021-06-15,2021,24,25,15500.0,15500.0,0.0,0.0,0.0,0,1
2021-06-16,2021,20,21,14400.0,16950.0,183732.0,0.0,0.17708333333333326,0,1
2021-06-16,2021,21,22,16950.0,15500.0,0.0,0.0,-0.08554572271386429,0,1
2021-06-16,2021,22,23,15500.0,15500.0,0.0,0.0,0.0,0,1
2021-06-16,2021,23,24,15500.0,15500.0,0.0,0.0,0.0,0,1
2021-06-16,2021,24,25,15500.0,15500.0,0.0,0.0,0.0,0,1
2021-06-17,2021,20,21,13000.0,15800.0,240464.0,0.0,0.21538461538461529,0,1
2021-06-17,2021,21,22,15800.0,15500.0,0.0,0.0,-0.01898734177215189,0,1
2021-06-17,2021,22,23,15500.0,15500.0,0.0,0.0,0.0,0,1
2021-06-17,2021,23,24,15500.0,15500.0,0.0,0.0,0.0,0,1
2021-06-17,2021,24,25,15500.0,15500.0,0.0,0.0,0.0,0,1
2021-06-18,2021,20,21,11950.0,14300.0,170823.0,0.0,0.19665271966527187,0,1
2021-06-18,2021,21,22,14300.0,13000.0,0.0,0.0,-0.09090909090909094,0,1
2021-06-18,2021,22,23,13000.0,13000.0,0.0,0.0,0.0,0,1
2021-06-18,2021,23,24,13000.0,13000.0,0.0,0.0,0.0,0,1
2021-06-18,2021,24,25,13000.0,13000.0,0.0,0.0,0.0,0,1
2021-06-21,2021,20,21,10800.0,13100.0,224027.0,1000.0,0.21296296296296302,1,1
2021-06-21,2021,21,22,13100.0,13000.0,1000.0,0.0,-0.007633587786259555,0,1
2021-06-21,2021,22,23,13000.0,13000.0,0.0,0.0,0.0,0,1
2021-06-21,2021,23,24,13000.0,13000.0,0.0,0.0,0.0,0,1
2021-06-21,2021,24,25,13000.0,13000.0,0.0,0.0,0.0,0,1
2021-06-22,2021,20,21,10500.0,14400.0,187709.0,0.0,0.37142857142857144,0,1
2021-06-22,2021,21,22,14400.0,10800.0,0.0,0.0,-0.25,0,1
2021-06-22,2021,22,23,10800.0,10800.0,0.0,0.0,0.0,0,1
2021-06-22,2021,23,24,10800.0,10800.0,0.0,0.0,0.0,0,1
2021-06-22,2021,24,25,10800.0,10800.0,0.0,0.0,0.0,0,1
2021-06-23,2021,20,21,11550.0,11550.0,103023.0,0.0,0.0,0,1
2021-06-23,2021,21,22,11550.0,10800.0,0.0,0.0,-0.06493506493506496,0,1
2021-06-23,2021,22,23,10800.0,10800.0,0.0,0.0,0.0,0,1
2021-06-23,2021,23,24,10800.0,10800.0,0.0,0.0,0.0,0,1
2021-06-23,2021,24,25,10800.0,10800.0,0.0,0.0,0.0,0,1
2021-06-24,2021,20,21,12700.0,12700.0,148672.0,0.0,0.0,0,1
2021-06-24,2021,21,22,12700.0,10800.0,0.0,0.0,-0.14960629921259838,0,1
2021-06-24,2021,22,23,10800.0,10800.0,0.0,0.0,0.0,0,1
2021-06-24,2021,23,24,10800.0,10800.0,0.0,0.0,0.0,0,1
2021-06-24,2021,24,25,10800.0,10800.0,0.0,0.0,0.0,0,1
2021-06-25,2021,20,21,13700.0,13950.0,147953.0,0.0,0.018248175182481674,0,1
2021-06-25,2021,21,22,13950.0,12700.0,0.0,0.0,-0.08960573476702505,0,1
2021-06-25,2021,22,23,12700.0,12700.0,0.0,0.0,0.0,0,1
2021-06-25,2021,23,24,12700.0,12700.0,0.0,0.0,0.0,0,1
2021-06-25,2021,24,25,12700.0,12700.0,0.0,0.0,0.0,0,1
2021-06-28,2021,20,21,15050.0,15300.0,269929.0,0.0,0.01661129568106312,0,1
2021-06-28,2021,21,22,15300.0,12700.0,0.0,0.0,-0.16993464052287577,0,1
2021-06-28,2021,22,23,12700.0,12700.0,0.0,0.0,0.0,0,1
2021-06-28,2021,23,24,12700.0,12700.0,0.0,0.0,0.0,0,1
2021-06-28,2021,24,25,12700.0,12700.0,0.0,0.0,0.0,0,1
2021-06-29,2021,20,21,14700.0,16800.0,168038.0,0.0,0.1428571428571428,0,1
2021-06-29,2021,21,22,16800.0,15050.0,0.0,0.0,-0.10416666666666663,0,1
2021-06-29,2021,22,23,15050.0,15050.0,0.0,0.0,0.0,0,1
2021-06-29,2021,23,24,15050.0,15050.0,0.0,0.0,0.0,0,1
2021-06-29,2021,24,25,15050.0,15050.0,0.0,0.0,0.0,0,1
2021-06-30,2021,20,21,15800.0,16150.0,85975.0,0.0,0.02215189873417711,0,1
2021-06-30,2021,21,22,16150.0,15050.0,0.0,0.0,-0.06811145510835914,0,1
2021-06-30,2021,22,23,15050.0,15050.0,0.0,0.0,0.0,0,1
2021-06-30,2021,23,24,15050.0,15050.0,0.0,0.0,0.0,0,1
2021-06-30,2021,24,25,15050.0,15050.0,0.0,0.0,0.0,0,1
2021-07-01,2021,20,21,16000.0,17750.0,9521.0,0.0,0.109375,0,1
2021-07-01,2021,21,22,17750.0,15050.0,0.0,0.0,-0.15211267605633805,0,1
2021-07-01,2021,22,23,15050.0,15050.0,0.0,0.0,0.0,0,1
2021-07-01,2021,23,24,15050.0,15050.0,0.0,0.0,0.0,0,1
2021-07-01,2021,24,25,15050.0,15050.0,0.0,0.0,0.0,0,1
2021-07-02,2021,20,21,16100.0,17600.0,29474.0,0.0,0.0931677018633541,0,1
2021-07-02,2021,21,22,17600.0,15050.0,0.0,0.0,-0.14488636363636365,0,1
2021-07-02,2021,22,23,15050.0,15050.0,0.0,0.0,0.0,0,1
2021-07-02,2021,23,24,15050.0,15050.0,0.0,0.0,0.0,0,1
2021-07-02,2021,24,25,15050.0,15050.0,0.0,0.0,0.0,0,1
2021-07-05,2021,20,21,16100.0,19350.0,8000.0,0.0,0.20186335403726718,0,1
2021-07-05,2021,21,22,19350.0,15050.0,0.0,0.0,-0.2222222222222222,0,1
2021-07-05,2021,22,23,15050.0,15050.0,0.0,0.0,0.0,0,1
2021-07-05,2021,23,24,15050.0,15050.0,0.0,0.0,0.0,0,1
2021-07-05,2021,24,25,15050.0,15050.0,0.0,0.0,0.0,0,1
2021-07-06,2021,20,21,16500.0,17700.0,12700.0,0.0,0.07272727272727275,0,1
2021-07-06,2021,21,22,17700.0,15050.0,0.0,0.0,-0.1497175141242938,0,1
2021-07-06,2021,22,23,15050.0,15050.0,0.0,0.0,0.0,0,1
2021-07-06,2021,23,24,15050.0,15050.0,0.0,0.0,0.0,0,1
2021-07-06,2021,24,25,15050.0,15050.0,0.0,0.0,0.0,0,1
2021-07-07,2021,20,21,17300.0,19450.0,10530.0,0.0,0.12427745664739875,0,1
2021-07-07,2021,21,22,19450.0,15050.0,0.0,0.0,-0.22622107969151672,0,1
2021-07-07,2021,22,23,15050.0,15050.0,0.0,0.0,0.0,0,1
2021-07-07,2021,23,24,15050.0,15050.0,0.0,0.0,0.0,0,1
2021-07-07,2021,24,25,15050.0,15050.0,0.0,0.0,0.0,0,1
2021-07-08,2021,20,21,17800.0,19000.0,37100.0,0.0,0.0674157303370786,0,1
2021-07-08,2021,21,22,19000.0,17300.0,0.0,0.0,-0.08947368421052626,0,1
2021-07-08,2021,22,23,17300.0,17300.0,0.0,0.0,0.0,0,1
2021-07-08,2021,23,24,17300.0,17300.0,0.0,0.0,0.0,0,1
2021-07-08,2021,24,25,17300.0,17300.0,0.0,0.0,0.0,0,1
2021-07-09,2021,20,21,19050.0,20000.0,8303.0,0.0,0.04986876640419946,0,1
2021-07-09,2021,21,22,20000.0,17300.0,0.0,0.0,-0.135,0,1
2021-07-09,2021,22,23,17300.0,17300.0,0.0,0.0,0.0,0,1
2021-07-09,2021,23,24,17300.0,17300.0,0.0,0.0,0.0,0,1
2021-07-09,2021,24,25,17300.0,17300.0,0.0,0.0,0.0,0,1
2021-07-12,2021,20,21,20000.0,20100.0,4542.0,0.0,0.004999999999999893,0,1
2021-07-12,2021,21,22,20100.0,17300.0,0.0,0.0,-0.1393034825870647,0,1
2021-07-12,2021,22,23,17300.0,17300.0,0.0,0.0,0.0,0,1
2021-07-12,2021,23,24,17300.0,17300.0,0.0,0.0,0.0,0,1
2021-07-12,2021,24,25,17300.0,17300.0,0.0,0.0,0.0,0,1
2021-07-13,2021,20,21,20700.0,20100.0,7200.0,0.0,-0.02898550724637683,0,1
2021-07-13,2021,21,22,20100.0,20000.0,0.0,0.0,-0.00497512437810943,0,1
2021-07-13,2021,22,23,20000.0,20000.0,0.0,0.0,0.0,0,1
2021-07-13,2021,23,24,20000.0,20000.0,0.0,0.0,0.0,0,1
2021-07-13,2021,24,25,20000.0,20000.0,0.0,0.0,0.0,0,1
2021-07-14,2021,20,21,21200.0,20100.0,46957.0,0.0,-0.05188679245283023,0,1
2021-07-14,2021,21,22,20100.0,20000.0,0.0,0.0,-0.00497512437810943,0,1
2021-07-14,2021,22,23,20000.0,20000.0,0.0,0.0,0.0,0,1
2021-07-14,2021,23,24,20000.0,20000.0,0.0,0.0,0.0,0,1
2021-07-14,2021,24,25,20000.0,20000.0,0.0,0.0,0.0,0,1
2021-07-15,2021,20,21,21300.0,20100.0,4000.0,0.0,-0.05633802816901412,0,1
2021-07-15,2021,21,22,20100.0,20000.0,0.0,0.0,-0.00497512437810943,0,1
2021-07-15,2021,22,23,20000.0,20000.0,0.0,0.0,0.0,0,1
2021-07-15,2021,23,24,20000.0,20000.0,0.0,0.0,0.0,0,1
2021-07-15,2021,24,25,20000.0,20000.0,0.0,0.0,0.0,0,1
2021-07-16,2021,20,21,21400.0,20100.0,3200.0,0.0,-0.06074766355140182,0,1
2021-07-16,2021,21,22,20100.0,20000.0,0.0,0.0,-0.00497512437810943,0,1
2021-07-16,2021,22,23,20000.0,20000.0,0.0,0.0,0.0,0,1
2021-07-16,2021,23,24,20000.0,20000.0,0.0,0.0,0.0,0,1
2021-07-16,2021,24,25,20000.0,20000.0,0.0,0.0,0.0,0,1
2021-07-19,2021,20,21,21500.0,20100.0,3300.0,0.0,-0.06511627906976747,0,1
2021-07-19,2021,21,22,20100.0,20000.0,0.0,0.0,-0.00497512437810943,0,1
2021-07-19,2021,22,23,20000.0,20000.0,0.0,0.0,0.0,0,1
2021-07-19,2021,23,24,20000.0,20000.0,0.0,0.0,0.0,0,1
2021-07-19,2021,24,25,20000.0,20000.0,0.0,0.0,0.0,0,1
2021-07-20,2021,20,21,21400.0,20100.0,14450.0,0.0,-0.06074766355140182,0,1
2021-07-20,2021,21,22,20100.0,20000.0,0.0,0.0,-0.00497512437810943,0,1
2021-07-20,2021,22,23,20000.0,20000.0,0.0,0.0,0.0,0,1
2021-07-20,2021,23,24,20000.0,20000.0,0.0,0.0,0.0,0,1
2021-07-20,2021,24,25,20000.0,20000.0,0.0,0.0,0.0,0,1
2021-07-21,2021,20,21,21400.0,20100.0,14200.0,0.0,-0.06074766355140182,0,1
2021-07-21,2021,21,22,20100.0,20000.0,0.0,0.0,-0.00497512437810943,0,1
2021-07-21,2021,22,23,20000.0,20000.0,0.0,0.0,0.0,0,1
2021-07-21,2021,23,24,20000.0,20000.0,0.0,0.0,0.0,0,1
2021-07-21,2021,24,25,20000.0,20000.0,0.0,0.0,0.0,0,1
2021-07-22,2021,20,21,21000.0,20100.0,15000.0,0.0,-0.042857142857142816,0,1
2021-07-22,2021,21,22,20100.0,20000.0,0.0,0.0,-0.00497512437810943,0,1
2021-07-22,2021,22,23,20000.0,20000.0,0.0,0.0,0.0,0,1
2021-07-22,2021,23,24,20000.0,20000.0,0.0,0.0,0.0,0,1
2021-07-22,2021,24,25,20000.0,20000.0,0.0,0.0,0.0,0,1
2021-07-23,2021,20,21,21100.0,20100.0,7200.0,0.0,-0.04739336492891,0,1
2021-07-23,2021,21,22,20100.0,20000.0,0.0,0.0,-0.00497512437810943,0,1
2021-07-23,2021,22,23,20000.0,20000.0,0.0,0.0,0.0,0,1
2021-07-23,2021,23,24,20000.0,20000.0,0.0,0.0,0.0,0,1
2021-07-23,2021,24,25,20000.0,20000.0,0.0,0.0,0.0,0,1
2021-07-26,2021,20,21,21000.0,20100.0,3000.0,0.0,-0.042857142857142816,0,1
2021-07-26,2021,21,22,20100.0,20000.0,0.0,0.0,-0.00497512437810943,0,1
2021-07-26,2021,22,23,20000.0,20000.0,0.0,0.0,0.0,0,1
2021-07-26,2021,23,24,20000.0,20000.0,0.0,0.0,0.0,0,1
2021-07-26,2021,24,25,20000.0,20000.0,0.0,0.0,0.0,0,1
2021-07-27,2021,20,21,21100.0,20100.0,4500.0,0.0,-0.04739336492891,0,1
2021-07-27,2021,21,22,20100.0,20000.0,0.0,0.0,-0.00497512437810943,0,1
2021-07-27,2021,22,23,20000.0,20000.0,0.0,0.0,0.0,0,1
2021-07-27,2021,23,24,20000.0,20000.0,0.0,0.0,0.0,0,1
2021-07-27,2021,24,25,20000.0,20000.0,0.0,0.0,0.0,0,1
2021-07-28,2021,20,21,21200.0,20500.0,5447.0,40000.0,-0.03301886792452835,1,1
2021-07-28,2021,21,22,20500.0,20000.0,40000.0,0.0,-0.024390243902439046,0,1
2021-07-28,2021,22,23,20000.0,20000.0,0.0,0.0,0.0,0,1
2021-07-28,2021,23,24,20000.0,20000.0,0.0,0.0,0.0,0,1
2021-07-28,2021,24,25,20000.0,20000.0,0.0,0.0,0.0,0,1
2021-07-29,2021,20,21,21100.0,20700.0,6052.0,0.0,-0.018957345971563955,0,1
2021-07-29,2021,21,22,20700.0,20000.0,0.0,0.0,-0.033816425120772986,0,1
2021-07-29,2021,22,23,20000.0,20000.0,0.0,0.0,0.0,0,1
2021-07-29,2021,23,24,20000.0,20000.0,0.0,0.0,0.0,0,1
2021-07-29,2021,24,25,20000.0,20000.0,0.0,0.0,0.0,0,1
2021-07-30,2021,20,21,21900.0,20850.0,19086.0,50.0,-0.047945205479452024,1,1
2021-07-30,2021,21,22,20850.0,20000.0,50.0,0.0,-0.04076738609112707,0,1
2021-07-30,2021,22,23,20000.0,20000.0,0.0,0.0,0.0,0,1
2021-07-30,2021,23,24,20000.0,20000.0,0.0,0.0,0.0,0,1
2021-07-30,2021,24,25,20000.0,20000.0,0.0,0.0,0.0,0,1
2021-08-02,2021,20,21,22100.0,21300.0,47741.0,19272.0,-0.03619909502262442,1,1
2021-08-02,2021,21,22,21300.0,20000.0,19272.0,0.0,-0.06103286384976525,0,1
2021-08-02,2021,22,23,20000.0,20000.0,0.0,0.0,0.0,0,1
2021-08-02,2021,23,24,20000.0,20000.0,0.0,0.0,0.0,0,1
2021-08-02,2021,24,25,20000.0,20000.0,0.0,0.0,0.0,0,1
2021-08-03,2021,20,21,22500.0,21700.0,8158.0,25050.0,-0.03555555555555556,1,1
2021-08-03,2021,21,22,21700.0,20000.0,25050.0,0.0,-0.07834101382488479,0,1
2021-08-03,2021,22,23,20000.0,20000.0,0.0,0.0,0.0,0,1
2021-08-03,2021,23,24,20000.0,20000.0,0.0,0.0,0.0,0,1
2021-08-03,2021,24,25,20000.0,20000.0,0.0,0.0,0.0,0,1
2021-08-04,2021,20,21,22100.0,22150.0,32311.0,5000.0,0.002262443438914019,1,1
2021-08-04,2021,21,22,22150.0,22500.0,5000.0,0.0,0.015801354401805856,0,1
2021-08-04,2021,22,23,22500.0,22500.0,0.0,0.0,0.0,0,1
2021-08-04,2021,23,24,22500.0,22500.0,0.0,0.0,0.0,0,1
2021-08-04,2021,24,25,22500.0,22500.0,0.0,0.0,0.0,0,1
2021-08-05,2021,20,21,22400.0,22150.0,52577.0,0.0,-0.011160714285714302,0,1
2021-08-05,2021,21,22,22150.0,22500.0,0.0,0.0,0.015801354401805856,0,1
2021-08-05,2021,22,23,22500.0,22500.0,0.0,0.0,0.0,0,1
2021-08-05,2021,23,24,22500.0,22500.0,0.0,0.0,0.0,0,1
2021-08-05,2021,24,25,22500.0,22500.0,0.0,0.0,0.0,0,1
2021-08-06,2021,20,21,22500.0,22150.0,37589.0,0.0,-0.015555555555555545,0,1
2021-08-06,2021,21,22,22150.0,22500.0,0.0,0.0,0.015801354401805856,0,1
2021-08-06,2021,22,23,22500.0,22500.0,0.0,0.0,0.0,0,1
2021-08-06,2021,23,24,22500.0,22500.0,0.0,0.0,0.0,0,1
2021-08-06,2021,24,25,22500.0,22500.0,0.0,0.0,0.0,0,1
2021-08-09,2021,20,21,22500.0,22150.0,226969.0,0.0,-0.015555555555555545,0,1
2021-08-09,2021,21,22,22150.0,22500.0,0.0,0.0,0.015801354401805856,0,1
2021-08-09,2021,22,23,22500.0,22500.0,0.0,0.0,0.0,0,1
2021-08-09,2021,23,24,22500.0,22500.0,0.0,0.0,0.0,0,1
2021-08-09,2021,24,25,22500.0,22500.0,0.0,0.0,0.0,0,1
2021-08-10,2021,20,21,22500.0,24000.0,0.0,8325.0,0.06666666666666665,0,1
2021-08-10,2021,21,22,24000.0,22500.0,8325.0,0.0,-0.0625,0,1
2021-08-10,2021,22,23,22500.0,22500.0,0.0,0.0,0.0,0,1
2021-08-10,2021,23,24,22500.0,22500.0,0.0,0.0,0.0,0,1
2021-08-10,2021,24,25,22500.0,22500.0,0.0,0.0,0.0,0,1
2021-08-11,2021,21,22,26400.0,22500.0,13350.0,0.0,-0.1477272727272727,0,1
2021-08-11,2021,22,23,22500.0,22500.0,0.0,0.0,0.0,0,1
2021-08-11,2021,23,24,22500.0,22500.0,0.0,0.0,0.0,0,1
2021-08-11,2021,24,25,22500.0,22500.0,0.0,0.0,0.0,0,1
2021-08-12,2021,21,22,26000.0,26400.0,4000.0,0.0,0.01538461538461533,0,1
2021-08-12,2021,22,23,26400.0,26400.0,0.0,0.0,0.0,0,1
2021-08-12,2021,23,24,26400.0,26400.0,0.0,0.0,0.0,0,1
2021-08-12,2021,24,25,26400.0,26400.0,0.0,0.0,0.0,0,1
2021-08-13,2021,21,22,26000.0,26400.0,11400.0,0.0,0.01538461538461533,0,1
2021-08-13,2021,22,23,26400.0,26400.0,0.0,0.0,0.0,0,1
2021-08-13,2021,23,24,26400.0,26400.0,0.0,0.0,0.0,0,1
2021-08-13,2021,24,25,26400.0,26400.0,0.0,0.0,0.0,0,1
2021-08-17,2021,21,22,26000.0,26400.0,4900.0,0.0,0.01538461538461533,0,1
2021-08-17,2021,22,23,26400.0,26400.0,0.0,0.0,0.0,0,1
2021-08-17,2021,23,24,26400.0,26400.0,0.0,0.0,0.0,0,1
2021-08-17,2021,24,25,26400.0,26400.0,0.0,0.0,0.0,0,1
2021-08-18,2021,21,22,25600.0,26400.0,2810.0,0.0,0.03125,0,1
2021-08-18,2021,22,23,26400.0,26400.0,0.0,0.0,0.0,0,1
2021-08-18,2021,23,24,26400.0,26400.0,0.0,0.0,0.0,0,1
2021-08-18,2021,24,25,26400.0,26400.0,0.0,0.0,0.0,0,1
2021-08-19,2021,21,22,27000.0,26400.0,5300.0,0.0,-0.022222222222222254,0,1
2021-08-19,2021,22,23,26400.0,26400.0,0.0,0.0,0.0,0,1
2021-08-19,2021,23,24,26400.0,26400.0,0.0,0.0,0.0,0,1
2021-08-19,2021,24,25,26400.0,26400.0,0.0,0.0,0.0,0,1
2021-08-20,2021,21,22,26100.0,26400.0,6500.0,0.0,0.011494252873563315,0,1
2021-08-20,2021,22,23,26400.0,26400.0,0.0,0.0,0.0,0,1
2021-08-20,2021,23,24,26400.0,26400.0,0.0,0.0,0.0,0,1
2021-08-20,2021,24,25,26400.0,26400.0,0.0,0.0,0.0,0,1
2021-08-23,2021,21,22,27000.0,26400.0,9950.0,0.0,-0.022222222222222254,0,1
2021-08-23,2021,22,23,26400.0,26400.0,0.0,0.0,0.0,0,1
2021-08-23,2021,23,24,26400.0,26400.0,0.0,0.0,0.0,0,1
2021-08-23,2021,24,25,26400.0,26400.0,0.0,0.0,0.0,0,1
2021-08-24,2021,21,22,29400.0,26400.0,30500.0,0.0,-0.10204081632653061,0,1
2021-08-24,2021,22,23,26400.0,26400.0,0.0,0.0,0.0,0,1
2021-08-24,2021,23,24,26400.0,26400.0,0.0,0.0,0.0,0,1
2021-08-24,2021,24,25,26400.0,26400.0,0.0,0.0,0.0,0,1
2021-08-25,2021,21,22,29500.0,29400.0,10100.0,0.0,-0.003389830508474523,0,1
2021-08-25,2021,22,23,29400.0,29400.0,0.0,0.0,0.0,0,1
2021-08-25,2021,23,24,29400.0,29400.0,0.0,0.0,0.0,0,1
2021-08-25,2021,24,25,29400.0,29400.0,0.0,0.0,0.0,0,1
2021-08-26,2021,21,22,28300.0,29400.0,1900.0,0.0,0.03886925795053009,0,1
2021-08-26,2021,22,23,29400.0,29400.0,0.0,0.0,0.0,0,1
2021-08-26,2021,23,24,29400.0,29400.0,0.0,0.0,0.0,0,1
2021-08-26,2021,24,25,29400.0,29400.0,0.0,0.0,0.0,0,1
2021-08-27,2021,21,22,28200.0,29400.0,2310.0,0.0,0.042553191489361764,0,1
2021-08-27,2021,22,23,29400.0,29400.0,0.0,0.0,0.0,0,1
2021-08-27,2021,23,24,29400.0,29400.0,0.0,0.0,0.0,0,1
2021-08-27,2021,24,25,29400.0,29400.0,0.0,0.0,0.0,0,1
2021-08-30,2021,21,22,28400.0,29400.0,3925.0,0.0,0.035211267605633756,0,1
2021-08-30,2021,22,23,29400.0,29400.0,0.0,0.0,0.0,0,1
2021-08-30,2021,23,24,29400.0,29400.0,0.0,0.0,0.0,0,1
2021-08-30,2021,24,25,29400.0,29400.0,0.0,0.0,0.0,0,1
2021-08-31,2021,21,22,28000.0,29400.0,5400.0,0.0,0.050000000000000044,0,1
2021-08-31,2021,22,23,29400.0,29400.0,0.0,0.0,0.0,0,1
2021-08-31,2021,23,24,29400.0,29400.0,0.0,0.0,0.0,0,1
2021-08-31,2021,24,25,29400.0,29400.0,0.0,0.0,0.0,0,1
2021-09-01,2021,21,22,27700.0,29400.0,1750.0,0.0,0.06137184115523464,0,1
2021-09-01,2021,22,23,29400.0,29400.0,0.0,0.0,0.0,0,1
2021-09-01,2021,23,24,29400.0,29400.0,0.0,0.0,0.0,0,1
2021-09-01,2021,24,25,29400.0,29400.0,0.0,0.0,0.0,0,1
2021-09-02,2021,21,22,28000.0,29400.0,8100.0,0.0,0.050000000000000044,0,1
2021-09-02,2021,22,23,29400.0,29400.0,0.0,0.0,0.0,0,1
2021-09-02,2021,23,24,29400.0,29400.0,0.0,0.0,0.0,0,1
2021-09-02,2021,24,25,29400.0,29400.0,0.0,0.0,0.0,0,1
2021-09-03,2021,21,22,28000.0,29400.0,5100.0,0.0,0.050000000000000044,0,1
2021-09-03,2021,22,23,29400.0,29400.0,0.0,0.0,0.0,0,1
2021-09-03,2021,23,24,29400.0,29400.0,0.0,0.0,0.0,0,1
2021-09-03,2021,24,25,29400.0,29400.0,0.0,0.0,0.0,0,1
2021-09-06,2021,21,22,28000.0,29400.0,7450.0,0.0,0.050000000000000044,0,1
2021-09-06,2021,22,23,29400.0,29400.0,0.0,0.0,0.0,0,1
2021-09-06,2021,23,24,29400.0,29400.0,0.0,0.0,0.0,0,1
2021-09-06,2021,24,25,29400.0,29400.0,0.0,0.0,0.0,0,1
2021-09-07,2021,21,22,28500.0,29400.0,4000.0,0.0,0.03157894736842115,0,1
2021-09-07,2021,22,23,29400.0,29400.0,0.0,0.0,0.0,0,1
2021-09-07,2021,23,24,29400.0,29400.0,0.0,0.0,0.0,0,1
2021-09-07,2021,24,25,29400.0,29400.0,0.0,0.0,0.0,0,1
2021-09-08,2021,21,22,29000.0,29400.0,1500.0,0.0,0.01379310344827589,0,1
2021-09-08,2021,22,23,29400.0,29400.0,0.0,0.0,0.0,0,1
2021-09-08,2021,23,24,29400.0,29400.0,0.0,0.0,0.0,0,1
2021-09-08,2021,24,25,29400.0,29400.0,0.0,0.0,0.0,0,1
2021-09-09,2021,21,22,30000.0,29400.0,24800.0,0.0,-0.020000000000000018,0,1
2021-09-09,2021,22,23,29400.0,29400.0,0.0,0.0,0.0,0,1
2021-09-09,2021,23,24,29400.0,29400.0,0.0,0.0,0.0,0,1
2021-09-09,2021,24,25,29400.0,29400.0,0.0,0.0,0.0,0,1
2021-09-10,2021,21,22,28500.0,29400.0,7791.0,0.0,0.03157894736842115,0,1
2021-09-10,2021,22,23,29400.0,29400.0,0.0,0.0,0.0,0,1
2021-09-10,2021,23,24,29400.0,29400.0,0.0,0.0,0.0,0,1
2021-09-10,2021,24,25,29400.0,29400.0,0.0,0.0,0.0,0,1
2021-09-13,2021,21,22,28200.0,29400.0,7200.0,0.0,0.042553191489361764,0,1
2021-09-13,2021,22,23,29400.0,29400.0,0.0,0.0,0.0,0,1
2021-09-13,2021,23,24,29400.0,29400.0,0.0,0.0,0.0,0,1
2021-09-13,2021,24,25,29400.0,29400.0,0.0,0.0,0.0,0,1
2021-09-14,2021,21,22,28200.0,29400.0,2900.0,0.0,0.042553191489361764,0,1
2021-09-14,2021,22,23,29400.0,29400.0,0.0,0.0,0.0,0,1
2021-09-14,2021,23,24,29400.0,29400.0,0.0,0.0,0.0,0,1
2021-09-14,2021,24,25,29400.0,29400.0,0.0,0.0,0.0,0,1
2021-09-15,2021,21,22,28500.0,29400.0,10800.0,0.0,0.03157894736842115,0,1
2021-09-15,2021,22,23,29400.0,29400.0,0.0,0.0,0.0,0,1
2021-09-15,2021,23,24,29400.0,29400.0,0.0,0.0,0.0,0,1
2021-09-15,2021,24,25,29400.0,29400.0,0.0,0.0,0.0,0,1
2021-09-16,2021,21,22,28500.0,29400.0,4750.0,0.0,0.03157894736842115,0,1
2021-09-16,2021,22,23,29400.0,29400.0,0.0,0.0,0.0,0,1
2021-09-16,2021,23,24,29400.0,29400.0,0.0,0.0,0.0,0,1
2021-09-16,2021,24,25,29400.0,29400.0,0.0,0.0,0.0,0,1
2021-09-17,2021,21,22,28400.0,29400.0,8000.0,0.0,0.035211267605633756,0,1
2021-09-17,2021,22,23,29400.0,29400.0,0.0,0.0,0.0,0,1
2021-09-17,2021,23,24,29400.0,29400.0,0.0,0.0,0.0,0,1
2021-09-17,2021,24,25,29400.0,29400.0,0.0,0.0,0.0,0,1
2021-09-23,2021,21,22,29000.0,29400.0,3500.0,0.0,0.01379310344827589,0,1
2021-09-23,2021,22,23,29400.0,29400.0,0.0,0.0,0.0,0,1
2021-09-23,2021,23,24,29400.0,29400.0,0.0,0.0,0.0,0,1
2021-09-23,2021,24,25,29400.0,29400.0,0.0,0.0,0.0,0,1
2021-09-24,2021,21,22,29200.0,29400.0,5326.0,0.0,0.006849315068493178,0,1
2021-09-24,2021,22,23,29400.0,29400.0,0.0,0.0,0.0,0,1
2021-09-24,2021,23,24,29400.0,29400.0,0.0,0.0,0.0,0,1
2021-09-24,2021,24,25,29400.0,29400.0,0.0,0.0,0.0,0,1
2021-09-27,2021,21,22,29100.0,29400.0,5000.0,0.0,0.010309278350515427,0,1
2021-09-27,2021,22,23,29400.0,29400.0,0.0,0.0,0.0,0,1
2021-09-27,2021,23,24,29400.0,29400.0,0.0,0.0,0.0,0,1
2021-09-27,2021,24,25,29400.0,29400.0,0.0,0.0,0.0,0,1
2021-09-28,2021,21,22,29750.0,29400.0,10000.0,0.0,-0.0117647058823529,0,1
2021-09-28,2021,22,23,29400.0,29400.0,0.0,0.0,0.0,0,1
2021-09-28,2021,23,24,29400.0,29400.0,0.0,0.0,0.0,0,1
2021-09-28,2021,24,25,29400.0,29400.0,0.0,0.0,0.0,0,1
2021-09-29,2021,21,22,29750.0,29400.0,4627.0,0.0,-0.0117647058823529,0,1
2021-09-29,2021,22,23,29400.0,29400.0,0.0,0.0,0.0,0,1
2021-09-29,2021,23,24,29400.0,29400.0,0.0,0.0,0.0,0,1
2021-09-29,2021,24,25,29400.0,29400.0,0.0,0.0,0.0,0,1
2021-09-30,2021,21,22,30500.0,29400.0,7500.0,0.0,-0.0360655737704918,0,1
2021-09-30,2021,22,23,29400.0,29400.0,0.0,0.0,0.0,0,1
2021-09-30,2021,23,24,29400.0,29400.0,0.0,0.0,0.0,0,1
2021-09-30,2021,24,25,29400.0,29400.0,0.0,0.0,0.0,0,1
2021-10-01,2021,21,22,31000.0,29400.0,7500.0,0.0,-0.05161290322580647,0,1
2021-10-01,2021,22,23,29400.0,29400.0,0.0,0.0,0.0,0,1
2021-10-01,2021,23,24,29400.0,29400.0,0.0,0.0,0.0,0,1
2021-10-01,2021,24,25,29400.0,29400.0,0.0,0.0,0.0,0,1
2021-10-05,2021,21,22,31000.0,29400.0,4000.0,0.0,-0.05161290322580647,0,1
2021-10-05,2021,22,23,29400.0,29400.0,0.0,0.0,0.0,0,1
2021-10-05,2021,23,24,29400.0,29400.0,0.0,0.0,0.0,0,1
2021-10-05,2021,24,25,29400.0,29400.0,0.0,0.0,0.0,0,1
2021-10-06,2021,21,22,30000.0,29400.0,6250.0,0.0,-0.020000000000000018,0,1
2021-10-06,2021,22,23,29400.0,29400.0,0.0,0.0,0.0,0,1
2021-10-06,2021,23,24,29400.0,29400.0,0.0,0.0,0.0,0,1
2021-10-06,2021,24,25,29400.0,29400.0,0.0,0.0,0.0,0,1
2021-10-07,2021,21,22,29600.0,29400.0,2978.0,0.0,-0.006756756756756799,0,1
2021-10-07,2021,22,23,29400.0,29400.0,0.0,0.0,0.0,0,1
2021-10-07,2021,23,24,29400.0,29400.0,0.0,0.0,0.0,0,1
2021-10-07,2021,24,25,29400.0,29400.0,0.0,0.0,0.0,0,1
2021-10-08,2021,21,22,30100.0,29400.0,10272.0,0.0,-0.023255813953488413,0,1
2021-10-08,2021,22,23,29400.0,29400.0,0.0,0.0,0.0,0,1
2021-10-08,2021,23,24,29400.0,29400.0,0.0,0.0,0.0,0,1
2021-10-08,2021,24,25,29400.0,29400.0,0.0,0.0,0.0,0,1
2021-10-12,2021,21,22,30100.0,29400.0,13500.0,0.0,-0.023255813953488413,0,1
2021-10-12,2021,22,23,29400.0,29400.0,0.0,0.0,0.0,0,1
2021-10-12,2021,23,24,29400.0,29400.0,0.0,0.0,0.0,0,1
2021-10-12,2021,24,25,29400.0,29400.0,0.0,0.0,0.0,0,1
2021-10-13,2021,21,22,29600.0,29400.0,10590.0,0.0,-0.006756756756756799,0,1
2021-10-13,2021,22,23,29400.0,29400.0,0.0,0.0,0.0,0,1
2021-10-13,2021,23,24,29400.0,29400.0,0.0,0.0,0.0,0,1
2021-10-13,2021,24,25,29400.0,29400.0,0.0,0.0,0.0,0,1
2021-10-14,2021,21,22,30100.0,29400.0,13000.0,0.0,-0.023255813953488413,0,1
2021-10-14,2021,22,23,29400.0,29400.0,0.0,0.0,0.0,0,1
2021-10-14,2021,23,24,29400.0,29400.0,0.0,0.0,0.0,0,1
2021-10-14,2021,24,25,29400.0,29400.0,0.0,0.0,0.0,0,1
2021-10-15,2021,21,22,30200.0,29400.0,10500.0,0.0,-0.026490066225165587,0,1
2021-10-15,2021,22,23,29400.0,29400.0,0.0,0.0,0.0,0,1
2021-10-15,2021,23,24,29400.0,29400.0,0.0,0.0,0.0,0,1
2021-10-15,2021,24,25,29400.0,29400.0,0.0,0.0,0.0,0,1
2021-10-18,2021,21,22,30400.0,29400.0,24600.0,0.0,-0.03289473684210531,0,1
2021-10-18,2021,22,23,29400.0,29400.0,0.0,0.0,0.0,0,1
2021-10-18,2021,23,24,29400.0,29400.0,0.0,0.0,0.0,0,1
2021-10-18,2021,24,25,29400.0,29400.0,0.0,0.0,0.0,0,1
2021-10-19,2021,21,22,30650.0,29400.0,21000.0,0.0,-0.04078303425774876,0,1
2021-10-19,2021,22,23,29400.0,29400.0,0.0,0.0,0.0,0,1
2021-10-19,2021,23,24,29400.0,29400.0,0.0,0.0,0.0,0,1
2021-10-19,2021,24,25,29400.0,29400.0,0.0,0.0,0.0,0,1
2021-10-20,2021,21,22,30600.0,29400.0,17106.0,0.0,-0.039215686274509776,0,1
2021-10-20,2021,22,23,29400.0,29400.0,0.0,0.0,0.0,0,1
2021-10-20,2021,23,24,29400.0,29400.0,0.0,0.0,0.0,0,1
2021-10-20,2021,24,25,29400.0,29400.0,0.0,0.0,0.0,0,1
2021-10-21,2021,21,22,30900.0,29400.0,12000.0,0.0,-0.04854368932038833,0,1
2021-10-21,2021,22,23,29400.0,29400.0,0.0,0.0,0.0,0,1
2021-10-21,2021,23,24,29400.0,29400.0,0.0,0.0,0.0,0,1
2021-10-21,2021,24,25,29400.0,29400.0,0.0,0.0,0.0,0,1
2021-10-22,2021,21,22,30450.0,29400.0,15400.0,0.0,-0.03448275862068961,0,1
2021-10-22,2021,22,23,29400.0,29400.0,0.0,0.0,0.0,0,1
2021-10-22,2021,23,24,29400.0,29400.0,0.0,0.0,0.0,0,1
2021-10-22,2021,24,25,29400.0,29400.0,0.0,0.0,0.0,0,1
2021-10-25,2021,21,22,30100.0,29400.0,24600.0,0.0,-0.023255813953488413,0,1
2021-10-25,2021,22,23,29400.0,29400.0,0.0,0.0,0.0,0,1
2021-10-25,2021,23,24,29400.0,29400.0,0.0,0.0,0.0,0,1
2021-10-25,2021,24,25,29400.0,29400.0,0.0,0.0,0.0,0,1
2021-10-26,2021,21,22,30300.0,29400.0,22610.0,0.0,-0.02970297029702973,0,1
2021-10-26,2021,22,23,29400.0,29400.0,0.0,0.0,0.0,0,1
2021-10-26,2021,23,24,29400.0,29400.0,0.0,0.0,0.0,0,1
2021-10-26,2021,24,25,29400.0,29400.0,0.0,0.0,0.0,0,1
2021-10-27,2021,21,22,30200.0,29400.0,19776.0,0.0,-0.026490066225165587,0,1
2021-10-27,2021,22,23,29400.0,29400.0,0.0,0.0,0.0,0,1
2021-10-27,2021,23,24,29400.0,29400.0,0.0,0.0,0.0,0,1
2021-10-27,2021,24,25,29400.0,29400.0,0.0,0.0,0.0,0,1
2021-10-28,2021,21,22,29950.0,29400.0,26250.0,0.0,-0.018363939899833093,0,1
2021-10-28,2021,22,23,29400.0,29400.0,0.0,0.0,0.0,0,1
2021-10-28,2021,23,24,29400.0,29400.0,0.0,0.0,0.0,0,1
2021-10-28,2021,24,25,29400.0,29400.0,0.0,0.0,0.0,0,1
2021-10-29,2021,21,22,30400.0,29400.0,15804.0,0.0,-0.03289473684210531,0,1
2021-10-29,2021,22,23,29400.0,29400.0,0.0,0.0,0.0,0,1
2021-10-29,2021,23,24,29400.0,29400.0,0.0,0.0,0.0,0,1
2021-10-29,2021,24,25,29400.0,29400.0,0.0,0.0,0.0,0,1
2021-11-01,2021,21,22,30600.0,29400.0,11000.0,0.0,-0.039215686274509776,0,1
2021-11-01,2021,22,23,29400.0,29400.0,0.0,0.0,0.0,0,1
2021-11-01,2021,23,24,29400.0,29400.0,0.0,0.0,0.0,0,1
2021-11-01,2021,24,25,29400.0,29400.0,0.0,0.0,0.0,0,1
2021-11-02,2021,21,22,30800.0,29400.0,12500.0,0.0,-0.045454545454545414,0,1
2021-11-02,2021,22,23,29400.0,29400.0,0.0,0.0,0.0,0,1
2021-11-02,2021,23,24,29400.0,29400.0,0.0,0.0,0.0,0,1
2021-11-02,2021,24,25,29400.0,29400.0,0.0,0.0,0.0,0,1
2021-11-03,2021,21,22,30900.0,29400.0,12834.0,0.0,-0.04854368932038833,0,1
2021-11-03,2021,22,23,29400.0,29400.0,0.0,0.0,0.0,0,1
2021-11-03,2021,23,24,29400.0,29400.0,0.0,0.0,0.0,0,1
2021-11-03,2021,24,25,29400.0,29400.0,0.0,0.0,0.0,0,1
2021-11-04,2021,21,22,31000.0,29400.0,43500.0,0.0,-0.05161290322580647,0,1
2021-11-04,2021,22,23,29400.0,29400.0,0.0,0.0,0.0,0,1
2021-11-04,2021,23,24,29400.0,29400.0,0.0,0.0,0.0,0,1
2021-11-04,2021,24,25,29400.0,29400.0,0.0,0.0,0.0,0,1
2021-11-05,2021,21,22,31200.0,29400.0,55748.0,0.0,-0.05769230769230771,0,1
2021-11-05,2021,22,23,29400.0,29400.0,0.0,0.0,0.0,0,1
2021-11-05,2021,23,24,29400.0,29400.0,0.0,0.0,0.0,0,1
2021-11-05,2021,24,25,29400.0,29400.0,0.0,0.0,0.0,0,1
2021-11-08,2021,21,22,31500.0,29400.0,33500.0,0.0,-0.06666666666666665,0,1
2021-11-08,2021,22,23,29400.0,29400.0,0.0,0.0,0.0,0,1
2021-11-08,2021,23,24,29400.0,29400.0,0.0,0.0,0.0,0,1
2021-11-08,2021,24,25,29400.0,29400.0,0.0,0.0,0.0,0,1
2021-11-09,2021,21,22,31900.0,29400.0,26500.0,0.0,-0.07836990595611282,0,1
2021-11-09,2021,22,23,29400.0,29400.0,0.0,0.0,0.0,0,1
2021-11-09,2021,23,24,29400.0,29400.0,0.0,0.0,0.0,0,1
2021-11-09,2021,24,25,29400.0,29400.0,0.0,0.0,0.0,0,1
2021-11-10,2021,21,22,32100.0,29400.0,28500.0,0.0,-0.08411214953271029,0,1
2021-11-10,2021,22,23,29400.0,29400.0,0.0,0.0,0.0,0,1
2021-11-10,2021,23,24,29400.0,29400.0,0.0,0.0,0.0,0,1
2021-11-10,2021,24,25,29400.0,29400.0,0.0,0.0,0.0,0,1
2021-11-11,2021,21,22,32700.0,29400.0,39000.0,0.0,-0.1009174311926605,0,1
2021-11-11,2021,22,23,29400.0,29400.0,0.0,0.0,0.0,0,1
2021-11-11,2021,23,24,29400.0,29400.0,0.0,0.0,0.0,0,1
2021-11-11,2021,24,25,29400.0,29400.0,0.0,0.0,0.0,0,1
2021-11-12,2021,21,22,33100.0,32700.0,23100.0,0.0,-0.012084592145015116,0,1
2021-11-12,2021,22,23,32700.0,32700.0,0.0,0.0,0.0,0,1
2021-11-12,2021,23,24,32700.0,32700.0,0.0,0.0,0.0,0,1
2021-11-12,2021,24,25,32700.0,32700.0,0.0,0.0,0.0,0,1
2021-11-15,2021,21,22,34100.0,32700.0,37500.0,0.0,-0.04105571847507328,0,1
2021-11-15,2021,22,23,32700.0,32700.0,0.0,0.0,0.0,0,1
2021-11-15,2021,23,24,32700.0,32700.0,0.0,0.0,0.0,0,1
2021-11-15,2021,24,25,32700.0,32700.0,0.0,0.0,0.0,0,1
2021-11-16,2021,21,22,33600.0,32700.0,11665.0,0.0,-0.0267857142857143,0,1
2021-11-16,2021,22,23,32700.0,32700.0,0.0,0.0,0.0,0,1
2021-11-16,2021,23,24,32700.0,32700.0,0.0,0.0,0.0,0,1
2021-11-16,2021,24,25,32700.0,32700.0,0.0,0.0,0.0,0,1
2021-11-17,2021,21,22,33000.0,32700.0,19760.0,0.0,-0.009090909090909038,0,1
2021-11-17,2021,22,23,32700.0,32700.0,0.0,0.0,0.0,0,1
2021-11-17,2021,23,24,32700.0,32700.0,0.0,0.0,0.0,0,1
2021-11-17,2021,24,25,32700.0,32700.0,0.0,0.0,0.0,0,1
2021-11-18,2021,21,22,31900.0,32700.0,1800.0,0.0,0.02507836990595602,0,1
2021-11-18,2021,22,23,32700.0,32700.0,0.0,0.0,0.0,0,1
2021-11-18,2021,23,24,32700.0,32700.0,0.0,0.0,0.0,0,1
2021-11-18,2021,24,25,32700.0,32700.0,0.0,0.0,0.0,0,1
2021-11-19,2021,21,22,30000.0,32700.0,3066.0,0.0,0.09000000000000008,0,1
2021-11-19,2021,22,23,32700.0,32700.0,0.0,0.0,0.0,0,1
2021-11-19,2021,23,24,32700.0,32700.0,0.0,0.0,0.0,0,1
2021-11-19,2021,24,25,32700.0,32700.0,0.0,0.0,0.0,0,1
2021-11-22,2021,21,22,30100.0,32700.0,18500.0,0.0,0.08637873754152814,0,1
2021-11-22,2021,22,23,32700.0,32700.0,0.0,0.0,0.0,0,1
2021-11-22,2021,23,24,32700.0,32700.0,0.0,0.0,0.0,0,1
2021-11-22,2021,24,25,32700.0,32700.0,0.0,0.0,0.0,0,1
2021-11-23,2021,21,22,30000.0,32700.0,7200.0,0.0,0.09000000000000008,0,1
2021-11-23,2021,22,23,32700.0,32700.0,0.0,0.0,0.0,0,1
2021-11-23,2021,23,24,32700.0,32700.0,0.0,0.0,0.0,0,1
2021-11-23,2021,24,25,32700.0,32700.0,0.0,0.0,0.0,0,1
2021-11-24,2021,21,22,32000.0,32700.0,13265.0,0.0,0.02187500000000009,0,1
2021-11-24,2021,22,23,32700.0,32700.0,0.0,0.0,0.0,0,1
2021-11-24,2021,23,24,32700.0,32700.0,0.0,0.0,0.0,0,1
2021-11-24,2021,24,25,32700.0,32700.0,0.0,0.0,0.0,0,1
2021-11-25,2021,21,22,33200.0,32700.0,82900.0,0.0,-0.015060240963855387,0,1
2021-11-25,2021,22,23,32700.0,32700.0,0.0,0.0,0.0,0,1
2021-11-25,2021,23,24,32700.0,32700.0,0.0,0.0,0.0,0,1
2021-11-25,2021,24,25,32700.0,32700.0,0.0,0.0,0.0,0,1
2021-11-26,2021,21,22,33400.0,32700.0,143000.0,0.0,-0.020958083832335328,0,1
2021-11-26,2021,22,23,32700.0,32700.0,0.0,0.0,0.0,0,1
2021-11-26,2021,23,24,32700.0,32700.0,0.0,0.0,0.0,0,1
2021-11-26,2021,24,25,32700.0,32700.0,0.0,0.0,0.0,0,1
2021-11-29,2021,21,22,33550.0,32700.0,112000.0,0.0,-0.025335320417287588,0,1
2021-11-29,2021,22,23,32700.0,32700.0,0.0,0.0,0.0,0,1
2021-11-29,2021,23,24,32700.0,32700.0,0.0,0.0,0.0,0,1
2021-11-29,2021,24,25,32700.0,32700.0,0.0,0.0,0.0,0,1
2021-11-30,2021,21,22,33600.0,32700.0,68880.0,0.0,-0.0267857142857143,0,1
2021-11-30,2021,22,23,32700.0,32700.0,0.0,0.0,0.0,0,1
2021-11-30,2021,23,24,32700.0,32700.0,0.0,0.0,0.0,0,1
2021-11-30,2021,24,25,32700.0,32700.0,0.0,0.0,0.0,0,1
2021-12-01,2021,21,22,32400.0,32700.0,16900.0,0.0,0.0092592592592593,0,1
2021-12-01,2021,22,23,32700.0,32700.0,0.0,0.0,0.0,0,1
2021-12-01,2021,23,24,32700.0,32700.0,0.0,0.0,0.0,0,1
2021-12-01,2021,24,25,32700.0,32700.0,0.0,0.0,0.0,0,1
2021-12-02,2021,21,22,32400.0,32700.0,13000.0,0.0,0.0092592592592593,0,1
2021-12-02,2021,22,23,32700.0,32700.0,0.0,0.0,0.0,0,1
2021-12-02,2021,23,24,32700.0,32700.0,0.0,0.0,0.0,0,1
2021-12-02,2021,24,25,32700.0,32700.0,0.0,0.0,0.0,0,1
2021-12-03,2021,21,22,32400.0,32700.0,14000.0,0.0,0.0092592592592593,0,1
2021-12-03,2021,22,23,32700.0,32700.0,0.0,0.0,0.0,0,1
2021-12-03,2021,23,24,32700.0,32700.0,0.0,0.0,0.0,0,1
2021-12-03,2021,24,25,32700.0,32700.0,0.0,0.0,0.0,0,1
2021-12-06,2021,21,22,32200.0,32700.0,11000.0,0.0,0.01552795031055898,0,1
2021-12-06,2021,22,23,32700.0,32700.0,0.0,0.0,0.0,0,1
2021-12-06,2021,23,24,32700.0,32700.0,0.0,0.0,0.0,0,1
2021-12-06,2021,24,25,32700.0,32700.0,0.0,0.0,0.0,0,1
2021-12-07,2021,21,22,32500.0,32700.0,107800.0,0.0,0.006153846153846176,0,1
2021-12-07,2021,22,23,32700.0,32700.0,0.0,0.0,0.0,0,1
2021-12-07,2021,23,24,32700.0,32700.0,0.0,0.0,0.0,0,1
2021-12-07,2021,24,25,32700.0,32700.0,0.0,0.0,0.0,0,1
2021-12-08,2021,21,22,33300.0,32700.0,18500.0,0.0,-0.018018018018018056,0,1
2021-12-08,2021,22,23,32700.0,32700.0,0.0,0.0,0.0,0,1
2021-12-08,2021,23,24,32700.0,32700.0,0.0,0.0,0.0,0,1
2021-12-08,2021,24,25,32700.0,32700.0,0.0,0.0,0.0,0,1
2021-12-09,2021,21,22,34100.0,32700.0,31189.0,0.0,-0.04105571847507328,0,1
2021-12-09,2021,22,23,32700.0,32700.0,0.0,0.0,0.0,0,1
2021-12-09,2021,23,24,32700.0,32700.0,0.0,0.0,0.0,0,1
2021-12-09,2021,24,25,32700.0,32700.0,0.0,0.0,0.0,0,1
2021-12-10,2021,21,22,34900.0,32700.0,24000.0,0.0,-0.0630372492836676,0,1
2021-12-10,2021,22,23,32700.0,32700.0,0.0,0.0,0.0,0,1
2021-12-10,2021,23,24,32700.0,32700.0,0.0,0.0,0.0,0,1
2021-12-10,2021,24,25,32700.0,32700.0,0.0,0.0,0.0,0,1
2021-12-13,2021,21,22,34900.0,32700.0,22500.0,0.0,-0.0630372492836676,0,1
2021-12-13,2021,22,23,32700.0,32700.0,0.0,0.0,0.0,0,1
2021-12-13,2021,23,24,32700.0,32700.0,0.0,0.0,0.0,0,1
2021-12-13,2021,24,25,32700.0,32700.0,0.0,0.0,0.0,0,1
2021-12-14,2021,21,22,34900.0,32700.0,6426.0,0.0,-0.0630372492836676,0,1
2021-12-14,2021,22,23,32700.0,32700.0,0.0,0.0,0.0,0,1
2021-12-14,2021,23,24,32700.0,32700.0,0.0,0.0,0.0,0,1
2021-12-14,2021,24,25,32700.0,32700.0,0.0,0.0,0.0,0,1
2021-12-15,2021,21,22,35000.0,32700.0,12000.0,0.0,-0.06571428571428573,0,1
2021-12-15,2021,22,23,32700.0,32700.0,0.0,0.0,0.0,0,1
2021-12-15,2021,23,24,32700.0,32700.0,0.0,0.0,0.0,0,1
2021-12-15,2021,24,25,32700.0,32700.0,0.0,0.0,0.0,0,1
2021-12-16,2021,21,22,34000.0,32700.0,182500.0,0.0,-0.038235294117647034,0,1
2021-12-16,2021,22,23,32700.0,32700.0,0.0,0.0,0.0,0,1
2021-12-16,2021,23,24,32700.0,32700.0,0.0,0.0,0.0,0,1
2021-12-16,2021,24,25,32700.0,32700.0,0.0,0.0,0.0,0,1
2021-12-17,2021,21,22,35000.0,32700.0,109700.0,0.0,-0.06571428571428573,0,1
2021-12-17,2021,22,23,32700.0,32700.0,0.0,0.0,0.0,0,1
2021-12-17,2021,23,24,32700.0,32700.0,0.0,0.0,0.0,0,1
2021-12-17,2021,24,25,32700.0,32700.0,0.0,0.0,0.0,0,1
2021-12-20,2021,21,22,35250.0,32700.0,54600.0,0.0,-0.07234042553191489,0,1
2021-12-20,2021,22,23,32700.0,32700.0,0.0,0.0,0.0,0,1
2021-12-20,2021,23,24,32700.0,32700.0,0.0,0.0,0.0,0,1
2021-12-20,2021,24,25,32700.0,32700.0,0.0,0.0,0.0,0,1
2021-12-21,2021,21,22,35350.0,32700.0,19650.0,0.0,-0.074964639321075,0,1
2021-12-21,2021,22,23,32700.0,32700.0,0.0,0.0,0.0,0,1
2021-12-21,2021,23,24,32700.0,32700.0,0.0,0.0,0.0,0,1
2021-12-21,2021,24,25,32700.0,32700.0,0.0,0.0,0.0,0,1
2021-12-22,2021,21,22,35100.0,32700.0,7000.0,0.0,-0.06837606837606836,0,1
2021-12-22,2021,22,23,32700.0,32700.0,0.0,0.0,0.0,0,1
2021-12-22,2021,23,24,32700.0,32700.0,0.0,0.0,0.0,0,1
2021-12-22,2021,24,25,32700.0,32700.0,0.0,0.0,0.0,0,1
2021-12-23,2021,21,22,35100.0,32700.0,53548.0,0.0,-0.06837606837606836,0,1
2021-12-23,2021,22,23,32700.0,32700.0,0.0,0.0,0.0,0,1
2021-12-23,2021,23,24,32700.0,32700.0,0.0,0.0,0.0,0,1
2021-12-23,2021,24,25,32700.0,32700.0,0.0,0.0,0.0,0,1
2021-12-24,2021,21,22,35000.0,32700.0,122300.0,0.0,-0.06571428571428573,0,1
2021-12-24,2021,22,23,32700.0,32700.0,0.0,0.0,0.0,0,1
2021-12-24,2021,23,24,32700.0,32700.0,0.0,0.0,0.0,0,1
2021-12-24,2021,24,25,32700.0,32700.0,0.0,0.0,0.0,0,1
2021-12-27,2021,21,22,34900.0,32700.0,178200.0,0.0,-0.0630372492836676,0,1
2021-12-27,2021,22,23,32700.0,32700.0,0.0,0.0,0.0,0,1
2021-12-27,2021,23,24,32700.0,32700.0,0.0,0.0,0.0,0,1
2021-12-27,2021,24,25,32700.0,32700.0,0.0,0.0,0.0,0,1
2021-12-28,2021,21,22,35000.0,32700.0,167963.0,0.0,-0.06571428571428573,0,1
2021-12-28,2021,22,23,32700.0,32700.0,0.0,0.0,0.0,0,1
2021-12-28,2021,23,24,32700.0,32700.0,0.0,0.0,0.0,0,1
2021-12-28,2021,24,25,32700.0,32700.0,0.0,0.0,0.0,0,1
2021-12-29,2021,21,22,35050.0,32700.0,103408.0,0.0,-0.06704707560627676,0,1
2021-12-29,2021,22,23,32700.0,32700.0,0.0,0.0,0.0,0,1
2021-12-29,2021,23,24,32700.0,32700.0,0.0,0.0,0.0,0,1
2021-12-29,2021,24,25,32700.0,32700.0,0.0,0.0,0.0,0,1
2021-12-30,2021,21,22,35100.0,32700.0,48348.0,0.0,-0.06837606837606836,0,1
2021-12-30,2021,22,23,32700.0,32700.0,0.0,0.0,0.0,0,1
2021-12-30,2021,23,24,32700.0,32700.0,0.0,0.0,0.0,0,1
2021-12-30,2021,24,25,32700.0,32700.0,0.0,0.0,0.0,0,1
2022-01-03,2022,21,22,35100.0,32700.0,4200.0,0.0,-0.06837606837606836,0,1
2022-01-03,2022,22,23,32700.0,32700.0,0.0,0.0,0.0,0,1
2022-01-03,2022,23,24,32700.0,32700.0,0.0,0.0,0.0,0,1
2022-01-03,2022,24,25,32700.0,32700.0,0.0,0.0,0.0,0,1
2022-01-04,2022,21,22,35100.0,32700.0,4800.0,0.0,-0.06837606837606836,0,1
2022-01-04,2022,22,23,32700.0,32700.0,0.0,0.0,0.0,0,1
2022-01-04,2022,23,24,32700.0,32700.0,0.0,0.0,0.0,0,1
2022-01-04,2022,24,25,32700.0,32700.0,0.0,0.0,0.0,0,1
2022-01-05,2022,21,22,35050.0,32700.0,8000.0,0.0,-0.06704707560627676,0,1
2022-01-05,2022,22,23,32700.0,32700.0,0.0,0.0,0.0,0,1
2022-01-05,2022,23,24,32700.0,32700.0,0.0,0.0,0.0,0,1
2022-01-05,2022,24,25,32700.0,32700.0,0.0,0.0,0.0,0,1
2022-01-06,2022,21,22,35300.0,32700.0,11000.0,0.0,-0.07365439093484416,0,1
2022-01-06,2022,22,23,32700.0,32700.0,0.0,0.0,0.0,0,1
2022-01-06,2022,23,24,32700.0,32700.0,0.0,0.0,0.0,0,1
2022-01-06,2022,24,25,32700.0,32700.0,0.0,0.0,0.0,0,1
2022-01-07,2022,21,22,35400.0,32700.0,11500.0,0.0,-0.07627118644067798,0,1
2022-01-07,2022,22,23,32700.0,32700.0,0.0,0.0,0.0,0,1
2022-01-07,2022,23,24,32700.0,32700.0,0.0,0.0,0.0,0,1
2022-01-07,2022,24,25,32700.0,32700.0,0.0,0.0,0.0,0,1
2022-01-10,2022,21,22,35300.0,32700.0,14800.0,0.0,-0.07365439093484416,0,1
2022-01-10,2022,22,23,32700.0,32700.0,0.0,0.0,0.0,0,1
2022-01-10,2022,23,24,32700.0,32700.0,0.0,0.0,0.0,0,1
2022-01-10,2022,24,25,32700.0,32700.0,0.0,0.0,0.0,0,1
2022-01-11,2022,21,22,35400.0,32700.0,14700.0,0.0,-0.07627118644067798,0,1
2022-01-11,2022,22,23,32700.0,32700.0,0.0,0.0,0.0,0,1
2022-01-11,2022,23,24,32700.0,32700.0,0.0,0.0,0.0,0,1
2022-01-11,2022,24,25,32700.0,32700.0,0.0,0.0,0.0,0,1
2022-01-12,2022,21,22,35400.0,32700.0,12550.0,0.0,-0.07627118644067798,0,1
2022-01-12,2022,22,23,32700.0,32700.0,0.0,0.0,0.0,0,1
2022-01-12,2022,23,24,32700.0,32700.0,0.0,0.0,0.0,0,1
2022-01-12,2022,24,25,32700.0,32700.0,0.0,0.0,0.0,0,1
2022-01-13,2022,21,22,35400.0,32700.0,20250.0,0.0,-0.07627118644067798,0,1
2022-01-13,2022,22,23,32700.0,32700.0,0.0,0.0,0.0,0,1
2022-01-13,2022,23,24,32700.0,32700.0,0.0,0.0,0.0,0,1
2022-01-13,2022,24,25,32700.0,32700.0,0.0,0.0,0.0,0,1
2022-01-14,2022,21,22,35350.0,32700.0,7500.0,0.0,-0.074964639321075,0,1
2022-01-14,2022,22,23,32700.0,32700.0,0.0,0.0,0.0,0,1
2022-01-14,2022,23,24,32700.0,32700.0,0.0,0.0,0.0,0,1
2022-01-14,2022,24,25,32700.0,32700.0,0.0,0.0,0.0,0,1
2022-01-17,2022,21,22,35250.0,32700.0,10300.0,0.0,-0.07234042553191489,0,1
2022-01-17,2022,22,23,32700.0,32700.0,0.0,0.0,0.0,0,1
2022-01-17,2022,23,24,32700.0,32700.0,0.0,0.0,0.0,0,1
2022-01-17,2022,24,25,32700.0,32700.0,0.0,0.0,0.0,0,1
2022-01-18,2022,21,22,35200.0,32700.0,5000.0,0.0,-0.07102272727272729,0,1
2022-01-18,2022,22,23,32700.0,32700.0,0.0,0.0,0.0,0,1
2022-01-18,2022,23,24,32700.0,32700.0,0.0,0.0,0.0,0,1
2022-01-18,2022,24,25,32700.0,32700.0,0.0,0.0,0.0,0,1
2022-01-19,2022,21,22,35000.0,32700.0,8000.0,0.0,-0.06571428571428573,0,1
2022-01-19,2022,22,23,32700.0,32700.0,0.0,0.0,0.0,0,1
2022-01-19,2022,23,24,32700.0,32700.0,0.0,0.0,0.0,0,1
2022-01-19,2022,24,25,32700.0,32700.0,0.0,0.0,0.0,0,1
2022-01-20,2022,21,22,35100.0,32700.0,14000.0,0.0,-0.06837606837606836,0,1
2022-01-20,2022,22,23,32700.0,32700.0,0.0,0.0,0.0,0,1
2022-01-20,2022,23,24,32700.0,32700.0,0.0,0.0,0.0,0,1
2022-01-20,2022,24,25,32700.0,32700.0,0.0,0.0,0.0,0,1
2022-01-21,2022,21,22,35000.0,32700.0,40300.0,0.0,-0.06571428571428573,0,1
2022-01-21,2022,22,23,32700.0,32700.0,0.0,0.0,0.0,0,1
2022-01-21,2022,23,24,32700.0,32700.0,0.0,0.0,0.0,0,1
2022-01-21,2022,24,25,32700.0,32700.0,0.0,0.0,0.0,0,1
2022-01-24,2022,21,22,34950.0,32700.0,21000.0,0.0,-0.06437768240343344,0,1
2022-01-24,2022,22,23,32700.0,32700.0,0.0,0.0,0.0,0,1
2022-01-24,2022,23,24,32700.0,32700.0,0.0,0.0,0.0,0,1
2022-01-24,2022,24,25,32700.0,32700.0,0.0,0.0,0.0,0,1
2022-01-25,2022,21,22,34950.0,32700.0,13048.0,0.0,-0.06437768240343344,0,1
2022-01-25,2022,22,23,32700.0,32700.0,0.0,0.0,0.0,0,1
2022-01-25,2022,23,24,32700.0,32700.0,0.0,0.0,0.0,0,1
2022-01-25,2022,24,25,32700.0,32700.0,0.0,0.0,0.0,0,1
2022-01-26,2022,21,22,35000.0,32700.0,28500.0,0.0,-0.06571428571428573,0,1
2022-01-26,2022,22,23,32700.0,32700.0,0.0,0.0,0.0,0,1
2022-01-26,2022,23,24,32700.0,32700.0,0.0,0.0,0.0,0,1
2022-01-26,2022,24,25,32700.0,32700.0,0.0,0.0,0.0,0,1
2022-01-27,2022,21,22,34850.0,32700.0,36900.0,0.0,-0.061692969870875136,0,1
2022-01-27,2022,22,23,32700.0,32700.0,0.0,0.0,0.0,0,1
2022-01-27,2022,23,24,32700.0,32700.0,0.0,0.0,0.0,0,1
2022-01-27,2022,24,25,32700.0,32700.0,0.0,0.0,0.0,0,1
2022-01-28,2022,21,22,34950.0,32700.0,19242.0,0.0,-0.06437768240343344,0,1
2022-01-28,2022,22,23,32700.0,32700.0,0.0,0.0,0.0,0,1
2022-01-28,2022,23,24,32700.0,32700.0,0.0,0.0,0.0,0,1
2022-01-28,2022,24,25,32700.0,32700.0,0.0,0.0,0.0,0,1
2022-02-03,2022,21,22,34950.0,32700.0,9200.0,0.0,-0.06437768240343344,0,1
2022-02-03,2022,22,23,32700.0,32700.0,0.0,0.0,0.0,0,1
2022-02-03,2022,23,24,32700.0,32700.0,0.0,0.0,0.0,0,1
2022-02-03,2022,24,25,32700.0,32700.0,0.0,0.0,0.0,0,1
2022-02-04,2022,21,22,34900.0,32700.0,7600.0,0.0,-0.0630372492836676,0,1
2022-02-04,2022,22,23,32700.0,32700.0,0.0,0.0,0.0,0,1
2022-02-04,2022,23,24,32700.0,32700.0,0.0,0.0,0.0,0,1
2022-02-04,2022,24,25,32700.0,32700.0,0.0,0.0,0.0,0,1
2022-02-07,2022,21,22,34800.0,32700.0,9180.0,0.0,-0.06034482758620685,0,1
2022-02-07,2022,22,23,32700.0,32700.0,0.0,0.0,0.0,0,1
2022-02-07,2022,23,24,32700.0,32700.0,0.0,0.0,0.0,0,1
2022-02-07,2022,24,25,32700.0,32700.0,0.0,0.0,0.0,0,1
2022-02-08,2022,21,22,34650.0,32700.0,40500.0,0.0,-0.05627705627705626,0,1
2022-02-08,2022,22,23,32700.0,32700.0,0.0,0.0,0.0,0,1
2022-02-08,2022,23,24,32700.0,32700.0,0.0,0.0,0.0,0,1
2022-02-08,2022,24,25,32700.0,32700.0,0.0,0.0,0.0,0,1
2022-02-09,2022,21,22,34300.0,32700.0,24200.0,0.0,-0.04664723032069973,0,1
2022-02-09,2022,22,23,32700.0,32700.0,0.0,0.0,0.0,0,1
2022-02-09,2022,23,24,32700.0,32700.0,0.0,0.0,0.0,0,1
2022-02-09,2022,24,25,32700.0,32700.0,0.0,0.0,0.0,0,1
2022-02-10,2022,21,22,33600.0,32700.0,26300.0,0.0,-0.0267857142857143,0,1
2022-02-10,2022,22,23,32700.0,32700.0,0.0,0.0,0.0,0,1
2022-02-10,2022,23,24,32700.0,32700.0,0.0,0.0,0.0,0,1
2022-02-10,2022,24,25,32700.0,32700.0,0.0,0.0,0.0,0,1
2022-02-11,2022,21,22,33600.0,32700.0,19500.0,0.0,-0.0267857142857143,0,1
2022-02-11,2022,22,23,32700.0,32700.0,0.0,0.0,0.0,0,1
2022-02-11,2022,23,24,32700.0,32700.0,0.0,0.0,0.0,0,1
2022-02-11,2022,24,25,32700.0,32700.0,0.0,0.0,0.0,0,1
2022-02-14,2022,21,22,33300.0,32700.0,13900.0,0.0,-0.018018018018018056,0,1
2022-02-14,2022,22,23,32700.0,32700.0,0.0,0.0,0.0,0,1
2022-02-14,2022,23,24,32700.0,32700.0,0.0,0.0,0.0,0,1
2022-02-14,2022,24,25,32700.0,32700.0,0.0,0.0,0.0,0,1
2022-02-15,2022,21,22,31800.0,32700.0,46700.0,0.0,0.028301886792452935,0,1
2022-02-15,2022,22,23,32700.0,32700.0,0.0,0.0,0.0,0,1
2022-02-15,2022,23,24,32700.0,32700.0,0.0,0.0,0.0,0,1
2022-02-15,2022,24,25,32700.0,32700.0,0.0,0.0,0.0,0,1
2022-02-16,2022,21,22,30500.0,32700.0,24373.0,0.0,0.0721311475409836,0,1
2022-02-16,2022,22,23,32700.0,32700.0,0.0,0.0,0.0,0,1
2022-02-16,2022,23,24,32700.0,32700.0,0.0,0.0,0.0,0,1
2022-02-16,2022,24,25,32700.0,32700.0,0.0,0.0,0.0,0,1
2022-02-17,2022,21,22,30000.0,32700.0,36300.0,0.0,0.09000000000000008,0,1
2022-02-17,2022,22,23,32700.0,32700.0,0.0,0.0,0.0,0,1
2022-02-17,2022,23,24,32700.0,32700.0,0.0,0.0,0.0,0,1
2022-02-17,2022,24,25,32700.0,32700.0,0.0,0.0,0.0,0,1
2022-02-18,2022,21,22,29900.0,32700.0,37900.0,0.0,0.09364548494983271,0,1
2022-02-18,2022,22,23,32700.0,32700.0,0.0,0.0,0.0,0,1
2022-02-18,2022,23,24,32700.0,32700.0,0.0,0.0,0.0,0,1
2022-02-18,2022,24,25,32700.0,32700.0,0.0,0.0,0.0,0,1
2022-02-21,2022,21,22,30000.0,32700.0,27848.0,0.0,0.09000000000000008,0,1
2022-02-21,2022,22,23,32700.0,32700.0,0.0,0.0,0.0,0,1
2022-02-21,2022,23,24,32700.0,32700.0,0.0,0.0,0.0,0,1
2022-02-21,2022,24,25,32700.0,32700.0,0.0,0.0,0.0,0,1
2022-02-22,2022,21,22,30000.0,32700.0,33900.0,0.0,0.09000000000000008,0,1
2022-02-22,2022,22,23,32700.0,32700.0,0.0,0.0,0.0,0,1
2022-02-22,2022,23,24,32700.0,32700.0,0.0,0.0,0.0,0,1
2022-02-22,2022,24,25,32700.0,32700.0,0.0,0.0,0.0,0,1
2022-02-23,2022,21,22,29950.0,32700.0,64400.0,0.0,0.09181969949916535,0,1
2022-02-23,2022,22,23,32700.0,32700.0,0.0,0.0,0.0,0,1
2022-02-23,2022,23,24,32700.0,32700.0,0.0,0.0,0.0,0,1
2022-02-23,2022,24,25,32700.0,32700.0,0.0,0.0,0.0,0,1
2022-02-24,2022,21,22,30000.0,32700.0,41900.0,0.0,0.09000000000000008,0,1
2022-02-24,2022,22,23,32700.0,32700.0,0.0,0.0,0.0,0,1
2022-02-24,2022,23,24,32700.0,32700.0,0.0,0.0,0.0,0,1
2022-02-24,2022,24,25,32700.0,32700.0,0.0,0.0,0.0,0,1
2022-02-25,2022,21,22,30100.0,32700.0,23400.0,0.0,0.08637873754152814,0,1
2022-02-25,2022,22,23,32700.0,32700.0,0.0,0.0,0.0,0,1
2022-02-25,2022,23,24,32700.0,32700.0,0.0,0.0,0.0,0,1
2022-02-25,2022,24,25,32700.0,32700.0,0.0,0.0,0.0,0,1
2022-02-28,2022,21,22,30200.0,32700.0,19851.0,0.0,0.08278145695364247,0,1
2022-02-28,2022,22,23,32700.0,32700.0,0.0,0.0,0.0,0,1
2022-02-28,2022,23,24,32700.0,32700.0,0.0,0.0,0.0,0,1
2022-02-28,2022,24,25,32700.0,32700.0,0.0,0.0,0.0,0,1
2022-03-02,2022,21,22,30100.0,32700.0,4510.0,0.0,0.08637873754152814,0,1
2022-03-02,2022,22,23,32700.0,32700.0,0.0,0.0,0.0,0,1
2022-03-02,2022,23,24,32700.0,32700.0,0.0,0.0,0.0,0,1
2022-03-02,2022,24,25,32700.0,32700.0,0.0,0.0,0.0,0,1
2022-03-03,2022,21,22,29800.0,32700.0,9200.0,0.0,0.09731543624161065,0,1
2022-03-03,2022,22,23,32700.0,32700.0,0.0,0.0,0.0,0,1
2022-03-03,2022,23,24,32700.0,32700.0,0.0,0.0,0.0,0,1
2022-03-03,2022,24,25,32700.0,32700.0,0.0,0.0,0.0,0,1
2022-03-04,2022,21,22,29700.0,32700.0,27700.0,0.0,0.101010101010101,0,1
2022-03-04,2022,22,23,32700.0,32700.0,0.0,0.0,0.0,0,1
2022-03-04,2022,23,24,32700.0,32700.0,0.0,0.0,0.0,0,1
2022-03-04,2022,24,25,32700.0,32700.0,0.0,0.0,0.0,0,1
2022-03-07,2022,21,22,28800.0,29700.0,16300.0,0.0,0.03125,0,1
2022-03-07,2022,22,23,29700.0,29700.0,0.0,0.0,0.0,0,1
2022-03-07,2022,23,24,29700.0,29700.0,0.0,0.0,0.0,0,1
2022-03-07,2022,24,25,29700.0,29700.0,0.0,0.0,0.0,0,1
2022-03-08,2022,21,22,27900.0,29700.0,77980.0,0.0,0.06451612903225801,0,1
2022-03-08,2022,22,23,29700.0,29700.0,0.0,0.0,0.0,0,1
2022-03-08,2022,23,24,29700.0,29700.0,0.0,0.0,0.0,0,1
2022-03-08,2022,24,25,29700.0,29700.0,0.0,0.0,0.0,0,1
2022-03-10,2022,21,22,26800.0,30000.0,17500.0,0.0,0.11940298507462677,0,1
2022-03-10,2022,22,23,30000.0,29700.0,0.0,0.0,-0.010000000000000009,0,1
2022-03-10,2022,23,24,29700.0,29700.0,0.0,0.0,0.0,0,1
2022-03-10,2022,24,25,29700.0,29700.0,0.0,0.0,0.0,0,1
2022-03-11,2022,21,22,26400.0,26800.0,42150.0,0.0,0.015151515151515138,0,1
2022-03-11,2022,22,23,26800.0,26800.0,0.0,0.0,0.0,0,1
2022-03-11,2022,23,24,26800.0,26800.0,0.0,0.0,0.0,0,1
2022-03-11,2022,24,25,26800.0,26800.0,0.0,0.0,0.0,0,1
2022-03-14,2022,21,22,26200.0,26800.0,46100.0,0.0,0.022900763358778553,0,1
2022-03-14,2022,22,23,26800.0,26800.0,0.0,0.0,0.0,0,1
2022-03-14,2022,23,24,26800.0,26800.0,0.0,0.0,0.0,0,1
2022-03-14,2022,24,25,26800.0,26800.0,0.0,0.0,0.0,0,1
2022-03-15,2022,21,22,25700.0,26800.0,29350.0,0.0,0.04280155642023353,0,1
2022-03-15,2022,22,23,26800.0,26800.0,0.0,0.0,0.0,0,1
2022-03-15,2022,23,24,26800.0,26800.0,0.0,0.0,0.0,0,1
2022-03-15,2022,24,25,26800.0,26800.0,0.0,0.0,0.0,0,1
2022-03-16,2022,21,22,24850.0,27000.0,42890.0,0.0,0.08651911468812878,0,1
2022-03-16,2022,22,23,27000.0,26800.0,0.0,0.0,-0.007407407407407418,0,1
2022-03-16,2022,23,24,26800.0,26800.0,0.0,0.0,0.0,0,1
2022-03-16,2022,24,25,26800.0,26800.0,0.0,0.0,0.0,0,1
2022-03-17,2022,21,22,23700.0,27000.0,22100.0,0.0,0.139240506329114,0,1
2022-03-17,2022,22,23,27000.0,26800.0,0.0,0.0,-0.007407407407407418,0,1
2022-03-17,2022,23,24,26800.0,26800.0,0.0,0.0,0.0,0,1
2022-03-17,2022,24,25,26800.0,26800.0,0.0,0.0,0.0,0,1
2022-03-18,2022,21,22,21350.0,23700.0,46002.0,0.0,0.11007025761124112,0,1
2022-03-18,2022,22,23,23700.0,23700.0,0.0,0.0,0.0,0,1
2022-03-18,2022,23,24,23700.0,23700.0,0.0,0.0,0.0,0,1
2022-03-18,2022,24,25,23700.0,23700.0,0.0,0.0,0.0,0,1
2022-03-21,2022,21,22,19250.0,21350.0,83871.0,0.0,0.10909090909090913,0,1
2022-03-21,2022,22,23,21350.0,21350.0,0.0,0.0,0.0,0,1
2022-03-21,2022,23,24,21350.0,21350.0,0.0,0.0,0.0,0,1
2022-03-21,2022,24,25,21350.0,21350.0,0.0,0.0,0.0,0,1
2022-03-22,2022,21,22,20400.0,19250.0,150114.0,0.0,-0.056372549019607865,0,1
2022-03-22,2022,22,23,19250.0,19250.0,0.0,0.0,0.0,0,1
2022-03-22,2022,23,24,19250.0,19250.0,0.0,0.0,0.0,0,1
2022-03-22,2022,24,25,19250.0,19250.0,0.0,0.0,0.0,0,1
2022-03-23,2022,21,22,20800.0,19250.0,48001.0,0.0,-0.07451923076923073,0,1
2022-03-23,2022,22,23,19250.0,19250.0,0.0,0.0,0.0,0,1
2022-03-23,2022,23,24,19250.0,19250.0,0.0,0.0,0.0,0,1
2022-03-23,2022,24,25,19250.0,19250.0,0.0,0.0,0.0,0,1
2022-03-24,2022,21,22,22700.0,19250.0,50001.0,0.0,-0.1519823788546255,0,1
2022-03-24,2022,22,23,19250.0,19250.0,0.0,0.0,0.0,0,1
2022-03-24,2022,23,24,19250.0,19250.0,0.0,0.0,0.0,0,1
2022-03-24,2022,24,25,19250.0,19250.0,0.0,0.0,0.0,0,1
2022-03-25,2022,21,22,23250.0,22700.0,50100.0,0.0,-0.023655913978494647,0,1
2022-03-25,2022,22,23,22700.0,22700.0,0.0,0.0,0.0,0,1
2022-03-25,2022,23,24,22700.0,22700.0,0.0,0.0,0.0,0,1
2022-03-25,2022,24,25,22700.0,22700.0,0.0,0.0,0.0,0,1
2022-03-28,2022,21,22,23400.0,22700.0,23170.0,0.0,-0.02991452991452992,0,1
2022-03-28,2022,22,23,22700.0,22700.0,0.0,0.0,0.0,0,1
2022-03-28,2022,23,24,22700.0,22700.0,0.0,0.0,0.0,0,1
2022-03-28,2022,24,25,22700.0,22700.0,0.0,0.0,0.0,0,1
2022-03-29,2022,21,22,23500.0,22700.0,58162.0,0.0,-0.03404255319148941,0,1
2022-03-29,2022,22,23,22700.0,22700.0,0.0,0.0,0.0,0,1
2022-03-29,2022,23,24,22700.0,22700.0,0.0,0.0,0.0,0,1
2022-03-29,2022,24,25,22700.0,22700.0,0.0,0.0,0.0,0,1
2022-03-30,2022,21,22,23400.0,22700.0,56913.0,0.0,-0.02991452991452992,0,1
2022-03-30,2022,22,23,22700.0,22700.0,0.0,0.0,0.0,0,1
2022-03-30,2022,23,24,22700.0,22700.0,0.0,0.0,0.0,0,1
2022-03-30,2022,24,25,22700.0,22700.0,0.0,0.0,0.0,0,1
2022-03-31,2022,21,22,23000.0,22700.0,53789.0,0.0,-0.013043478260869601,0,1
2022-03-31,2022,22,23,22700.0,22700.0,0.0,0.0,0.0,0,1
2022-03-31,2022,23,24,22700.0,22700.0,0.0,0.0,0.0,0,1
2022-03-31,2022,24,25,22700.0,22700.0,0.0,0.0,0.0,0,1
2022-04-01,2022,21,22,22800.0,22700.0,13521.0,0.0,-0.004385964912280715,0,1
2022-04-01,2022,22,23,22700.0,22700.0,0.0,0.0,0.0,0,1
2022-04-01,2022,23,24,22700.0,22700.0,0.0,0.0,0.0,0,1
2022-04-01,2022,24,25,22700.0,22700.0,0.0,0.0,0.0,0,1
2022-04-04,2022,21,22,21400.0,22700.0,84702.0,0.0,0.06074766355140193,0,1
2022-04-04,2022,22,23,22700.0,22700.0,0.0,0.0,0.0,0,1
2022-04-04,2022,23,24,22700.0,22700.0,0.0,0.0,0.0,0,1
2022-04-04,2022,24,25,22700.0,22700.0,0.0,0.0,0.0,0,1
2022-04-05,2022,21,22,21000.0,22700.0,80771.0,0.0,0.08095238095238089,0,1
2022-04-05,2022,22,23,22700.0,22700.0,0.0,0.0,0.0,0,1
2022-04-05,2022,23,24,22700.0,22700.0,0.0,0.0,0.0,0,1
2022-04-05,2022,24,25,22700.0,22700.0,0.0,0.0,0.0,0,1
2022-04-06,2022,21,22,21000.0,22700.0,34249.0,0.0,0.08095238095238089,0,1
2022-04-06,2022,22,23,22700.0,22700.0,0.0,0.0,0.0,0,1
2022-04-06,2022,23,24,22700.0,22700.0,0.0,0.0,0.0,0,1
2022-04-06,2022,24,25,22700.0,22700.0,0.0,0.0,0.0,0,1
2022-04-07,2022,21,22,21100.0,22700.0,26224.0,0.0,0.07582938388625582,0,1
2022-04-07,2022,22,23,22700.0,22700.0,0.0,0.0,0.0,0,1
2022-04-07,2022,23,24,22700.0,22700.0,0.0,0.0,0.0,0,1
2022-04-07,2022,24,25,22700.0,22700.0,0.0,0.0,0.0,0,1
2022-04-08,2022,21,22,20900.0,22700.0,76975.0,0.0,0.0861244019138756,0,1
2022-04-08,2022,22,23,22700.0,22700.0,0.0,0.0,0.0,0,1
2022-04-08,2022,23,24,22700.0,22700.0,0.0,0.0,0.0,0,1
2022-04-08,2022,24,25,22700.0,22700.0,0.0,0.0,0.0,0,1
2022-04-11,2022,21,22,21000.0,22700.0,74259.0,0.0,0.08095238095238089,0,1
2022-04-11,2022,22,23,22700.0,22700.0,0.0,0.0,0.0,0,1
2022-04-11,2022,23,24,22700.0,22700.0,0.0,0.0,0.0,0,1
2022-04-11,2022,24,25,22700.0,22700.0,0.0,0.0,0.0,0,1
2022-04-12,2022,21,22,21200.0,22700.0,54439.0,0.0,0.070754716981132,0,1
2022-04-12,2022,22,23,22700.0,22700.0,0.0,0.0,0.0,0,1
2022-04-12,2022,23,24,22700.0,22700.0,0.0,0.0,0.0,0,1
2022-04-12,2022,24,25,22700.0,22700.0,0.0,0.0,0.0,0,1
2022-04-13,2022,21,22,21000.0,22700.0,23840.0,0.0,0.08095238095238089,0,1
2022-04-13,2022,22,23,22700.0,22700.0,0.0,0.0,0.0,0,1
2022-04-13,2022,23,24,22700.0,22700.0,0.0,0.0,0.0,0,1
2022-04-13,2022,24,25,22700.0,22700.0,0.0,0.0,0.0,0,1
2022-04-14,2022,21,22,21000.0,22700.0,112359.0,0.0,0.08095238095238089,0,1
2022-04-14,2022,22,23,22700.0,22700.0,0.0,0.0,0.0,0,1
2022-04-14,2022,23,24,22700.0,22700.0,0.0,0.0,0.0,0,1
2022-04-14,2022,24,25,22700.0,22700.0,0.0,0.0,0.0,0,1
2022-04-15,2022,21,22,20950.0,22700.0,39402.0,0.0,0.0835322195704058,0,1
2022-04-15,2022,22,23,22700.0,22700.0,0.0,0.0,0.0,0,1
2022-04-15,2022,23,24,22700.0,22700.0,0.0,0.0,0.0,0,1
2022-04-15,2022,24,25,22700.0,22700.0,0.0,0.0,0.0,0,1
2022-04-18,2022,21,22,21000.0,22700.0,48950.0,0.0,0.08095238095238089,0,1
2022-04-18,2022,22,23,22700.0,22700.0,0.0,0.0,0.0,0,1
2022-04-18,2022,23,24,22700.0,22700.0,0.0,0.0,0.0,0,1
2022-04-18,2022,24,25,22700.0,22700.0,0.0,0.0,0.0,0,1
2022-04-19,2022,21,22,21050.0,22700.0,49010.0,0.0,0.07838479809976251,0,1
2022-04-19,2022,22,23,22700.0,22700.0,0.0,0.0,0.0,0,1
2022-04-19,2022,23,24,22700.0,22700.0,0.0,0.0,0.0,0,1
2022-04-19,2022,24,25,22700.0,22700.0,0.0,0.0,0.0,0,1
2022-04-20,2022,21,22,20800.0,22700.0,39400.0,0.0,0.09134615384615374,0,1
2022-04-20,2022,22,23,22700.0,22700.0,0.0,0.0,0.0,0,1
2022-04-20,2022,23,24,22700.0,22700.0,0.0,0.0,0.0,0,1
2022-04-20,2022,24,25,22700.0,22700.0,0.0,0.0,0.0,0,1
2022-04-21,2022,21,22,20600.0,22700.0,57070.0,0.0,0.10194174757281549,0,1
2022-04-21,2022,22,23,22700.0,22700.0,0.0,0.0,0.0,0,1
2022-04-21,2022,23,24,22700.0,22700.0,0.0,0.0,0.0,0,1
2022-04-21,2022,24,25,22700.0,22700.0,0.0,0.0,0.0,0,1
2022-04-22,2022,21,22,20900.0,21000.0,48461.0,0.0,0.004784688995215225,0,1
2022-04-22,2022,22,23,21000.0,20600.0,0.0,0.0,-0.01904761904761909,0,1
2022-04-22,2022,23,24,20600.0,20600.0,0.0,0.0,0.0,0,1
2022-04-22,2022,24,25,20600.0,20600.0,0.0,0.0,0.0,0,1
2022-04-25,2022,21,22,20900.0,21800.0,28394.0,0.0,0.04306220095693769,0,1
2022-04-25,2022,22,23,21800.0,20600.0,0.0,0.0,-0.05504587155963303,0,1
2022-04-25,2022,23,24,20600.0,20600.0,0.0,0.0,0.0,0,1
2022-04-25,2022,24,25,20600.0,20600.0,0.0,0.0,0.0,0,1
2022-04-26,2022,21,22,20450.0,21800.0,47276.0,0.0,0.0660146699266504,0,1
2022-04-26,2022,22,23,21800.0,20600.0,0.0,0.0,-0.05504587155963303,0,1
2022-04-26,2022,23,24,20600.0,20600.0,0.0,0.0,0.0,0,1
2022-04-26,2022,24,25,20600.0,20600.0,0.0,0.0,0.0,0,1
2022-04-27,2022,21,22,20000.0,21800.0,71466.0,0.0,0.09000000000000008,0,1
2022-04-27,2022,22,23,21800.0,20600.0,0.0,0.0,-0.05504587155963303,0,1
2022-04-27,2022,23,24,20600.0,20600.0,0.0,0.0,0.0,0,1
2022-04-27,2022,24,25,20600.0,20600.0,0.0,0.0,0.0,0,1
2022-04-28,2022,21,22,20200.0,21800.0,135945.0,0.0,0.07920792079207928,0,1
2022-04-28,2022,22,23,21800.0,20600.0,0.0,0.0,-0.05504587155963303,0,1
2022-04-28,2022,23,24,20600.0,20600.0,0.0,0.0,0.0,0,1
2022-04-28,2022,24,25,20600.0,20600.0,0.0,0.0,0.0,0,1
2022-04-29,2022,21,22,20550.0,21800.0,75404.0,0.0,0.06082725060827254,0,1
2022-04-29,2022,22,23,21800.0,20600.0,0.0,0.0,-0.05504587155963303,0,1
2022-04-29,2022,23,24,20600.0,20600.0,0.0,0.0,0.0,0,1
2022-04-29,2022,24,25,20600.0,20600.0,0.0,0.0,0.0,0,1
2022-05-02,2022,21,22,20450.0,21800.0,4350.0,0.0,0.0660146699266504,0,1
2022-05-02,2022,22,23,21800.0,20600.0,0.0,0.0,-0.05504587155963303,0,1
2022-05-02,2022,23,24,20600.0,20600.0,0.0,0.0,0.0,0,1
2022-05-02,2022,24,25,20600.0,20600.0,0.0,0.0,0.0,0,1
2022-05-03,2022,21,22,20450.0,21800.0,95443.0,0.0,0.0660146699266504,0,1
2022-05-03,2022,22,23,21800.0,20600.0,0.0,0.0,-0.05504587155963303,0,1
2022-05-03,2022,23,24,20600.0,20600.0,0.0,0.0,0.0,0,1
2022-05-03,2022,24,25,20600.0,20600.0,0.0,0.0,0.0,0,1
2022-05-04,2022,21,22,20000.0,21800.0,61740.0,0.0,0.09000000000000008,0,1
2022-05-04,2022,22,23,21800.0,20600.0,0.0,0.0,-0.05504587155963303,0,1
2022-05-04,2022,23,24,20600.0,20600.0,0.0,0.0,0.0,0,1
2022-05-04,2022,24,25,20600.0,20600.0,0.0,0.0,0.0,0,1
2022-05-06,2022,21,22,20600.0,21800.0,32100.0,0.0,0.058252427184465994,0,1
2022-05-06,2022,22,23,21800.0,20600.0,0.0,0.0,-0.05504587155963303,0,1
2022-05-06,2022,23,24,20600.0,20600.0,0.0,0.0,0.0,0,1
2022-05-06,2022,24,25,20600.0,20600.0,0.0,0.0,0.0,0,1
2022-05-09,2022,21,22,20500.0,21800.0,50313.0,0.0,0.06341463414634152,0,1
2022-05-09,2022,22,23,21800.0,20600.0,0.0,0.0,-0.05504587155963303,0,1
2022-05-09,2022,23,24,20600.0,20600.0,0.0,0.0,0.0,0,1
2022-05-09,2022,24,25,20600.0,20600.0,0.0,0.0,0.0,0,1
2022-05-10,2022,21,22,20400.0,21800.0,128081.0,0.0,0.06862745098039214,0,1
2022-05-10,2022,22,23,21800.0,20600.0,0.0,0.0,-0.05504587155963303,0,1
2022-05-10,2022,23,24,20600.0,20600.0,0.0,0.0,0.0,0,1
2022-05-10,2022,24,25,20600.0,20600.0,0.0,0.0,0.0,0,1
2022-05-11,2022,21,22,20400.0,21800.0,22800.0,0.0,0.06862745098039214,0,1
2022-05-11,2022,22,23,21800.0,20600.0,0.0,0.0,-0.05504587155963303,0,1
2022-05-11,2022,23,24,20600.0,20600.0,0.0,0.0,0.0,0,1
2022-05-11,2022,24,25,20600.0,20600.0,0.0,0.0,0.0,0,1
2022-05-12,2022,21,22,20300.0,21800.0,39253.0,0.0,0.07389162561576357,0,1
2022-05-12,2022,22,23,21800.0,20600.0,0.0,0.0,-0.05504587155963303,0,1
2022-05-12,2022,23,24,20600.0,20600.0,0.0,0.0,0.0,0,1
2022-05-12,2022,24,25,20600.0,20600.0,0.0,0.0,0.0,0,1
2022-05-13,2022,21,22,20000.0,21800.0,47889.0,0.0,0.09000000000000008,0,1
2022-05-13,2022,22,23,21800.0,20600.0,0.0,0.0,-0.05504587155963303,0,1
2022-05-13,2022,23,24,20600.0,20600.0,0.0,0.0,0.0,0,1
2022-05-13,2022,24,25,20600.0,20600.0,0.0,0.0,0.0,0,1
2022-05-16,2022,21,22,20000.0,21800.0,78801.0,0.0,0.09000000000000008,0,1
2022-05-16,2022,22,23,21800.0,20600.0,0.0,0.0,-0.05504587155963303,0,1
2022-05-16,2022,23,24,20600.0,20600.0,0.0,0.0,0.0,0,1
2022-05-16,2022,24,25,20600.0,20600.0,0.0,0.0,0.0,0,1
2022-05-17,2022,21,22,21050.0,21800.0,63955.0,0.0,0.03562945368171011,0,1
2022-05-17,2022,22,23,21800.0,20600.0,0.0,0.0,-0.05504587155963303,0,1
2022-05-17,2022,23,24,20600.0,20600.0,0.0,0.0,0.0,0,1
2022-05-17,2022,24,25,20600.0,20600.0,0.0,0.0,0.0,0,1
2022-05-18,2022,21,22,20400.0,21800.0,94465.0,0.0,0.06862745098039214,0,1
2022-05-18,2022,22,23,21800.0,20600.0,0.0,0.0,-0.05504587155963303,0,1
2022-05-18,2022,23,24,20600.0,20600.0,0.0,0.0,0.0,0,1
2022-05-18,2022,24,25,20600.0,20600.0,0.0,0.0,0.0,0,1
2022-05-19,2022,21,22,20500.0,21800.0,48811.0,0.0,0.06341463414634152,0,1
2022-05-19,2022,22,23,21800.0,20600.0,0.0,0.0,-0.05504587155963303,0,1
2022-05-19,2022,23,24,20600.0,20600.0,0.0,0.0,0.0,0,1
2022-05-19,2022,24,25,20600.0,20600.0,0.0,0.0,0.0,0,1
2022-05-20,2022,21,22,20600.0,21800.0,58280.0,0.0,0.058252427184465994,0,1
2022-05-20,2022,22,23,21800.0,20600.0,0.0,0.0,-0.05504587155963303,0,1
2022-05-20,2022,23,24,20600.0,20600.0,0.0,0.0,0.0,0,1
2022-05-20,2022,24,25,20600.0,20600.0,0.0,0.0,0.0,0,1
2022-05-23,2022,21,22,20750.0,21800.0,91444.0,0.0,0.050602409638554224,0,1
2022-05-23,2022,22,23,21800.0,20600.0,0.0,0.0,-0.05504587155963303,0,1
2022-05-23,2022,23,24,20600.0,20600.0,0.0,0.0,0.0,0,1
2022-05-23,2022,24,25,20600.0,20600.0,0.0,0.0,0.0,0,1
2022-05-24,2022,21,22,21150.0,21800.0,92187.0,0.0,0.030732860520094496,0,1
2022-05-24,2022,22,23,21800.0,20600.0,0.0,0.0,-0.05504587155963303,0,1
2022-05-24,2022,23,24,20600.0,20600.0,0.0,0.0,0.0,0,1
2022-05-24,2022,24,25,20600.0,20600.0,0.0,0.0,0.0,0,1
2022-05-25,2022,21,22,21600.0,21800.0,56218.0,0.0,0.0092592592592593,0,1
2022-05-25,2022,22,23,21800.0,20600.0,0.0,0.0,-0.05504587155963303,0,1
2022-05-25,2022,23,24,20600.0,20600.0,0.0,0.0,0.0,0,1
2022-05-25,2022,24,25,20600.0,20600.0,0.0,0.0,0.0,0,1
2022-05-26,2022,21,22,22450.0,21800.0,93697.0,0.0,-0.028953229398663738,0,1
2022-05-26,2022,22,23,21800.0,20600.0,0.0,0.0,-0.05504587155963303,0,1
2022-05-26,2022,23,24,20600.0,20600.0,0.0,0.0,0.0,0,1
2022-05-26,2022,24,25,20600.0,20600.0,0.0,0.0,0.0,0,1
2022-05-27,2022,21,22,22400.0,21800.0,42698.0,0.0,-0.0267857142857143,0,1
2022-05-27,2022,22,23,21800.0,20600.0,0.0,0.0,-0.05504587155963303,0,1
2022-05-27,2022,23,24,20600.0,20600.0,0.0,0.0,0.0,0,1
2022-05-27,2022,24,25,20600.0,20600.0,0.0,0.0,0.0,0,1
2022-05-30,2022,21,22,22550.0,21800.0,87253.0,0.0,-0.03325942350332589,0,1
2022-05-30,2022,22,23,21800.0,20600.0,0.0,0.0,-0.05504587155963303,0,1
2022-05-30,2022,23,24,20600.0,20600.0,0.0,0.0,0.0,0,1
2022-05-30,2022,24,25,20600.0,20600.0,0.0,0.0,0.0,0,1
2022-05-31,2022,21,22,22400.0,21800.0,122299.0,0.0,-0.0267857142857143,0,1
2022-05-31,2022,22,23,21800.0,20600.0,0.0,0.0,-0.05504587155963303,0,1
2022-05-31,2022,23,24,20600.0,20600.0,0.0,0.0,0.0,0,1
2022-05-31,2022,24,25,20600.0,20600.0,0.0,0.0,0.0,0,1
2022-06-02,2022,21,22,20200.0,21800.0,101007.0,0.0,0.07920792079207928,0,1
2022-06-02,2022,22,23,21800.0,20600.0,0.0,0.0,-0.05504587155963303,0,1
2022-06-02,2022,23,24,20600.0,20600.0,0.0,0.0,0.0,0,1
2022-06-02,2022,24,25,20600.0,20600.0,0.0,0.0,0.0,0,1
2022-06-03,2022,21,22,20000.0,21800.0,188253.0,0.0,0.09000000000000008,0,1
2022-06-03,2022,22,23,21800.0,20600.0,0.0,0.0,-0.05504587155963303,0,1
2022-06-03,2022,23,24,20600.0,20600.0,0.0,0.0,0.0,0,1
2022-06-03,2022,24,25,20600.0,20600.0,0.0,0.0,0.0,0,1
2022-06-07,2022,21,22,19900.0,21800.0,119377.0,0.0,0.09547738693467345,0,1
2022-06-07,2022,22,23,21800.0,20600.0,0.0,0.0,-0.05504587155963303,0,1
2022-06-07,2022,23,24,20600.0,20600.0,0.0,0.0,0.0,0,1
2022-06-07,2022,24,25,20600.0,20600.0,0.0,0.0,0.0,0,1
2022-06-08,2022,21,22,18200.0,21800.0,174686.0,0.0,0.19780219780219777,0,1
2022-06-08,2022,22,23,21800.0,20600.0,0.0,0.0,-0.05504587155963303,0,1
2022-06-08,2022,23,24,20600.0,20600.0,0.0,0.0,0.0,0,1
2022-06-08,2022,24,25,20600.0,20600.0,0.0,0.0,0.0,0,1
2022-06-09,2022,21,22,16400.0,18200.0,150785.0,0.0,0.10975609756097571,0,1
2022-06-09,2022,22,23,18200.0,18200.0,0.0,0.0,0.0,0,1
2022-06-09,2022,23,24,18200.0,18200.0,0.0,0.0,0.0,0,1
2022-06-09,2022,24,25,18200.0,18200.0,0.0,0.0,0.0,0,1
2022-06-10,2022,21,22,14800.0,16400.0,217443.0,0.0,0.10810810810810811,0,1
2022-06-10,2022,22,23,16400.0,16400.0,0.0,0.0,0.0,0,1
2022-06-10,2022,23,24,16400.0,16400.0,0.0,0.0,0.0,0,1
2022-06-10,2022,24,25,16400.0,16400.0,0.0,0.0,0.0,0,1
2022-06-13,2022,21,22,13350.0,14800.0,223662.0,0.0,0.10861423220973787,0,1
2022-06-13,2022,22,23,14800.0,14800.0,0.0,0.0,0.0,0,1
2022-06-13,2022,23,24,14800.0,14800.0,0.0,0.0,0.0,0,1
2022-06-13,2022,24,25,14800.0,14800.0,0.0,0.0,0.0,0,1
2022-06-14,2022,21,22,13500.0,12050.0,447447.0,380.0,-0.1074074074074074,1,1
2022-06-14,2022,22,23,12050.0,13350.0,380.0,0.0,0.10788381742738595,0,1
2022-06-14,2022,23,24,13350.0,13350.0,0.0,0.0,0.0,0,1
2022-06-14,2022,24,25,13350.0,13350.0,0.0,0.0,0.0,0,1
2022-06-15,2022,21,22,14850.0,13250.0,62863.0,0.0,-0.1077441077441077,0,1
2022-06-15,2022,22,23,13250.0,13350.0,0.0,0.0,0.007547169811320753,0,1
2022-06-15,2022,23,24,13350.0,13350.0,0.0,0.0,0.0,0,1
2022-06-15,2022,24,25,13350.0,13350.0,0.0,0.0,0.0,0,1
2022-06-16,2022,21,22,16300.0,16000.0,85290.0,0.0,-0.018404907975460127,0,1
2022-06-16,2022,22,23,16000.0,14850.0,0.0,0.0,-0.07187500000000002,0,1
2022-06-16,2022,23,24,14850.0,14850.0,0.0,0.0,0.0,0,1
2022-06-16,2022,24,25,14850.0,14850.0,0.0,0.0,0.0,0,1
2022-06-17,2022,21,22,17900.0,17050.0,96620.0,0.0,-0.04748603351955305,0,1
2022-06-17,2022,22,23,17050.0,14850.0,0.0,0.0,-0.12903225806451613,0,1
2022-06-17,2022,23,24,14850.0,14850.0,0.0,0.0,0.0,0,1
2022-06-17,2022,24,25,14850.0,14850.0,0.0,0.0,0.0,0,1
2022-06-20,2022,21,22,19650.0,18000.0,36999.0,0.0,-0.08396946564885499,0,1
2022-06-20,2022,22,23,18000.0,17900.0,0.0,0.0,-0.005555555555555536,0,1
2022-06-20,2022,23,24,17900.0,17900.0,0.0,0.0,0.0,0,1
2022-06-20,2022,24,25,17900.0,17900.0,0.0,0.0,0.0,0,1
2022-06-21,2022,21,22,21000.0,19500.0,152641.0,0.0,-0.0714285714285714,0,1
2022-06-21,2022,22,23,19500.0,17900.0,0.0,0.0,-0.08205128205128209,0,1
2022-06-21,2022,23,24,17900.0,17900.0,0.0,0.0,0.0,0,1
2022-06-21,2022,24,25,17900.0,17900.0,0.0,0.0,0.0,0,1
2022-06-22,2022,21,22,18900.0,19500.0,53718.0,0.0,0.031746031746031855,0,1
2022-06-22,2022,22,23,19500.0,21000.0,0.0,0.0,0.07692307692307687,0,1
2022-06-22,2022,23,24,21000.0,21000.0,0.0,0.0,0.0,0,1
2022-06-22,2022,24,25,21000.0,21000.0,0.0,0.0,0.0,0,1
2022-06-23,2022,21,22,17050.0,19500.0,95715.0,0.0,0.1436950146627567,0,1
2022-06-23,2022,22,23,19500.0,18900.0,0.0,0.0,-0.03076923076923077,0,1
2022-06-23,2022,23,24,18900.0,18900.0,0.0,0.0,0.0,0,1
2022-06-23,2022,24,25,18900.0,18900.0,0.0,0.0,0.0,0,1
2022-06-24,2022,21,22,16700.0,17050.0,108306.0,0.0,0.020958083832335328,0,1
2022-06-24,2022,22,23,17050.0,17050.0,0.0,0.0,0.0,0,1
2022-06-24,2022,23,24,17050.0,17050.0,0.0,0.0,0.0,0,1
2022-06-24,2022,24,25,17050.0,17050.0,0.0,0.0,0.0,0,1
2022-06-27,2022,21,22,17950.0,17050.0,25134.0,0.0,-0.05013927576601673,0,1
2022-06-27,2022,22,23,17050.0,17050.0,0.0,0.0,0.0,0,1
2022-06-27,2022,23,24,17050.0,17050.0,0.0,0.0,0.0,0,1
2022-06-27,2022,24,25,17050.0,17050.0,0.0,0.0,0.0,0,1
2022-06-28,2022,21,22,18900.0,17050.0,64821.0,0.0,-0.0978835978835979,0,1
2022-06-28,2022,22,23,17050.0,17050.0,0.0,0.0,0.0,0,1
2022-06-28,2022,23,24,17050.0,17050.0,0.0,0.0,0.0,0,1
2022-06-28,2022,24,25,17050.0,17050.0,0.0,0.0,0.0,0,1
2022-06-29,2022,21,22,20550.0,17050.0,113612.0,0.0,-0.17031630170316303,0,1
2022-06-29,2022,22,23,17050.0,17050.0,0.0,0.0,0.0,0,1
2022-06-29,2022,23,24,17050.0,17050.0,0.0,0.0,0.0,0,1
2022-06-29,2022,24,25,17050.0,17050.0,0.0,0.0,0.0,0,1
2022-06-30,2022,21,22,20800.0,20550.0,122310.0,0.0,-0.012019230769230727,0,1
2022-06-30,2022,22,23,20550.0,20550.0,0.0,0.0,0.0,0,1
2022-06-30,2022,23,24,20550.0,20550.0,0.0,0.0,0.0,0,1
2022-06-30,2022,24,25,20550.0,20550.0,0.0,0.0,0.0,0,1
2022-07-01,2022,21,22,20800.0,20550.0,14434.0,0.0,-0.012019230769230727,0,1
2022-07-01,2022,22,23,20550.0,20550.0,0.0,0.0,0.0,0,1
2022-07-01,2022,23,24,20550.0,20550.0,0.0,0.0,0.0,0,1
2022-07-01,2022,24,25,20550.0,20550.0,0.0,0.0,0.0,0,1
2022-07-04,2022,21,22,20800.0,21000.0,3000.0,0.0,0.009615384615384581,0,1
2022-07-04,2022,22,23,21000.0,20550.0,0.0,0.0,-0.021428571428571463,0,1
2022-07-04,2022,23,24,20550.0,20550.0,0.0,0.0,0.0,0,1
2022-07-04,2022,24,25,20550.0,20550.0,0.0,0.0,0.0,0,1
2022-07-05,2022,21,22,20950.0,21000.0,9595.0,0.0,0.0023866348448686736,0,1
2022-07-05,2022,22,23,21000.0,20800.0,0.0,0.0,-0.00952380952380949,0,1
2022-07-05,2022,23,24,20800.0,20550.0,0.0,0.0,-0.012019230769230727,0,1
2022-07-05,2022,24,25,20550.0,20550.0,0.0,0.0,0.0,0,1
2022-07-06,2022,21,22,20900.0,22750.0,3500.0,10000.0,0.08851674641148333,1,1
2022-07-06,2022,22,23,22750.0,22000.0,10000.0,0.0,-0.03296703296703296,0,1
2022-07-06,2022,23,24,22000.0,20550.0,0.0,0.0,-0.06590909090909092,0,1
2022-07-06,2022,24,25,20550.0,20550.0,0.0,0.0,0.0,0,1
2022-07-07,2022,21,22,20800.0,25000.0,4500.0,11100.0,0.20192307692307687,1,1
2022-07-07,2022,22,23,25000.0,22000.0,11100.0,0.0,-0.12,0,1
2022-07-07,2022,23,24,22000.0,20550.0,0.0,0.0,-0.06590909090909092,0,1
2022-07-07,2022,24,25,20550.0,20550.0,0.0,0.0,0.0,0,1
2022-07-08,2022,21,22,20800.0,25000.0,5205.0,234.0,0.20192307692307687,1,1
2022-07-08,2022,22,23,25000.0,22000.0,234.0,0.0,-0.12,0,1
2022-07-08,2022,23,24,22000.0,20550.0,0.0,0.0,-0.06590909090909092,0,1
2022-07-08,2022,24,25,20550.0,20550.0,0.0,0.0,0.0,0,1
2022-07-11,2022,21,22,20000.0,25000.0,8100.0,0.0,0.25,0,1
2022-07-11,2022,22,23,25000.0,22000.0,0.0,0.0,-0.12,0,1
2022-07-11,2022,23,24,22000.0,20550.0,0.0,0.0,-0.06590909090909092,0,1
2022-07-11,2022,24,25,20550.0,20550.0,0.0,0.0,0.0,0,1
2022-07-12,2022,21,22,18000.0,25000.0,12130.0,2000.0,0.38888888888888884,1,1
2022-07-12,2022,22,23,25000.0,22000.0,2000.0,0.0,-0.12,0,1
2022-07-12,2022,23,24,22000.0,20550.0,0.0,0.0,-0.06590909090909092,0,1
2022-07-12,2022,24,25,20550.0,20550.0,0.0,0.0,0.0,0,1
2022-07-13,2022,21,22,17500.0,26000.0,23385.0,5200.0,0.48571428571428577,1,0
2022-07-13,2022,22,23,26000.0,18000.0,5200.0,0.0,-0.3076923076923077,0,1
2022-07-13,2022,23,24,18000.0,18000.0,0.0,0.0,0.0,0,1
2022-07-13,2022,24,25,18000.0,18000.0,0.0,0.0,0.0,0,1
2022-07-14,2022,21,22,18400.0,26000.0,24924.0,28855.0,0.4130434782608696,1,0
2022-07-14,2022,22,23,26000.0,18000.0,28855.0,0.0,-0.3076923076923077,0,1
2022-07-14,2022,23,24,18000.0,18000.0,0.0,0.0,0.0,0,1
2022-07-14,2022,24,25,18000.0,18000.0,0.0,0.0,0.0,0,1
2022-07-15,2022,21,22,18600.0,26000.0,6058.0,13345.0,0.3978494623655915,1,1
2022-07-15,2022,22,23,26000.0,18000.0,13345.0,0.0,-0.3076923076923077,0,1
2022-07-15,2022,23,24,18000.0,18000.0,0.0,0.0,0.0,0,1
2022-07-15,2022,24,25,18000.0,18000.0,0.0,0.0,0.0,0,1
2022-07-18,2022,21,22,18700.0,26000.0,7300.0,0.0,0.39037433155080214,0,1
2022-07-18,2022,22,23,26000.0,18000.0,0.0,0.0,-0.3076923076923077,0,1
2022-07-18,2022,23,24,18000.0,18000.0,0.0,0.0,0.0,0,1
2022-07-18,2022,24,25,18000.0,18000.0,0.0,0.0,0.0,0,1
2022-07-19,2022,21,22,19500.0,25000.0,18000.0,10763.0,0.28205128205128216,1,1
2022-07-19,2022,22,23,25000.0,18000.0,10763.0,0.0,-0.28,0,1
2022-07-19,2022,23,24,18000.0,18000.0,0.0,0.0,0.0,0,1
2022-07-19,2022,24,25,18000.0,18000.0,0.0,0.0,0.0,0,1
2022-07-20,2022,21,22,19300.0,26000.0,11000.0,1100.0,0.3471502590673574,1,1
2022-07-20,2022,22,23,26000.0,18000.0,1100.0,0.0,-0.3076923076923077,0,1
2022-07-20,2022,23,24,18000.0,18000.0,0.0,0.0,0.0,0,1
2022-07-20,2022,24,25,18000.0,18000.0,0.0,0.0,0.0,0,1
2022-07-21,2022,21,22,18700.0,26000.0,12500.0,8965.0,0.39037433155080214,1,1
2022-07-21,2022,22,23,26000.0,18000.0,8965.0,0.0,-0.3076923076923077,0,1
2022-07-21,2022,23,24,18000.0,18000.0,0.0,0.0,0.0,0,1
2022-07-21,2022,24,25,18000.0,18000.0,0.0,0.0,0.0,0,1
2022-07-22,2022,21,22,16850.0,26000.0,25033.0,4520.0,0.543026706231454,1,0
2022-07-22,2022,22,23,26000.0,18000.0,4520.0,0.0,-0.3076923076923077,0,1
2022-07-22,2022,23,24,18000.0,18000.0,0.0,0.0,0.0,0,1
2022-07-22,2022,24,25,18000.0,18000.0,0.0,0.0,0.0,0,1
2022-07-25,2022,21,22,17200.0,26000.0,4833.0,1000.0,0.5116279069767442,1,0
2022-07-25,2022,22,23,26000.0,18000.0,1000.0,0.0,-0.3076923076923077,0,1
2022-07-25,2022,23,24,18000.0,18000.0,0.0,0.0,0.0,0,1
2022-07-25,2022,24,25,18000.0,18000.0,0.0,0.0,0.0,0,1
2022-07-26,2022,21,22,18500.0,27000.0,31700.0,7000.0,0.45945945945945943,1,0
2022-07-26,2022,22,23,27000.0,18000.0,7000.0,0.0,-0.33333333333333337,0,1
2022-07-26,2022,23,24,18000.0,18000.0,0.0,0.0,0.0,0,1
2022-07-26,2022,24,25,18000.0,18000.0,0.0,0.0,0.0,0,1
2022-07-27,2022,21,22,18500.0,27500.0,25187.0,102000.0,0.4864864864864864,1,0
2022-07-27,2022,22,23,27500.0,18000.0,102000.0,0.0,-0.34545454545454546,0,1
2022-07-27,2022,23,24,18000.0,18000.0,0.0,0.0,0.0,0,1
2022-07-27,2022,24,25,18000.0,18000.0,0.0,0.0,0.0,0,1
2022-07-28,2022,21,22,18500.0,28900.0,34320.0,8000.0,0.5621621621621622,1,0
2022-07-28,2022,22,23,28900.0,18000.0,8000.0,0.0,-0.3771626297577855,0,1
2022-07-28,2022,23,24,18000.0,18000.0,0.0,0.0,0.0,0,1
2022-07-28,2022,24,25,18000.0,18000.0,0.0,0.0,0.0,0,1
2022-07-29,2022,21,22,18600.0,29000.0,14761.0,0.0,0.5591397849462365,0,0
2022-07-29,2022,22,23,29000.0,18000.0,0.0,0.0,-0.3793103448275862,0,1
2022-07-29,2022,23,24,18000.0,18000.0,0.0,0.0,0.0,0,1
2022-07-29,2022,24,25,18000.0,18000.0,0.0,0.0,0.0,0,1
2022-08-01,2022,21,22,17700.0,29000.0,5300.0,0.0,0.6384180790960452,0,0
2022-08-01,2022,22,23,29000.0,18000.0,0.0,0.0,-0.3793103448275862,0,1
2022-08-01,2022,23,24,18000.0,18000.0,0.0,0.0,0.0,0,1
2022-08-01,2022,24,25,18000.0,18000.0,0.0,0.0,0.0,0,1
2022-08-02,2022,21,22,15950.0,27500.0,13507.0,10.0,0.7241379310344827,1,0
2022-08-02,2022,22,23,27500.0,18000.0,10.0,0.0,-0.34545454545454546,0,1
2022-08-02,2022,23,24,18000.0,18000.0,0.0,0.0,0.0,0,1
2022-08-02,2022,24,25,18000.0,18000.0,0.0,0.0,0.0,0,1
2022-08-03,2022,21,22,14700.0,29000.0,97110.0,3748.0,0.9727891156462585,1,0
2022-08-03,2022,22,23,29000.0,18000.0,3748.0,0.0,-0.3793103448275862,0,1
2022-08-03,2022,23,24,18000.0,18000.0,0.0,0.0,0.0,0,1
2022-08-03,2022,24,25,18000.0,18000.0,0.0,0.0,0.0,0,1
2022-08-04,2022,21,22,16150.0,28200.0,45697.0,10.0,0.7461300309597523,1,0
2022-08-04,2022,22,23,28200.0,18000.0,10.0,0.0,-0.36170212765957444,0,1
2022-08-04,2022,23,24,18000.0,18000.0,0.0,0.0,0.0,0,1
2022-08-04,2022,24,25,18000.0,18000.0,0.0,0.0,0.0,0,1
2022-08-05,2022,21,22,17750.0,28000.0,10886.0,3000.0,0.5774647887323943,1,0
2022-08-05,2022,22,23,28000.0,18000.0,3000.0,0.0,-0.3571428571428571,0,1
2022-08-05,2022,23,24,18000.0,18000.0,0.0,0.0,0.0,0,1
2022-08-05,2022,24,25,18000.0,18000.0,0.0,0.0,0.0,0,1
2022-08-08,2022,21,22,19500.0,28000.0,7459.0,2991.0,0.4358974358974359,1,0
2022-08-08,2022,22,23,28000.0,18000.0,2991.0,0.0,-0.3571428571428571,0,1
2022-08-08,2022,23,24,18000.0,18000.0,0.0,0.0,0.0,0,1
2022-08-08,2022,24,25,18000.0,18000.0,0.0,0.0,0.0,0,1
2022-08-09,2022,21,22,19500.0,27950.0,0.0,0.0,0.43333333333333335,0,0
2022-08-09,2022,22,23,27950.0,18000.0,0.0,0.0,-0.3559928443649374,0,1
2022-08-09,2022,23,24,18000.0,18000.0,0.0,0.0,0.0,0,1
2022-08-09,2022,24,25,18000.0,18000.0,0.0,0.0,0.0,0,1
2022-08-10,2022,21,22,19500.0,27900.0,0.0,4001.0,0.4307692307692308,0,0
2022-08-10,2022,22,23,27900.0,18000.0,4001.0,0.0,-0.3548387096774194,0,1
2022-08-10,2022,23,24,18000.0,18000.0,0.0,0.0,0.0,0,1
2022-08-10,2022,24,25,18000.0,18000.0,0.0,0.0,0.0,0,1
2022-08-11,2022,21,22,19500.0,27000.0,0.0,174249.0,0.3846153846153846,0,1
2022-08-11,2022,22,23,27000.0,18000.0,174249.0,0.0,-0.33333333333333337,0,1
2022-08-11,2022,23,24,18000.0,18000.0,0.0,0.0,0.0,0,1
2022-08-11,2022,24,25,18000.0,18000.0,0.0,0.0,0.0,0,1
2022-08-12,2022,22,23,27200.0,18000.0,80700.0,0.0,-0.3382352941176471,0,1
2022-08-12,2022,23,24,18000.0,18000.0,0.0,0.0,0.0,0,1
2022-08-12,2022,24,25,18000.0,18000.0,0.0,0.0,0.0,0,1
2022-08-16,2022,22,23,27300.0,18000.0,34440.0,0.0,-0.34065934065934067,0,1
2022-08-16,2022,23,24,18000.0,18000.0,0.0,0.0,0.0,0,1
2022-08-16,2022,24,25,18000.0,18000.0,0.0,0.0,0.0,0,1
2022-08-17,2022,22,23,27400.0,18000.0,26197.0,0.0,-0.34306569343065696,0,1
2022-08-17,2022,23,24,18000.0,18000.0,0.0,0.0,0.0,0,1
2022-08-17,2022,24,25,18000.0,18000.0,0.0,0.0,0.0,0,1
2022-08-18,2022,22,23,27400.0,18000.0,9400.0,0.0,-0.34306569343065696,0,1
2022-08-18,2022,23,24,18000.0,18000.0,0.0,0.0,0.0,0,1
2022-08-18,2022,24,25,18000.0,18000.0,0.0,0.0,0.0,0,1
2022-08-19,2022,22,23,27700.0,18000.0,9905.0,0.0,-0.35018050541516244,0,1
2022-08-19,2022,23,24,18000.0,18000.0,0.0,0.0,0.0,0,1
2022-08-19,2022,24,25,18000.0,18000.0,0.0,0.0,0.0,0,1
2022-08-22,2022,22,23,27700.0,18000.0,15532.0,0.0,-0.35018050541516244,0,1
2022-08-22,2022,23,24,18000.0,18000.0,0.0,0.0,0.0,0,1
2022-08-22,2022,24,25,18000.0,18000.0,0.0,0.0,0.0,0,1
2022-08-23,2022,22,23,27100.0,18000.0,72600.0,0.0,-0.33579335793357934,0,1
2022-08-23,2022,23,24,18000.0,18000.0,0.0,0.0,0.0,0,1
2022-08-23,2022,24,25,18000.0,18000.0,0.0,0.0,0.0,0,1
2022-08-24,2022,22,23,27100.0,18000.0,118200.0,0.0,-0.33579335793357934,0,1
2022-08-24,2022,23,24,18000.0,18000.0,0.0,0.0,0.0,0,1
2022-08-24,2022,24,25,18000.0,18000.0,0.0,0.0,0.0,0,1
2022-08-25,2022,22,23,27100.0,18000.0,22000.0,0.0,-0.33579335793357934,0,1
2022-08-25,2022,23,24,18000.0,18000.0,0.0,0.0,0.0,0,1
2022-08-25,2022,24,25,18000.0,18000.0,0.0,0.0,0.0,0,1
2022-08-26,2022,22,23,27300.0,18000.0,12200.0,0.0,-0.34065934065934067,0,1
2022-08-26,2022,23,24,18000.0,18000.0,0.0,0.0,0.0,0,1
2022-08-26,2022,24,25,18000.0,18000.0,0.0,0.0,0.0,0,1
2022-08-29,2022,22,23,27300.0,18000.0,92249.0,0.0,-0.34065934065934067,0,1
2022-08-29,2022,23,24,18000.0,18000.0,0.0,0.0,0.0,0,1
2022-08-29,2022,24,25,18000.0,18000.0,0.0,0.0,0.0,0,1
2022-08-30,2022,22,23,27650.0,18000.0,12600.0,0.0,-0.34900542495479203,0,1
2022-08-30,2022,23,24,18000.0,18000.0,0.0,0.0,0.0,0,1
2022-08-30,2022,24,25,18000.0,18000.0,0.0,0.0,0.0,0,1
2022-08-31,2022,22,23,27750.0,18000.0,11090.0,0.0,-0.3513513513513513,0,1
2022-08-31,2022,23,24,18000.0,18000.0,0.0,0.0,0.0,0,1
2022-08-31,2022,24,25,18000.0,18000.0,0.0,0.0,0.0,0,1
2022-09-01,2022,22,23,27600.0,27750.0,14700.0,0.0,0.005434782608695565,0,1
2022-09-01,2022,23,24,27750.0,27750.0,0.0,0.0,0.0,0,1
2022-09-01,2022,24,25,27750.0,27750.0,0.0,0.0,0.0,0,1
2022-09-02,2022,22,23,27500.0,27750.0,23963.0,0.0,0.009090909090909038,0,1
2022-09-02,2022,23,24,27750.0,27750.0,0.0,0.0,0.0,0,1
2022-09-02,2022,24,25,27750.0,27750.0,0.0,0.0,0.0,0,1
2022-09-05,2022,22,23,27000.0,27750.0,37515.0,0.0,0.02777777777777768,0,1
2022-09-05,2022,23,24,27750.0,27750.0,0.0,0.0,0.0,0,1
2022-09-05,2022,24,25,27750.0,27750.0,0.0,0.0,0.0,0,1
2022-09-06,2022,22,23,27100.0,27750.0,68220.0,0.0,0.023985239852398532,0,1
2022-09-06,2022,23,24,27750.0,27750.0,0.0,0.0,0.0,0,1
2022-09-06,2022,24,25,27750.0,27750.0,0.0,0.0,0.0,0,1
2022-09-07,2022,22,23,27100.0,27750.0,21920.0,0.0,0.023985239852398532,0,1
2022-09-07,2022,23,24,27750.0,27750.0,0.0,0.0,0.0,0,1
2022-09-07,2022,24,25,27750.0,27750.0,0.0,0.0,0.0,0,1
2022-09-08,2022,22,23,27100.0,27750.0,40520.0,0.0,0.023985239852398532,0,1
2022-09-08,2022,23,24,27750.0,27750.0,0.0,0.0,0.0,0,1
2022-09-08,2022,24,25,27750.0,27750.0,0.0,0.0,0.0,0,1
2022-09-13,2022,22,23,27100.0,27750.0,91560.0,0.0,0.023985239852398532,0,1
2022-09-13,2022,23,24,27750.0,27750.0,0.0,0.0,0.0,0,1
2022-09-13,2022,24,25,27750.0,27750.0,0.0,0.0,0.0,0,1
2022-09-14,2022,22,23,27050.0,27750.0,40760.0,0.0,0.025878003696857776,0,1
2022-09-14,2022,23,24,27750.0,27750.0,0.0,0.0,0.0,0,1
2022-09-14,2022,24,25,27750.0,27750.0,0.0,0.0,0.0,0,1
2022-09-15,2022,22,23,27000.0,27750.0,6731.0,0.0,0.02777777777777768,0,1
2022-09-15,2022,23,24,27750.0,27750.0,0.0,0.0,0.0,0,1
2022-09-15,2022,24,25,27750.0,27750.0,0.0,0.0,0.0,0,1
2022-09-16,2022,22,23,26900.0,27750.0,3001.0,0.0,0.03159851301115246,0,1
2022-09-16,2022,23,24,27750.0,27750.0,0.0,0.0,0.0,0,1
2022-09-16,2022,24,25,27750.0,27750.0,0.0,0.0,0.0,0,1
2022-09-19,2022,22,23,25450.0,27750.0,34600.0,0.0,0.09037328094302555,0,1
2022-09-19,2022,23,24,27750.0,27750.0,0.0,0.0,0.0,0,1
2022-09-19,2022,24,25,27750.0,27750.0,0.0,0.0,0.0,0,1
2022-09-20,2022,22,23,24000.0,27750.0,21640.0,0.0,0.15625,0,1
2022-09-20,2022,23,24,27750.0,27750.0,0.0,0.0,0.0,0,1
2022-09-20,2022,24,25,27750.0,27750.0,0.0,0.0,0.0,0,1
2022-09-21,2022,22,23,23200.0,27750.0,16301.0,0.0,0.19612068965517238,0,1
2022-09-21,2022,23,24,27750.0,27750.0,0.0,0.0,0.0,0,1
2022-09-21,2022,24,25,27750.0,27750.0,0.0,0.0,0.0,0,1
2022-09-22,2022,22,23,22400.0,27750.0,19600.0,0.0,0.2388392857142858,0,1
2022-09-22,2022,23,24,27750.0,27750.0,0.0,0.0,0.0,0,1
2022-09-22,2022,24,25,27750.0,27750.0,0.0,0.0,0.0,0,1
2022-09-23,2022,22,23,22250.0,27750.0,20000.0,0.0,0.247191011235955,0,1
2022-09-23,2022,23,24,27750.0,27750.0,0.0,0.0,0.0,0,1
2022-09-23,2022,24,25,27750.0,27750.0,0.0,0.0,0.0,0,1
2022-09-26,2022,22,23,23000.0,27750.0,23900.0,0.0,0.2065217391304348,0,1
2022-09-26,2022,23,24,27750.0,27750.0,0.0,0.0,0.0,0,1
2022-09-26,2022,24,25,27750.0,27750.0,0.0,0.0,0.0,0,1
2022-09-27,2022,22,23,24100.0,27750.0,20094.0,0.0,0.15145228215767625,0,1
2022-09-27,2022,23,24,27750.0,27750.0,0.0,0.0,0.0,0,1
2022-09-27,2022,24,25,27750.0,27750.0,0.0,0.0,0.0,0,1
2022-09-28,2022,22,23,25000.0,27750.0,15201.0,0.0,0.1100000000000001,0,1
2022-09-28,2022,23,24,27750.0,27750.0,0.0,0.0,0.0,0,1
2022-09-28,2022,24,25,27750.0,27750.0,0.0,0.0,0.0,0,1
2022-09-29,2022,22,23,25000.0,27750.0,17670.0,0.0,0.1100000000000001,0,1
2022-09-29,2022,23,24,27750.0,27750.0,0.0,0.0,0.0,0,1
2022-09-29,2022,24,25,27750.0,27750.0,0.0,0.0,0.0,0,1
2022-09-30,2022,22,23,27500.0,27750.0,48311.0,0.0,0.009090909090909038,0,1
2022-09-30,2022,23,24,27750.0,27750.0,0.0,0.0,0.0,0,1
2022-09-30,2022,24,25,27750.0,27750.0,0.0,0.0,0.0,0,1
2022-10-04,2022,22,23,25700.0,27750.0,8710.0,0.0,0.07976653696498048,0,1
2022-10-04,2022,23,24,27750.0,27750.0,0.0,0.0,0.0,0,1
2022-10-04,2022,24,25,27750.0,27750.0,0.0,0.0,0.0,0,1
2022-10-05,2022,22,23,25400.0,27750.0,4500.0,0.0,0.09251968503937014,0,1
2022-10-05,2022,23,24,27750.0,27750.0,0.0,0.0,0.0,0,1
2022-10-05,2022,24,25,27750.0,27750.0,0.0,0.0,0.0,0,1
2022-10-06,2022,22,23,25200.0,27750.0,5300.0,0.0,0.10119047619047628,0,1
2022-10-06,2022,23,24,27750.0,27750.0,0.0,0.0,0.0,0,1
2022-10-06,2022,24,25,27750.0,27750.0,0.0,0.0,0.0,0,1
2022-10-07,2022,22,23,25200.0,27750.0,4100.0,0.0,0.10119047619047628,0,1
2022-10-07,2022,23,24,27750.0,27750.0,0.0,0.0,0.0,0,1
2022-10-07,2022,24,25,27750.0,27750.0,0.0,0.0,0.0,0,1
2022-10-11,2022,22,23,24700.0,27750.0,7600.0,0.0,0.12348178137651833,0,1
2022-10-11,2022,23,24,27750.0,27750.0,0.0,0.0,0.0,0,1
2022-10-11,2022,24,25,27750.0,27750.0,0.0,0.0,0.0,0,1
2022-10-12,2022,22,23,23000.0,27750.0,10260.0,0.0,0.2065217391304348,0,1
2022-10-12,2022,23,24,27750.0,27750.0,0.0,0.0,0.0,0,1
2022-10-12,2022,24,25,27750.0,27750.0,0.0,0.0,0.0,0,1
2022-10-13,2022,22,23,23300.0,27750.0,15260.0,0.0,0.1909871244635193,0,1
2022-10-13,2022,23,24,27750.0,27750.0,0.0,0.0,0.0,0,1
2022-10-13,2022,24,25,27750.0,27750.0,0.0,0.0,0.0,0,1
2022-10-14,2022,22,23,23700.0,27750.0,18610.0,0.0,0.1708860759493671,0,1
2022-10-14,2022,23,24,27750.0,27750.0,0.0,0.0,0.0,0,1
2022-10-14,2022,24,25,27750.0,27750.0,0.0,0.0,0.0,0,1
2022-10-17,2022,22,23,23300.0,27750.0,21470.0,0.0,0.1909871244635193,0,1
2022-10-17,2022,23,24,27750.0,27750.0,0.0,0.0,0.0,0,1
2022-10-17,2022,24,25,27750.0,27750.0,0.0,0.0,0.0,0,1
2022-10-18,2022,22,23,22800.0,27750.0,16340.0,0.0,0.2171052631578947,0,1
2022-10-18,2022,23,24,27750.0,27750.0,0.0,0.0,0.0,0,1
2022-10-18,2022,24,25,27750.0,27750.0,0.0,0.0,0.0,0,1
2022-10-19,2022,22,23,21800.0,27750.0,15800.0,0.0,0.27293577981651373,0,1
2022-10-19,2022,23,24,27750.0,27750.0,0.0,0.0,0.0,0,1
2022-10-19,2022,24,25,27750.0,27750.0,0.0,0.0,0.0,0,1
2022-10-20,2022,22,23,22500.0,27750.0,3420.0,0.0,0.2333333333333334,0,1
2022-10-20,2022,23,24,27750.0,27750.0,0.0,0.0,0.0,0,1
2022-10-20,2022,24,25,27750.0,27750.0,0.0,0.0,0.0,0,1
2022-10-21,2022,22,23,20950.0,27750.0,14501.0,0.0,0.32458233890214805,0,1
2022-10-21,2022,23,24,27750.0,27750.0,0.0,0.0,0.0,0,1
2022-10-21,2022,24,25,27750.0,27750.0,0.0,0.0,0.0,0,1
2022-10-24,2022,22,23,21950.0,27750.0,4000.0,0.0,0.26423690205011385,0,1
2022-10-24,2022,23,24,27750.0,27750.0,0.0,0.0,0.0,0,1
2022-10-24,2022,24,25,27750.0,27750.0,0.0,0.0,0.0,0,1
2022-10-25,2022,22,23,21300.0,27750.0,7600.0,0.0,0.30281690140845074,0,1
2022-10-25,2022,23,24,27750.0,27750.0,0.0,0.0,0.0,0,1
2022-10-25,2022,24,25,27750.0,27750.0,0.0,0.0,0.0,0,1
2022-10-26,2022,22,23,21350.0,27750.0,24810.0,0.0,0.2997658079625294,0,1
2022-10-26,2022,23,24,27750.0,27750.0,0.0,0.0,0.0,0,1
2022-10-26,2022,24,25,27750.0,27750.0,0.0,0.0,0.0,0,1
2022-10-27,2022,22,23,21250.0,27750.0,5530.0,0.0,0.3058823529411765,0,1
2022-10-27,2022,23,24,27750.0,27750.0,0.0,0.0,0.0,0,1
2022-10-27,2022,24,25,27750.0,27750.0,0.0,0.0,0.0,0,1
2022-10-28,2022,22,23,21450.0,27750.0,14020.0,0.0,0.29370629370629375,0,1
2022-10-28,2022,23,24,27750.0,27750.0,0.0,0.0,0.0,0,1
2022-10-28,2022,24,25,27750.0,27750.0,0.0,0.0,0.0,0,1
2022-10-31,2022,22,23,21100.0,27750.0,17650.0,0.0,0.31516587677725116,0,1
2022-10-31,2022,23,24,27750.0,27750.0,0.0,0.0,0.0,0,1
2022-10-31,2022,24,25,27750.0,27750.0,0.0,0.0,0.0,0,1
2022-11-01,2022,22,23,21300.0,21100.0,4950.0,0.0,-0.009389671361502372,0,1
2022-11-01,2022,23,24,21100.0,21100.0,0.0,0.0,0.0,0,1
2022-11-01,2022,24,25,21100.0,21100.0,0.0,0.0,0.0,0,1
2022-11-02,2022,22,23,21100.0,21100.0,20280.0,0.0,0.0,0,1
2022-11-02,2022,23,24,21100.0,21100.0,0.0,0.0,0.0,0,1
2022-11-02,2022,24,25,21100.0,21100.0,0.0,0.0,0.0,0,1
2022-11-03,2022,22,23,20800.0,21100.0,21970.0,0.0,0.014423076923076872,0,1
2022-11-03,2022,23,24,21100.0,21100.0,0.0,0.0,0.0,0,1
2022-11-03,2022,24,25,21100.0,21100.0,0.0,0.0,0.0,0,1
2022-11-04,2022,22,23,20000.0,21100.0,34140.0,0.0,0.05499999999999994,0,1
2022-11-04,2022,23,24,21100.0,21100.0,0.0,0.0,0.0,0,1
2022-11-04,2022,24,25,21100.0,21100.0,0.0,0.0,0.0,0,1
2022-11-07,2022,22,23,20000.0,21100.0,20551.0,0.0,0.05499999999999994,0,1
2022-11-07,2022,23,24,21100.0,21100.0,0.0,0.0,0.0,0,1
2022-11-07,2022,24,25,21100.0,21100.0,0.0,0.0,0.0,0,1
2022-11-08,2022,22,23,19500.0,21100.0,38603.0,0.0,0.08205128205128198,0,1
2022-11-08,2022,23,24,21100.0,21100.0,0.0,0.0,0.0,0,1
2022-11-08,2022,24,25,21100.0,21100.0,0.0,0.0,0.0,0,1
2022-11-09,2022,22,23,19500.0,21100.0,16102.0,0.0,0.08205128205128198,0,1
2022-11-09,2022,23,24,21100.0,21100.0,0.0,0.0,0.0,0,1
2022-11-09,2022,24,25,21100.0,21100.0,0.0,0.0,0.0,0,1
2022-11-10,2022,22,23,19400.0,21100.0,56141.0,0.0,0.08762886597938135,0,1
2022-11-10,2022,23,24,21100.0,21100.0,0.0,0.0,0.0,0,1
2022-11-10,2022,24,25,21100.0,21100.0,0.0,0.0,0.0,0,1
2022-11-11,2022,22,23,19150.0,21100.0,23601.0,0.0,0.10182767624020883,0,1
2022-11-11,2022,23,24,21100.0,21100.0,0.0,0.0,0.0,0,1
2022-11-11,2022,24,25,21100.0,21100.0,0.0,0.0,0.0,0,1
2022-11-14,2022,22,23,19300.0,21100.0,73005.0,0.0,0.09326424870466332,0,1
2022-11-14,2022,23,24,21100.0,21100.0,0.0,0.0,0.0,0,1
2022-11-14,2022,24,25,21100.0,21100.0,0.0,0.0,0.0,0,1
2022-11-15,2022,22,23,19150.0,21100.0,62000.0,0.0,0.10182767624020883,0,1
2022-11-15,2022,23,24,21100.0,21100.0,0.0,0.0,0.0,0,1
2022-11-15,2022,24,25,21100.0,21100.0,0.0,0.0,0.0,0,1
2022-11-16,2022,22,23,19000.0,21100.0,30810.0,0.0,0.11052631578947358,0,1
2022-11-16,2022,23,24,21100.0,21100.0,0.0,0.0,0.0,0,1
2022-11-16,2022,24,25,21100.0,21100.0,0.0,0.0,0.0,0,1
2022-11-17,2022,22,23,18650.0,21100.0,25600.0,0.0,0.13136729222520116,0,1
2022-11-17,2022,23,24,21100.0,21100.0,0.0,0.0,0.0,0,1
2022-11-17,2022,24,25,21100.0,21100.0,0.0,0.0,0.0,0,1
2022-11-18,2022,22,23,18300.0,21100.0,4861.0,0.0,0.15300546448087426,0,1
2022-11-18,2022,23,24,21100.0,21100.0,0.0,0.0,0.0,0,1
2022-11-18,2022,24,25,21100.0,21100.0,0.0,0.0,0.0,0,1
2022-11-21,2022,22,23,17800.0,21100.0,19600.0,0.0,0.1853932584269662,0,1
2022-11-21,2022,23,24,21100.0,21100.0,0.0,0.0,0.0,0,1
2022-11-21,2022,24,25,21100.0,21100.0,0.0,0.0,0.0,0,1
2022-11-22,2022,22,23,16900.0,21100.0,55824.0,0.0,0.24852071005917153,0,1
2022-11-22,2022,23,24,21100.0,21100.0,0.0,0.0,0.0,0,1
2022-11-22,2022,24,25,21100.0,21100.0,0.0,0.0,0.0,0,1
2022-11-23,2022,22,23,17000.0,21100.0,40488.0,0.0,0.24117647058823533,0,1
2022-11-23,2022,23,24,21100.0,21100.0,0.0,0.0,0.0,0,1
2022-11-23,2022,24,25,21100.0,21100.0,0.0,0.0,0.0,0,1
2022-11-24,2022,22,23,15850.0,21100.0,58668.0,0.0,0.33123028391167186,0,1
2022-11-24,2022,23,24,21100.0,21100.0,0.0,0.0,0.0,0,1
2022-11-24,2022,24,25,21100.0,21100.0,0.0,0.0,0.0,0,1
2022-11-25,2022,22,23,16600.0,21100.0,23449.0,0.0,0.27108433734939763,0,1
2022-11-25,2022,23,24,21100.0,21100.0,0.0,0.0,0.0,0,1
2022-11-25,2022,24,25,21100.0,21100.0,0.0,0.0,0.0,0,1
2022-11-28,2022,22,23,16500.0,21100.0,36861.0,0.0,0.2787878787878788,0,1
2022-11-28,2022,23,24,21100.0,21100.0,0.0,0.0,0.0,0,1
2022-11-28,2022,24,25,21100.0,21100.0,0.0,0.0,0.0,0,1
2022-11-29,2022,22,23,16200.0,21100.0,28252.0,0.0,0.30246913580246915,0,1
2022-11-29,2022,23,24,21100.0,21100.0,0.0,0.0,0.0,0,1
2022-11-29,2022,24,25,21100.0,21100.0,0.0,0.0,0.0,0,1
2022-11-30,2022,22,23,16050.0,21100.0,44931.0,0.0,0.31464174454828653,0,1
2022-11-30,2022,23,24,21100.0,21100.0,0.0,0.0,0.0,0,1
2022-11-30,2022,24,25,21100.0,21100.0,0.0,0.0,0.0,0,1
2022-12-01,2022,22,23,16000.0,16050.0,2710.0,0.0,0.0031250000000000444,0,1
2022-12-01,2022,23,24,16050.0,16050.0,0.0,0.0,0.0,0,1
2022-12-01,2022,24,25,16050.0,16050.0,0.0,0.0,0.0,0,1
2022-12-02,2022,22,23,15950.0,16050.0,35322.0,0.0,0.006269592476489061,0,1
2022-12-02,2022,23,24,16050.0,16050.0,0.0,0.0,0.0,0,1
2022-12-02,2022,24,25,16050.0,16050.0,0.0,0.0,0.0,0,1
2022-12-05,2022,22,23,15700.0,16050.0,34210.0,0.0,0.022292993630573354,0,1
2022-12-05,2022,23,24,16050.0,16050.0,0.0,0.0,0.0,0,1
2022-12-05,2022,24,25,16050.0,16050.0,0.0,0.0,0.0,0,1
2022-12-06,2022,22,23,15500.0,16050.0,38831.0,0.0,0.03548387096774186,0,1
2022-12-06,2022,23,24,16050.0,16050.0,0.0,0.0,0.0,0,1
2022-12-06,2022,24,25,16050.0,16050.0,0.0,0.0,0.0,0,1
2022-12-07,2022,22,23,15300.0,16050.0,30923.0,0.0,0.0490196078431373,0,1
2022-12-07,2022,23,24,16050.0,16050.0,0.0,0.0,0.0,0,1
2022-12-07,2022,24,25,16050.0,16050.0,0.0,0.0,0.0,0,1
2022-12-08,2022,22,23,14950.0,16050.0,38450.0,0.0,0.0735785953177257,0,1
2022-12-08,2022,23,24,16050.0,16050.0,0.0,0.0,0.0,0,1
2022-12-08,2022,24,25,16050.0,16050.0,0.0,0.0,0.0,0,1
2022-12-09,2022,22,23,15200.0,16050.0,44960.0,0.0,0.05592105263157898,0,1
2022-12-09,2022,23,24,16050.0,16050.0,0.0,0.0,0.0,0,1
2022-12-09,2022,24,25,16050.0,16050.0,0.0,0.0,0.0,0,1
2022-12-12,2022,22,23,15000.0,16050.0,68759.0,0.0,0.07000000000000006,0,1
2022-12-12,2022,23,24,16050.0,16050.0,0.0,0.0,0.0,0,1
2022-12-12,2022,24,25,16050.0,16050.0,0.0,0.0,0.0,0,1
2022-12-13,2022,22,23,15000.0,16050.0,81310.0,0.0,0.07000000000000006,0,1
2022-12-13,2022,23,24,16050.0,16050.0,0.0,0.0,0.0,0,1
2022-12-13,2022,24,25,16050.0,16050.0,0.0,0.0,0.0,0,1
2022-12-14,2022,22,23,14800.0,16050.0,66808.0,0.0,0.08445945945945943,0,1
2022-12-14,2022,23,24,16050.0,16050.0,0.0,0.0,0.0,0,1
2022-12-14,2022,24,25,16050.0,16050.0,0.0,0.0,0.0,0,1
2022-12-15,2022,22,23,14700.0,16050.0,76864.0,0.0,0.09183673469387754,0,1
2022-12-15,2022,23,24,16050.0,16050.0,0.0,0.0,0.0,0,1
2022-12-15,2022,24,25,16050.0,16050.0,0.0,0.0,0.0,0,1
2022-12-16,2022,22,23,14500.0,16050.0,63900.0,0.0,0.10689655172413803,0,1
2022-12-16,2022,23,24,16050.0,16050.0,0.0,0.0,0.0,0,1
2022-12-16,2022,24,25,16050.0,16050.0,0.0,0.0,0.0,0,1
2022-12-19,2022,22,23,14000.0,16050.0,89769.0,0.0,0.14642857142857135,0,1
2022-12-19,2022,23,24,16050.0,16050.0,0.0,0.0,0.0,0,1
2022-12-19,2022,24,25,16050.0,16050.0,0.0,0.0,0.0,0,1
2022-12-20,2022,22,23,13200.0,16050.0,102302.0,0.0,0.21590909090909083,0,1
2022-12-20,2022,23,24,16050.0,16050.0,0.0,0.0,0.0,0,1
2022-12-20,2022,24,25,16050.0,16050.0,0.0,0.0,0.0,0,1
2022-12-21,2022,22,23,12900.0,16050.0,65070.0,0.0,0.2441860465116279,0,1
2022-12-21,2022,23,24,16050.0,16050.0,0.0,0.0,0.0,0,1
2022-12-21,2022,24,25,16050.0,16050.0,0.0,0.0,0.0,0,1
2022-12-22,2022,22,23,12800.0,16050.0,111865.0,0.0,0.25390625,0,1
2022-12-22,2022,23,24,16050.0,16050.0,0.0,0.0,0.0,0,1
2022-12-22,2022,24,25,16050.0,16050.0,0.0,0.0,0.0,0,1
2022-12-23,2022,22,23,14000.0,16050.0,29700.0,0.0,0.14642857142857135,0,1
2022-12-23,2022,23,24,16050.0,16050.0,0.0,0.0,0.0,0,1
2022-12-23,2022,24,25,16050.0,16050.0,0.0,0.0,0.0,0,1
2022-12-26,2022,22,23,14000.0,16050.0,85210.0,0.0,0.14642857142857135,0,1
2022-12-26,2022,23,24,16050.0,16050.0,0.0,0.0,0.0,0,1
2022-12-26,2022,24,25,16050.0,16050.0,0.0,0.0,0.0,0,1
2022-12-27,2022,22,23,15000.0,16050.0,80466.0,0.0,0.07000000000000006,0,1
2022-12-27,2022,23,24,16050.0,16050.0,0.0,0.0,0.0,0,1
2022-12-27,2022,24,25,16050.0,16050.0,0.0,0.0,0.0,0,1
2022-12-28,2022,22,23,16400.0,16050.0,136926.0,0.0,-0.021341463414634165,0,1
2022-12-28,2022,23,24,16050.0,16050.0,0.0,0.0,0.0,0,1
2022-12-28,2022,24,25,16050.0,16050.0,0.0,0.0,0.0,0,1
2022-12-29,2022,22,23,16000.0,16050.0,235308.0,0.0,0.0031250000000000444,0,1
2022-12-29,2022,23,24,16050.0,16050.0,0.0,0.0,0.0,0,1
2022-12-29,2022,24,25,16050.0,16050.0,0.0,0.0,0.0,0,1
2023-01-02,2023,22,23,16800.0,16050.0,21300.0,0.0,-0.044642857142857095,0,1
2023-01-02,2023,23,24,16050.0,16050.0,0.0,0.0,0.0,0,1
2023-01-02,2023,24,25,16050.0,16050.0,0.0,0.0,0.0,0,1
2023-01-03,2023,22,23,15650.0,16050.0,40510.0,0.0,0.025559105431310014,0,1
2023-01-03,2023,23,24,16050.0,16050.0,0.0,0.0,0.0,0,1
2023-01-03,2023,24,25,16050.0,16050.0,0.0,0.0,0.0,0,1
2023-01-04,2023,22,23,14600.0,16050.0,33000.0,0.0,0.09931506849315075,0,1
2023-01-04,2023,23,24,16050.0,16050.0,0.0,0.0,0.0,0,1
2023-01-04,2023,24,25,16050.0,16050.0,0.0,0.0,0.0,0,1
2023-01-05,2023,22,23,13300.0,16050.0,24600.0,0.0,0.20676691729323315,0,1
2023-01-05,2023,23,24,16050.0,16050.0,0.0,0.0,0.0,0,1
2023-01-05,2023,24,25,16050.0,16050.0,0.0,0.0,0.0,0,1
2023-01-06,2023,22,23,13150.0,16050.0,34800.0,0.0,0.2205323193916351,0,1
2023-01-06,2023,23,24,16050.0,16050.0,0.0,0.0,0.0,0,1
2023-01-06,2023,24,25,16050.0,16050.0,0.0,0.0,0.0,0,1
2023-01-09,2023,22,23,13300.0,16050.0,158310.0,0.0,0.20676691729323315,0,1
2023-01-09,2023,23,24,16050.0,16050.0,0.0,0.0,0.0,0,1
2023-01-09,2023,24,25,16050.0,16050.0,0.0,0.0,0.0,0,1
2023-01-10,2023,22,23,13200.0,16050.0,101502.0,0.0,0.21590909090909083,0,1
2023-01-10,2023,23,24,16050.0,16050.0,0.0,0.0,0.0,0,1
2023-01-10,2023,24,25,16050.0,16050.0,0.0,0.0,0.0,0,1
2023-01-11,2023,22,23,14500.0,16050.0,55490.0,0.0,0.10689655172413803,0,1
2023-01-11,2023,23,24,16050.0,16050.0,0.0,0.0,0.0,0,1
2023-01-11,2023,24,25,16050.0,16050.0,0.0,0.0,0.0,0,1
2023-01-12,2023,22,23,15600.0,16050.0,25610.0,0.0,0.028846153846153744,0,1
2023-01-12,2023,23,24,16050.0,16050.0,0.0,0.0,0.0,0,1
2023-01-12,2023,24,25,16050.0,16050.0,0.0,0.0,0.0,0,1
2023-01-13,2023,22,23,15850.0,16050.0,67885.0,0.0,0.012618296529968376,0,1
2023-01-13,2023,23,24,16050.0,16050.0,0.0,0.0,0.0,0,1
2023-01-13,2023,24,25,16050.0,16050.0,0.0,0.0,0.0,0,1
2023-01-16,2023,22,23,14700.0,16050.0,53590.0,0.0,0.09183673469387754,0,1
2023-01-16,2023,23,24,16050.0,16050.0,0.0,0.0,0.0,0,1
2023-01-16,2023,24,25,16050.0,16050.0,0.0,0.0,0.0,0,1
2023-01-17,2023,22,23,15250.0,16050.0,22200.0,0.0,0.05245901639344264,0,1
2023-01-17,2023,23,24,16050.0,16050.0,0.0,0.0,0.0,0,1
2023-01-17,2023,24,25,16050.0,16050.0,0.0,0.0,0.0,0,1
2023-01-18,2023,22,23,14500.0,16050.0,39221.0,0.0,0.10689655172413803,0,1
2023-01-18,2023,23,24,16050.0,16050.0,0.0,0.0,0.0,0,1
2023-01-18,2023,24,25,16050.0,16050.0,0.0,0.0,0.0,0,1
2023-01-19,2023,22,23,14150.0,16050.0,31420.0,0.0,0.13427561837455837,0,1
2023-01-19,2023,23,24,16050.0,16050.0,0.0,0.0,0.0,0,1
2023-01-19,2023,24,25,16050.0,16050.0,0.0,0.0,0.0,0,1
2023-01-20,2023,22,23,14500.0,16050.0,26100.0,0.0,0.10689655172413803,0,1
2023-01-20,2023,23,24,16050.0,16050.0,0.0,0.0,0.0,0,1
2023-01-20,2023,24,25,16050.0,16050.0,0.0,0.0,0.0,0,1
2023-01-25,2023,22,23,14500.0,16050.0,31310.0,0.0,0.10689655172413803,0,1
2023-01-25,2023,23,24,16050.0,16050.0,0.0,0.0,0.0,0,1
2023-01-25,2023,24,25,16050.0,16050.0,0.0,0.0,0.0,0,1
2023-01-26,2023,22,23,14100.0,16050.0,51700.0,0.0,0.13829787234042556,0,1
2023-01-26,2023,23,24,16050.0,16050.0,0.0,0.0,0.0,0,1
2023-01-26,2023,24,25,16050.0,16050.0,0.0,0.0,0.0,0,1
2023-01-27,2023,22,23,14850.0,16050.0,57600.0,0.0,0.08080808080808088,0,1
2023-01-27,2023,23,24,16050.0,16050.0,0.0,0.0,0.0,0,1
2023-01-27,2023,24,25,16050.0,16050.0,0.0,0.0,0.0,0,1
2023-01-30,2023,22,23,15000.0,16050.0,40300.0,0.0,0.07000000000000006,0,1
2023-01-30,2023,23,24,16050.0,16050.0,0.0,0.0,0.0,0,1
2023-01-30,2023,24,25,16050.0,16050.0,0.0,0.0,0.0,0,1
2023-01-31,2023,22,23,14800.0,16050.0,92170.0,0.0,0.08445945945945943,0,1
2023-01-31,2023,23,24,16050.0,16050.0,0.0,0.0,0.0,0,1
2023-01-31,2023,24,25,16050.0,16050.0,0.0,0.0,0.0,0,1
2023-02-01,2023,22,23,14750.0,16050.0,16300.0,0.0,0.08813559322033893,0,1
2023-02-01,2023,23,24,16050.0,16050.0,0.0,0.0,0.0,0,1
2023-02-01,2023,24,25,16050.0,16050.0,0.0,0.0,0.0,0,1
2023-02-02,2023,22,23,14100.0,16050.0,59051.0,0.0,0.13829787234042556,0,1
2023-02-02,2023,23,24,16050.0,16050.0,0.0,0.0,0.0,0,1
2023-02-02,2023,24,25,16050.0,16050.0,0.0,0.0,0.0,0,1
2023-02-03,2023,22,23,14000.0,16050.0,45900.0,0.0,0.14642857142857135,0,1
2023-02-03,2023,23,24,16050.0,16050.0,0.0,0.0,0.0,0,1
2023-02-03,2023,24,25,16050.0,16050.0,0.0,0.0,0.0,0,1
2023-02-06,2023,22,23,13850.0,16050.0,47200.0,0.0,0.15884476534296033,0,1
2023-02-06,2023,23,24,16050.0,16050.0,0.0,0.0,0.0,0,1
2023-02-06,2023,24,25,16050.0,16050.0,0.0,0.0,0.0,0,1
2023-02-07,2023,22,23,13200.0,16050.0,50400.0,0.0,0.21590909090909083,0,1
2023-02-07,2023,23,24,16050.0,16050.0,0.0,0.0,0.0,0,1
2023-02-07,2023,24,25,16050.0,16050.0,0.0,0.0,0.0,0,1
2023-02-08,2023,22,23,13000.0,16050.0,60794.0,0.0,0.23461538461538467,0,1
2023-02-08,2023,23,24,16050.0,16050.0,0.0,0.0,0.0,0,1
2023-02-08,2023,24,25,16050.0,16050.0,0.0,0.0,0.0,0,1
2023-02-09,2023,22,23,13300.0,16050.0,44000.0,0.0,0.20676691729323315,0,1
2023-02-09,2023,23,24,16050.0,16050.0,0.0,0.0,0.0,0,1
2023-02-09,2023,24,25,16050.0,16050.0,0.0,0.0,0.0,0,1
2023-02-10,2023,22,23,12900.0,16050.0,36255.0,0.0,0.2441860465116279,0,1
2023-02-10,2023,23,24,16050.0,16050.0,0.0,0.0,0.0,0,1
2023-02-10,2023,24,25,16050.0,16050.0,0.0,0.0,0.0,0,1
2023-02-13,2023,22,23,12900.0,16050.0,85601.0,0.0,0.2441860465116279,0,1
2023-02-13,2023,23,24,16050.0,16050.0,0.0,0.0,0.0,0,1
2023-02-13,2023,24,25,16050.0,16050.0,0.0,0.0,0.0,0,1
2023-02-14,2023,22,23,12850.0,16050.0,91533.0,0.0,0.2490272373540856,0,1
2023-02-14,2023,23,24,16050.0,16050.0,0.0,0.0,0.0,0,1
2023-02-14,2023,24,25,16050.0,16050.0,0.0,0.0,0.0,0,1
2023-02-15,2023,22,23,12800.0,16050.0,95400.0,0.0,0.25390625,0,1
2023-02-15,2023,23,24,16050.0,16050.0,0.0,0.0,0.0,0,1
2023-02-15,2023,24,25,16050.0,16050.0,0.0,0.0,0.0,0,1
2023-02-16,2023,22,23,12800.0,16050.0,103654.0,0.0,0.25390625,0,1
2023-02-16,2023,23,24,16050.0,16050.0,0.0,0.0,0.0,0,1
2023-02-16,2023,24,25,16050.0,16050.0,0.0,0.0,0.0,0,1
2023-02-17,2023,22,23,12750.0,16050.0,81100.0,0.0,0.2588235294117647,0,1
2023-02-17,2023,23,24,16050.0,16050.0,0.0,0.0,0.0,0,1
2023-02-17,2023,24,25,16050.0,16050.0,0.0,0.0,0.0,0,1
2023-02-20,2023,22,23,12800.0,16050.0,102201.0,0.0,0.25390625,0,1
2023-02-20,2023,23,24,16050.0,16050.0,0.0,0.0,0.0,0,1
2023-02-20,2023,24,25,16050.0,16050.0,0.0,0.0,0.0,0,1
2023-02-21,2023,22,23,12800.0,16050.0,118634.0,0.0,0.25390625,0,1
2023-02-21,2023,23,24,16050.0,16050.0,0.0,0.0,0.0,0,1
2023-02-21,2023,24,25,16050.0,16050.0,0.0,0.0,0.0,0,1
2023-02-22,2023,22,23,12800.0,16050.0,63099.0,0.0,0.25390625,0,1
2023-02-22,2023,23,24,16050.0,16050.0,0.0,0.0,0.0,0,1
2023-02-22,2023,24,25,16050.0,16050.0,0.0,0.0,0.0,0,1
2023-02-23,2023,22,23,12850.0,16050.0,60550.0,0.0,0.2490272373540856,0,1
2023-02-23,2023,23,24,16050.0,16050.0,0.0,0.0,0.0,0,1
2023-02-23,2023,24,25,16050.0,16050.0,0.0,0.0,0.0,0,1
2023-02-24,2023,22,23,12700.0,16050.0,70900.0,0.0,0.2637795275590551,0,1
2023-02-24,2023,23,24,16050.0,16050.0,0.0,0.0,0.0,0,1
2023-02-24,2023,24,25,16050.0,16050.0,0.0,0.0,0.0,0,1
2023-02-27,2023,22,23,12600.0,16050.0,108250.0,0.0,0.2738095238095237,0,1
2023-02-27,2023,23,24,16050.0,16050.0,0.0,0.0,0.0,0,1
2023-02-27,2023,24,25,16050.0,16050.0,0.0,0.0,0.0,0,1
2023-02-28,2023,22,23,12800.0,16050.0,121300.0,0.0,0.25390625,0,1
2023-02-28,2023,23,24,16050.0,16050.0,0.0,0.0,0.0,0,1
2023-02-28,2023,24,25,16050.0,16050.0,0.0,0.0,0.0,0,1
2023-03-02,2023,22,23,12950.0,12800.0,134010.0,0.0,-0.01158301158301156,0,1
2023-03-02,2023,23,24,12800.0,12800.0,0.0,0.0,0.0,0,1
2023-03-02,2023,24,25,12800.0,12800.0,0.0,0.0,0.0,0,1
2023-03-03,2023,22,23,13000.0,12800.0,56300.0,0.0,-0.01538461538461533,0,1
2023-03-03,2023,23,24,12800.0,12800.0,0.0,0.0,0.0,0,1
2023-03-03,2023,24,25,12800.0,12800.0,0.0,0.0,0.0,0,1
2023-03-06,2023,22,23,12950.0,12800.0,60811.0,0.0,-0.01158301158301156,0,1
2023-03-06,2023,23,24,12800.0,12800.0,0.0,0.0,0.0,0,1
2023-03-06,2023,24,25,12800.0,12800.0,0.0,0.0,0.0,0,1
2023-03-07,2023,22,23,12950.0,12800.0,94038.0,0.0,-0.01158301158301156,0,1
2023-03-07,2023,23,24,12800.0,12800.0,0.0,0.0,0.0,0,1
2023-03-07,2023,24,25,12800.0,12800.0,0.0,0.0,0.0,0,1
2023-03-08,2023,22,23,13100.0,12800.0,87800.0,0.0,-0.022900763358778664,0,1
2023-03-08,2023,23,24,12800.0,12800.0,0.0,0.0,0.0,0,1
2023-03-08,2023,24,25,12800.0,12800.0,0.0,0.0,0.0,0,1
2023-03-09,2023,22,23,13100.0,12800.0,57902.0,0.0,-0.022900763358778664,0,1
2023-03-09,2023,23,24,12800.0,12800.0,0.0,0.0,0.0,0,1
2023-03-09,2023,24,25,12800.0,12800.0,0.0,0.0,0.0,0,1
2023-03-10,2023,22,23,13200.0,12800.0,142156.0,0.0,-0.030303030303030276,0,1
2023-03-10,2023,23,24,12800.0,12800.0,0.0,0.0,0.0,0,1
2023-03-10,2023,24,25,12800.0,12800.0,0.0,0.0,0.0,0,1
2023-03-13,2023,22,23,13050.0,12800.0,55485.0,0.0,-0.019157088122605415,0,1
2023-03-13,2023,23,24,12800.0,12800.0,0.0,0.0,0.0,0,1
2023-03-13,2023,24,25,12800.0,12800.0,0.0,0.0,0.0,0,1
2023-03-14,2023,22,23,13400.0,12800.0,65385.0,0.0,-0.04477611940298509,0,1
2023-03-14,2023,23,24,12800.0,12800.0,0.0,0.0,0.0,0,1
2023-03-14,2023,24,25,12800.0,12800.0,0.0,0.0,0.0,0,1
2023-03-15,2023,22,23,13450.0,12800.0,80729.0,0.0,-0.048327137546468446,0,1
2023-03-15,2023,23,24,12800.0,12800.0,0.0,0.0,0.0,0,1
2023-03-15,2023,24,25,12800.0,12800.0,0.0,0.0,0.0,0,1
2023-03-16,2023,22,23,13800.0,12800.0,114590.0,0.0,-0.07246376811594202,0,1
2023-03-16,2023,23,24,12800.0,12800.0,0.0,0.0,0.0,0,1
2023-03-16,2023,24,25,12800.0,12800.0,0.0,0.0,0.0,0,1
2023-03-17,2023,22,23,14400.0,12800.0,109669.0,0.0,-0.11111111111111116,0,1
2023-03-17,2023,23,24,12800.0,12800.0,0.0,0.0,0.0,0,1
2023-03-17,2023,24,25,12800.0,12800.0,0.0,0.0,0.0,0,1
2023-03-20,2023,22,23,14450.0,12800.0,82975.0,0.0,-0.11418685121107264,0,1
2023-03-20,2023,23,24,12800.0,12800.0,0.0,0.0,0.0,0,1
2023-03-20,2023,24,25,12800.0,12800.0,0.0,0.0,0.0,0,1
2023-03-21,2023,22,23,13700.0,12800.0,24230.0,0.0,-0.06569343065693434,0,1
2023-03-21,2023,23,24,12800.0,12800.0,0.0,0.0,0.0,0,1
2023-03-21,2023,24,25,12800.0,12800.0,0.0,0.0,0.0,0,1
2023-03-22,2023,22,23,12500.0,12800.0,67578.0,0.0,0.02400000000000002,0,1
2023-03-22,2023,23,24,12800.0,12800.0,0.0,0.0,0.0,0,1
2023-03-22,2023,24,25,12800.0,12800.0,0.0,0.0,0.0,0,1
2023-03-23,2023,22,23,12600.0,12800.0,111549.0,0.0,0.015873015873015817,0,1
2023-03-23,2023,23,24,12800.0,12800.0,0.0,0.0,0.0,0,1
2023-03-23,2023,24,25,12800.0,12800.0,0.0,0.0,0.0,0,1
2023-03-24,2023,22,23,13300.0,12800.0,200865.0,0.0,-0.03759398496240607,0,1
2023-03-24,2023,23,24,12800.0,12800.0,0.0,0.0,0.0,0,1
2023-03-24,2023,24,25,12800.0,12800.0,0.0,0.0,0.0,0,1
2023-03-27,2023,22,23,13400.0,12800.0,131009.0,0.0,-0.04477611940298509,0,1
2023-03-27,2023,23,24,12800.0,12800.0,0.0,0.0,0.0,0,1
2023-03-27,2023,24,25,12800.0,12800.0,0.0,0.0,0.0,0,1
2023-03-28,2023,22,23,13650.0,12800.0,120385.0,0.0,-0.06227106227106227,0,1
2023-03-28,2023,23,24,12800.0,12800.0,0.0,0.0,0.0,0,1
2023-03-28,2023,24,25,12800.0,12800.0,0.0,0.0,0.0,0,1
2023-03-29,2023,22,23,13850.0,12800.0,160637.0,0.0,-0.07581227436823101,0,1
2023-03-29,2023,23,24,12800.0,12800.0,0.0,0.0,0.0,0,1
2023-03-29,2023,24,25,12800.0,12800.0,0.0,0.0,0.0,0,1
2023-03-30,2023,22,23,13900.0,12800.0,165438.0,0.0,-0.07913669064748197,0,1
2023-03-30,2023,23,24,12800.0,12800.0,0.0,0.0,0.0,0,1
2023-03-30,2023,24,25,12800.0,12800.0,0.0,0.0,0.0,0,1
2023-03-31,2023,22,23,14650.0,12800.0,259468.0,0.0,-0.12627986348122866,0,1
2023-03-31,2023,23,24,12800.0,12800.0,0.0,0.0,0.0,0,1
2023-03-31,2023,24,25,12800.0,12800.0,0.0,0.0,0.0,0,1
2023-04-03,2023,22,23,13950.0,14650.0,108133.0,0.0,0.05017921146953408,0,1
2023-04-03,2023,23,24,14650.0,14650.0,0.0,0.0,0.0,0,1
2023-04-03,2023,24,25,14650.0,14650.0,0.0,0.0,0.0,0,1
2023-04-04,2023,22,23,13500.0,14650.0,171413.0,0.0,0.08518518518518525,0,1
2023-04-04,2023,23,24,14650.0,14650.0,0.0,0.0,0.0,0,1
2023-04-04,2023,24,25,14650.0,14650.0,0.0,0.0,0.0,0,1
2023-04-05,2023,22,23,13550.0,14650.0,396115.0,0.0,0.08118081180811809,0,1
2023-04-05,2023,23,24,14650.0,14650.0,0.0,0.0,0.0,0,1
2023-04-05,2023,24,25,14650.0,14650.0,0.0,0.0,0.0,0,1
2023-04-06,2023,22,23,13600.0,14650.0,206969.0,0.0,0.07720588235294112,0,1
2023-04-06,2023,23,24,14650.0,14650.0,0.0,0.0,0.0,0,1
2023-04-06,2023,24,25,14650.0,14650.0,0.0,0.0,0.0,0,1
2023-04-07,2023,22,23,13650.0,14650.0,329960.0,0.0,0.07326007326007322,0,1
2023-04-07,2023,23,24,14650.0,14650.0,0.0,0.0,0.0,0,1
2023-04-07,2023,24,25,14650.0,14650.0,0.0,0.0,0.0,0,1
2023-04-10,2023,22,23,13600.0,14650.0,247230.0,0.0,0.07720588235294112,0,1
2023-04-10,2023,23,24,14650.0,14650.0,0.0,0.0,0.0,0,1
2023-04-10,2023,24,25,14650.0,14650.0,0.0,0.0,0.0,0,1
2023-04-11,2023,22,23,13450.0,14650.0,252301.0,0.0,0.08921933085501865,0,1
2023-04-11,2023,23,24,14650.0,14650.0,0.0,0.0,0.0,0,1
2023-04-11,2023,24,25,14650.0,14650.0,0.0,0.0,0.0,0,1
2023-04-12,2023,22,23,13300.0,14650.0,235901.0,0.0,0.10150375939849621,0,1
2023-04-12,2023,23,24,14650.0,14650.0,0.0,0.0,0.0,0,1
2023-04-12,2023,24,25,14650.0,14650.0,0.0,0.0,0.0,0,1
2023-04-13,2023,22,23,12800.0,14650.0,281817.0,0.0,0.14453125,0,1
2023-04-13,2023,23,24,14650.0,14650.0,0.0,0.0,0.0,0,1
2023-04-13,2023,24,25,14650.0,14650.0,0.0,0.0,0.0,0,1
2023-04-14,2023,22,23,12900.0,14650.0,220659.0,0.0,0.1356589147286822,0,1
2023-04-14,2023,23,24,14650.0,14650.0,0.0,0.0,0.0,0,1
2023-04-14,2023,24,25,14650.0,14650.0,0.0,0.0,0.0,0,1
2023-04-17,2023,22,23,13000.0,14650.0,133320.0,0.0,0.12692307692307692,0,1
2023-04-17,2023,23,24,14650.0,14650.0,0.0,0.0,0.0,0,1
2023-04-17,2023,24,25,14650.0,14650.0,0.0,0.0,0.0,0,1
2023-04-18,2023,22,23,12900.0,14650.0,194211.0,0.0,0.1356589147286822,0,1
2023-04-18,2023,23,24,14650.0,14650.0,0.0,0.0,0.0,0,1
2023-04-18,2023,24,25,14650.0,14650.0,0.0,0.0,0.0,0,1
2023-04-19,2023,22,23,13000.0,14650.0,81881.0,0.0,0.12692307692307692,0,1
2023-04-19,2023,23,24,14650.0,14650.0,0.0,0.0,0.0,0,1
2023-04-19,2023,24,25,14650.0,14650.0,0.0,0.0,0.0,0,1
2023-04-20,2023,22,23,12900.0,14650.0,89987.0,0.0,0.1356589147286822,0,1
2023-04-20,2023,23,24,14650.0,14650.0,0.0,0.0,0.0,0,1
2023-04-20,2023,24,25,14650.0,14650.0,0.0,0.0,0.0,0,1
2023-04-21,2023,22,23,13000.0,14650.0,61600.0,0.0,0.12692307692307692,0,1
2023-04-21,2023,23,24,14650.0,14650.0,0.0,0.0,0.0,0,1
2023-04-21,2023,24,25,14650.0,14650.0,0.0,0.0,0.0,0,1
2023-04-24,2023,22,23,12950.0,14650.0,87039.0,0.0,0.13127413127413123,0,1
2023-04-24,2023,23,24,14650.0,14650.0,0.0,0.0,0.0,0,1
2023-04-24,2023,24,25,14650.0,14650.0,0.0,0.0,0.0,0,1
2023-04-25,2023,22,23,12700.0,14650.0,217613.0,0.0,0.15354330708661412,0,1
2023-04-25,2023,23,24,14650.0,14650.0,0.0,0.0,0.0,0,1
2023-04-25,2023,24,25,14650.0,14650.0,0.0,0.0,0.0,0,1
2023-04-26,2023,22,23,12450.0,14650.0,185225.0,0.0,0.17670682730923692,0,1
2023-04-26,2023,23,24,14650.0,14650.0,0.0,0.0,0.0,0,1
2023-04-26,2023,24,25,14650.0,14650.0,0.0,0.0,0.0,0,1
2023-04-27,2023,22,23,11250.0,14650.0,181142.0,0.0,0.30222222222222217,0,1
2023-04-27,2023,23,24,14650.0,14650.0,0.0,0.0,0.0,0,1
2023-04-27,2023,24,25,14650.0,14650.0,0.0,0.0,0.0,0,1
2023-04-28,2023,22,23,11250.0,14650.0,119075.0,0.0,0.30222222222222217,0,1
2023-04-28,2023,23,24,14650.0,14650.0,0.0,0.0,0.0,0,1
2023-04-28,2023,24,25,14650.0,14650.0,0.0,0.0,0.0,0,1
2023-05-02,2023,22,23,11600.0,11250.0,24484.0,0.0,-0.030172413793103425,0,1
2023-05-02,2023,23,24,11250.0,11250.0,0.0,0.0,0.0,0,1
2023-05-02,2023,24,25,11250.0,11250.0,0.0,0.0,0.0,0,1
2023-05-03,2023,22,23,11650.0,11250.0,46675.0,0.0,-0.03433476394849788,0,1
2023-05-03,2023,23,24,11250.0,11250.0,0.0,0.0,0.0,0,1
2023-05-03,2023,24,25,11250.0,11250.0,0.0,0.0,0.0,0,1
2023-05-04,2023,22,23,11700.0,11250.0,71962.0,0.0,-0.038461538461538436,0,1
2023-05-04,2023,23,24,11250.0,11250.0,0.0,0.0,0.0,0,1
2023-05-04,2023,24,25,11250.0,11250.0,0.0,0.0,0.0,0,1
2023-05-08,2023,22,23,12400.0,11250.0,160408.0,0.0,-0.092741935483871,0,1
2023-05-08,2023,23,24,11250.0,11250.0,0.0,0.0,0.0,0,1
2023-05-08,2023,24,25,11250.0,11250.0,0.0,0.0,0.0,0,1
2023-05-09,2023,22,23,12450.0,11250.0,153471.0,0.0,-0.09638554216867468,0,1
2023-05-09,2023,23,24,11250.0,11250.0,0.0,0.0,0.0,0,1
2023-05-09,2023,24,25,11250.0,11250.0,0.0,0.0,0.0,0,1
2023-05-10,2023,22,23,12600.0,11250.0,233667.0,0.0,-0.1071428571428571,0,1
2023-05-10,2023,23,24,11250.0,11250.0,0.0,0.0,0.0,0,1
2023-05-10,2023,24,25,11250.0,11250.0,0.0,0.0,0.0,0,1
2023-05-11,2023,22,23,12400.0,11250.0,101951.0,0.0,-0.092741935483871,0,1
2023-05-11,2023,23,24,11250.0,11250.0,0.0,0.0,0.0,0,1
2023-05-11,2023,24,25,11250.0,11250.0,0.0,0.0,0.0,0,1
2023-05-12,2023,22,23,13000.0,11250.0,252052.0,0.0,-0.13461538461538458,0,1
2023-05-12,2023,23,24,11250.0,11250.0,0.0,0.0,0.0,0,1
2023-05-12,2023,24,25,11250.0,11250.0,0.0,0.0,0.0,0,1
2023-05-15,2023,22,23,12800.0,11250.0,182402.0,0.0,-0.12109375,0,1
2023-05-15,2023,23,24,11250.0,11250.0,0.0,0.0,0.0,0,1
2023-05-15,2023,24,25,11250.0,11250.0,0.0,0.0,0.0,0,1
2023-05-16,2023,22,23,12700.0,11250.0,95369.0,0.0,-0.11417322834645671,0,1
2023-05-16,2023,23,24,11250.0,11250.0,0.0,0.0,0.0,0,1
2023-05-16,2023,24,25,11250.0,11250.0,0.0,0.0,0.0,0,1
2023-05-17,2023,22,23,12400.0,11250.0,223796.0,0.0,-0.092741935483871,0,1
2023-05-17,2023,23,24,11250.0,11250.0,0.0,0.0,0.0,0,1
2023-05-17,2023,24,25,11250.0,11250.0,0.0,0.0,0.0,0,1
2023-05-18,2023,22,23,12400.0,11250.0,190943.0,0.0,-0.092741935483871,0,1
2023-05-18,2023,23,24,11250.0,11250.0,0.0,0.0,0.0,0,1
2023-05-18,2023,24,25,11250.0,11250.0,0.0,0.0,0.0,0,1
2023-05-19,2023,22,23,12300.0,11250.0,179340.0,0.0,-0.08536585365853655,0,1
2023-05-19,2023,23,24,11250.0,11250.0,0.0,0.0,0.0,0,1
2023-05-19,2023,24,25,11250.0,11250.0,0.0,0.0,0.0,0,1
2023-05-22,2023,22,23,12000.0,11250.0,224054.0,0.0,-0.0625,0,1
2023-05-22,2023,23,24,11250.0,11250.0,0.0,0.0,0.0,0,1
2023-05-22,2023,24,25,11250.0,11250.0,0.0,0.0,0.0,0,1
2023-05-23,2023,22,23,11750.0,11250.0,252900.0,0.0,-0.04255319148936165,0,1
2023-05-23,2023,23,24,11250.0,11250.0,0.0,0.0,0.0,0,1
2023-05-23,2023,24,25,11250.0,11250.0,0.0,0.0,0.0,0,1
2023-05-24,2023,22,23,11500.0,11250.0,252711.0,0.0,-0.021739130434782594,0,1
2023-05-24,2023,23,24,11250.0,11250.0,0.0,0.0,0.0,0,1
2023-05-24,2023,24,25,11250.0,11250.0,0.0,0.0,0.0,0,1
2023-05-25,2023,22,23,11200.0,11250.0,327184.0,0.0,0.0044642857142858094,0,1
2023-05-25,2023,23,24,11250.0,11250.0,0.0,0.0,0.0,0,1
2023-05-25,2023,24,25,11250.0,11250.0,0.0,0.0,0.0,0,1
2023-05-26,2023,22,23,11350.0,11250.0,520982.0,0.0,-0.008810572687224627,0,1
2023-05-26,2023,23,24,11250.0,11250.0,0.0,0.0,0.0,0,1
2023-05-26,2023,24,25,11250.0,11250.0,0.0,0.0,0.0,0,1
2023-05-30,2023,22,23,11500.0,11250.0,598997.0,0.0,-0.021739130434782594,0,1
2023-05-30,2023,23,24,11250.0,11250.0,0.0,0.0,0.0,0,1
2023-05-30,2023,24,25,11250.0,11250.0,0.0,0.0,0.0,0,1
2023-05-31,2023,22,23,11900.0,11250.0,555396.0,0.0,-0.054621848739495826,0,1
2023-05-31,2023,23,24,11250.0,11250.0,0.0,0.0,0.0,0,1
2023-05-31,2023,24,25,11250.0,11250.0,0.0,0.0,0.0,0,1
2023-06-01,2023,22,23,11900.0,11250.0,476548.0,0.0,-0.054621848739495826,0,1
2023-06-01,2023,23,24,11250.0,11250.0,0.0,0.0,0.0,0,1
2023-06-01,2023,24,25,11250.0,11250.0,0.0,0.0,0.0,0,1
2023-06-02,2023,22,23,12000.0,11250.0,197455.0,0.0,-0.0625,0,1
2023-06-02,2023,23,24,11250.0,11250.0,0.0,0.0,0.0,0,1
2023-06-02,2023,24,25,11250.0,11250.0,0.0,0.0,0.0,0,1
2023-06-05,2023,22,23,12000.0,11250.0,286011.0,0.0,-0.0625,0,1
2023-06-05,2023,23,24,11250.0,11250.0,0.0,0.0,0.0,0,1
2023-06-05,2023,24,25,11250.0,11250.0,0.0,0.0,0.0,0,1
2023-06-07,2023,22,23,11950.0,11250.0,466547.0,0.0,-0.05857740585774063,0,1
2023-06-07,2023,23,24,11250.0,11250.0,0.0,0.0,0.0,0,1
2023-06-07,2023,24,25,11250.0,11250.0,0.0,0.0,0.0,0,1
2023-06-08,2023,22,23,11900.0,11250.0,951904.0,0.0,-0.054621848739495826,0,1
2023-06-08,2023,23,24,11250.0,11250.0,0.0,0.0,0.0,0,1
2023-06-08,2023,24,25,11250.0,11250.0,0.0,0.0,0.0,0,1
2023-06-09,2023,22,23,11850.0,11250.0,1296117.0,0.0,-0.05063291139240511,0,1
2023-06-09,2023,23,24,11250.0,11250.0,0.0,0.0,0.0,0,1
2023-06-09,2023,24,25,11250.0,11250.0,0.0,0.0,0.0,0,1
2023-06-12,2023,22,23,11750.0,11250.0,1175414.0,0.0,-0.04255319148936165,0,1
2023-06-12,2023,23,24,11250.0,11250.0,0.0,0.0,0.0,0,1
2023-06-12,2023,24,25,11250.0,11250.0,0.0,0.0,0.0,0,1
2023-06-13,2023,22,23,11800.0,11250.0,1204177.0,0.0,-0.04661016949152541,0,1
2023-06-13,2023,23,24,11250.0,11250.0,0.0,0.0,0.0,0,1
2023-06-13,2023,24,25,11250.0,11250.0,0.0,0.0,0.0,0,1
2023-06-14,2023,22,23,11800.0,11250.0,1699101.0,0.0,-0.04661016949152541,0,1
2023-06-14,2023,23,24,11250.0,11250.0,0.0,0.0,0.0,0,1
2023-06-14,2023,24,25,11250.0,11250.0,0.0,0.0,0.0,0,1
2023-06-15,2023,22,23,11700.0,11250.0,553346.0,0.0,-0.038461538461538436,0,1
2023-06-15,2023,23,24,11250.0,11250.0,0.0,0.0,0.0,0,1
2023-06-15,2023,24,25,11250.0,11250.0,0.0,0.0,0.0,0,1
2023-06-16,2023,22,23,11700.0,11250.0,667786.0,0.0,-0.038461538461538436,0,1
2023-06-16,2023,23,24,11250.0,11250.0,0.0,0.0,0.0,0,1
2023-06-16,2023,24,25,11250.0,11250.0,0.0,0.0,0.0,0,1
2023-06-19,2023,22,23,11550.0,11200.0,799665.0,0.0,-0.030303030303030276,0,1
2023-06-19,2023,23,24,11200.0,11250.0,0.0,0.0,0.0044642857142858094,0,1
2023-06-19,2023,24,25,11250.0,11250.0,0.0,0.0,0.0,0,1
2023-06-20,2023,22,23,11250.0,11000.0,486258.0,4000.0,-0.022222222222222254,1,1
2023-06-20,2023,23,24,11000.0,11250.0,4000.0,0.0,0.022727272727272707,0,1
2023-06-20,2023,24,25,11250.0,11250.0,0.0,0.0,0.0,0,1
2023-06-21,2023,22,23,11000.0,11200.0,345194.0,5000.0,0.018181818181818077,1,1
2023-06-21,2023,23,24,11200.0,11250.0,5000.0,0.0,0.0044642857142858094,0,1
2023-06-21,2023,24,25,11250.0,11250.0,0.0,0.0,0.0,0,1
2023-06-22,2023,22,23,10700.0,11200.0,434735.0,0.0,0.04672897196261672,0,1
2023-06-22,2023,23,24,11200.0,11250.0,0.0,0.0,0.0044642857142858094,0,1
2023-06-22,2023,24,25,11250.0,11250.0,0.0,0.0,0.0,0,1
2023-06-23,2023,22,23,10600.0,11200.0,395647.0,0.0,0.05660377358490565,0,1
2023-06-23,2023,23,24,11200.0,11250.0,0.0,0.0,0.0044642857142858094,0,1
2023-06-23,2023,24,25,11250.0,11250.0,0.0,0.0,0.0,0,1
2023-06-26,2023,22,23,10600.0,11200.0,258661.0,0.0,0.05660377358490565,0,1
2023-06-26,2023,23,24,11200.0,11250.0,0.0,0.0,0.0044642857142858094,0,1
2023-06-26,2023,24,25,11250.0,11250.0,0.0,0.0,0.0,0,1
2023-06-27,2023,22,23,10200.0,11000.0,834660.0,0.0,0.07843137254901955,0,1
2023-06-27,2023,23,24,11000.0,11250.0,0.0,0.0,0.022727272727272707,0,1
2023-06-27,2023,24,25,11250.0,11250.0,0.0,0.0,0.0,0,1
2023-06-28,2023,22,23,10950.0,11200.0,553674.0,0.0,0.022831050228310446,0,1
2023-06-28,2023,23,24,11200.0,11250.0,0.0,0.0,0.0044642857142858094,0,1
2023-06-28,2023,24,25,11250.0,11250.0,0.0,0.0,0.0,0,1
2023-06-29,2023,22,23,10750.0,11000.0,306406.0,314.0,0.023255813953488413,1,1
2023-06-29,2023,23,24,11000.0,11250.0,314.0,0.0,0.022727272727272707,0,1
2023-06-29,2023,24,25,11250.0,11250.0,0.0,0.0,0.0,0,1
2023-06-30,2023,22,23,10300.0,10000.0,355407.0,30000.0,-0.029126213592232997,1,1
2023-06-30,2023,23,24,10000.0,11250.0,30000.0,0.0,0.125,0,1
2023-06-30,2023,24,25,11250.0,11250.0,0.0,0.0,0.0,0,1
2023-07-03,2023,22,23,10250.0,10000.0,207510.0,0.0,-0.024390243902439046,0,1
2023-07-03,2023,23,24,10000.0,11250.0,0.0,0.0,0.125,0,1
2023-07-03,2023,24,25,11250.0,11250.0,0.0,0.0,0.0,0,1
2023-07-04,2023,22,23,10400.0,10000.0,579524.0,0.0,-0.038461538461538436,0,1
2023-07-04,2023,23,24,10000.0,11250.0,0.0,0.0,0.125,0,1
2023-07-04,2023,24,25,11250.0,11250.0,0.0,0.0,0.0,0,1
2023-07-05,2023,22,23,10450.0,10000.0,605127.0,0.0,-0.0430622009569378,0,1
2023-07-05,2023,23,24,10000.0,11250.0,0.0,0.0,0.125,0,1
2023-07-05,2023,24,25,11250.0,11250.0,0.0,0.0,0.0,0,1
2023-07-06,2023,22,23,10300.0,10000.0,322454.0,0.0,-0.029126213592232997,0,1
2023-07-06,2023,23,24,10000.0,11250.0,0.0,0.0,0.125,0,1
2023-07-06,2023,24,25,11250.0,11250.0,0.0,0.0,0.0,0,1
2023-07-07,2023,22,23,10400.0,10000.0,1657384.0,0.0,-0.038461538461538436,0,1
2023-07-07,2023,23,24,10000.0,11250.0,0.0,0.0,0.125,0,1
2023-07-07,2023,24,25,11250.0,11250.0,0.0,0.0,0.0,0,1
2023-07-10,2023,22,23,10350.0,10500.0,320346.0,4000.0,0.01449275362318847,1,1
2023-07-10,2023,23,24,10500.0,11250.0,4000.0,0.0,0.0714285714285714,0,1
2023-07-10,2023,24,25,11250.0,11250.0,0.0,0.0,0.0,0,1
2023-07-11,2023,22,23,10150.0,10500.0,481347.0,0.0,0.034482758620689724,0,1
2023-07-11,2023,23,24,10500.0,11250.0,0.0,0.0,0.0714285714285714,0,1
2023-07-11,2023,24,25,11250.0,11250.0,0.0,0.0,0.0,0,1
2023-07-12,2023,22,23,10000.0,10500.0,1005054.0,0.0,0.050000000000000044,0,1
2023-07-12,2023,23,24,10500.0,11250.0,0.0,0.0,0.0714285714285714,0,1
2023-07-12,2023,24,25,11250.0,11250.0,0.0,0.0,0.0,0,1
2023-07-13,2023,22,23,10000.0,10550.0,152657.0,0.0,0.05499999999999994,0,1
2023-07-13,2023,23,24,10550.0,11250.0,0.0,0.0,0.06635071090047395,0,1
2023-07-13,2023,24,25,11250.0,11250.0,0.0,0.0,0.0,0,1
2023-07-14,2023,22,23,9980.0,10550.0,599185.0,0.0,0.05711422845691372,0,1
2023-07-14,2023,23,24,10550.0,11250.0,0.0,0.0,0.06635071090047395,0,1
2023-07-14,2023,24,25,11250.0,11250.0,0.0,0.0,0.0,0,1
2023-07-17,2023,22,23,9910.0,10600.0,918924.0,0.0,0.06962663975782046,0,1
2023-07-17,2023,23,24,10600.0,11250.0,0.0,0.0,0.061320754716981174,0,1
2023-07-17,2023,24,25,11250.0,11250.0,0.0,0.0,0.0,0,1
2023-07-18,2023,22,23,9570.0,10600.0,430895.0,0.0,0.1076280041797284,0,1
2023-07-18,2023,23,24,10600.0,11250.0,0.0,0.0,0.061320754716981174,0,1
2023-07-18,2023,24,25,11250.0,11250.0,0.0,0.0,0.0,0,1
2023-07-19,2023,22,23,9570.0,10600.0,586827.0,0.0,0.1076280041797284,0,1
2023-07-19,2023,23,24,10600.0,11250.0,0.0,0.0,0.061320754716981174,0,1
2023-07-19,2023,24,25,11250.0,11250.0,0.0,0.0,0.0,0,1
2023-07-20,2023,22,23,8660.0,10600.0,277146.0,0.0,0.22401847575057743,0,1
2023-07-20,2023,23,24,10600.0,11250.0,0.0,0.0,0.061320754716981174,0,1
2023-07-20,2023,24,25,11250.0,11250.0,0.0,0.0,0.0,0,1
2023-07-21,2023,22,23,7800.0,10600.0,229196.0,0.0,0.35897435897435903,0,1
2023-07-21,2023,23,24,10600.0,11250.0,0.0,0.0,0.061320754716981174,0,1
2023-07-21,2023,24,25,11250.0,11250.0,0.0,0.0,0.0,0,1
2023-07-24,2023,22,23,7020.0,10600.0,279984.0,0.0,0.5099715099715099,0,0
2023-07-24,2023,23,24,10600.0,11250.0,0.0,0.0,0.061320754716981174,0,1
2023-07-24,2023,24,25,11250.0,11250.0,0.0,0.0,0.0,0,1
2023-07-25,2023,22,23,7500.0,10600.0,531192.0,0.0,0.41333333333333333,0,0
2023-07-25,2023,23,24,10600.0,11250.0,0.0,0.0,0.061320754716981174,0,1
2023-07-25,2023,24,25,11250.0,11250.0,0.0,0.0,0.0,0,1
2023-07-26,2023,22,23,8000.0,10600.0,64502.0,0.0,0.32499999999999996,0,1
2023-07-26,2023,23,24,10600.0,11250.0,0.0,0.0,0.061320754716981174,0,1
2023-07-26,2023,24,25,11250.0,11250.0,0.0,0.0,0.0,0,1
2023-07-27,2023,22,23,8800.0,10600.0,134745.0,0.0,0.20454545454545459,0,1
2023-07-27,2023,23,24,10600.0,11250.0,0.0,0.0,0.061320754716981174,0,1
2023-07-27,2023,24,25,11250.0,11250.0,0.0,0.0,0.0,0,1
2023-07-28,2023,22,23,9680.0,10800.0,192478.0,0.0,0.11570247933884303,0,1
2023-07-28,2023,23,24,10800.0,11250.0,0.0,0.0,0.04166666666666674,0,1
2023-07-28,2023,24,25,11250.0,11250.0,0.0,0.0,0.0,0,1
2023-07-31,2023,22,23,9500.0,10800.0,39670.0,0.0,0.13684210526315788,0,1
2023-07-31,2023,23,24,10800.0,11250.0,0.0,0.0,0.04166666666666674,0,1
2023-07-31,2023,24,25,11250.0,11250.0,0.0,0.0,0.0,0,1
2023-08-01,2023,22,23,8550.0,10800.0,41200.0,0.0,0.26315789473684204,0,1
2023-08-01,2023,23,24,10800.0,9500.0,0.0,0.0,-0.12037037037037035,0,1
2023-08-01,2023,24,25,9500.0,9500.0,0.0,0.0,0.0,0,1
2023-08-02,2023,22,23,8270.0,10600.0,255705.0,23800.0,0.28174123337363977,1,1
2023-08-02,2023,23,24,10600.0,9500.0,23800.0,0.0,-0.10377358490566035,0,1
2023-08-02,2023,24,25,9500.0,9500.0,0.0,0.0,0.0,0,1
2023-08-03,2023,22,23,7880.0,10600.0,257687.0,0.0,0.3451776649746192,0,1
2023-08-03,2023,23,24,10600.0,9500.0,0.0,0.0,-0.10377358490566035,0,1
2023-08-03,2023,24,25,9500.0,9500.0,0.0,0.0,0.0,0,1
2023-08-04,2023,22,23,7830.0,10600.0,315165.0,10000.0,0.3537675606641124,1,1
2023-08-04,2023,23,24,10600.0,9500.0,10000.0,0.0,-0.10377358490566035,0,1
2023-08-04,2023,24,25,9500.0,9500.0,0.0,0.0,0.0,0,1
2023-08-07,2023,22,23,7700.0,9740.0,277524.0,6000.0,0.264935064935065,1,1
2023-08-07,2023,23,24,9740.0,9500.0,6000.0,0.0,-0.024640657084188944,0,1
2023-08-07,2023,24,25,9500.0,9500.0,0.0,0.0,0.0,0,1
2023-08-08,2023,22,23,7400.0,9000.0,199809.0,9725.0,0.21621621621621623,1,1
2023-08-08,2023,23,24,9000.0,9500.0,9725.0,0.0,0.05555555555555558,0,1
2023-08-08,2023,24,25,9500.0,9500.0,0.0,0.0,0.0,0,1
2023-08-09,2023,22,23,7400.0,8100.0,326808.0,800.0,0.09459459459459452,1,1
2023-08-09,2023,23,24,8100.0,9500.0,800.0,0.0,0.1728395061728396,0,1
2023-08-09,2023,24,25,9500.0,9500.0,0.0,0.0,0.0,0,1
2023-08-10,2023,22,23,7590.0,7700.0,462822.0,28822.0,0.01449275362318847,1,1
2023-08-10,2023,23,24,7700.0,9500.0,28822.0,0.0,0.23376623376623384,0,1
2023-08-10,2023,24,25,9500.0,9500.0,0.0,0.0,0.0,0,1
2023-08-11,2023,22,23,7770.0,7750.0,300580.0,0.0,-0.002574002574002532,0,1
2023-08-11,2023,23,24,7750.0,9500.0,0.0,0.0,0.22580645161290325,0,1
2023-08-11,2023,24,25,9500.0,9500.0,0.0,0.0,0.0,0,1
2023-08-14,2023,22,23,8090.0,8000.0,458760.0,0.0,-0.011124845488257096,0,1
2023-08-14,2023,23,24,8000.0,9500.0,0.0,0.0,0.1875,0,1
2023-08-14,2023,24,25,9500.0,9500.0,0.0,0.0,0.0,0,1
2023-08-16,2023,22,23,7840.0,8000.0,287839.0,14100.0,0.020408163265306145,1,1
2023-08-16,2023,23,24,8000.0,9500.0,14100.0,0.0,0.1875,0,1
2023-08-16,2023,24,25,9500.0,9500.0,0.0,0.0,0.0,0,1
2023-08-17,2023,22,23,7600.0,7700.0,541449.0,7000.0,0.013157894736842035,1,1
2023-08-17,2023,23,24,7700.0,9500.0,7000.0,0.0,0.23376623376623384,0,1
2023-08-17,2023,24,25,9500.0,9500.0,0.0,0.0,0.0,0,1
2023-08-18,2023,22,23,7420.0,7700.0,705729.0,6340.0,0.037735849056603765,1,1
2023-08-18,2023,23,24,7700.0,9500.0,6340.0,0.0,0.23376623376623384,0,1
2023-08-18,2023,24,25,9500.0,9500.0,0.0,0.0,0.0,0,1
2023-08-21,2023,22,23,7300.0,7500.0,206501.0,4000.0,0.027397260273972712,1,1
2023-08-21,2023,23,24,7500.0,9500.0,4000.0,0.0,0.2666666666666666,0,1
2023-08-21,2023,24,25,9500.0,9500.0,0.0,0.0,0.0,0,1
2023-08-22,2023,22,23,7210.0,7500.0,572716.0,43600.0,0.04022191400832176,1,1
2023-08-22,2023,23,24,7500.0,9500.0,43600.0,0.0,0.2666666666666666,0,1
2023-08-22,2023,24,25,9500.0,9500.0,0.0,0.0,0.0,0,1
2023-08-23,2023,22,23,7150.0,7390.0,314687.0,16400.0,0.03356643356643363,1,1
2023-08-23,2023,23,24,7390.0,9500.0,16400.0,0.0,0.28552097428958056,0,1
2023-08-23,2023,24,25,9500.0,9500.0,0.0,0.0,0.0,0,1
2023-08-24,2023,22,23,7150.0,7350.0,246844.0,27400.0,0.027972027972027913,1,1
2023-08-24,2023,23,24,7350.0,9500.0,27400.0,0.0,0.2925170068027212,0,1
2023-08-24,2023,24,25,9500.0,9500.0,0.0,0.0,0.0,0,1
2023-08-25,2023,22,23,7150.0,7250.0,391819.0,49280.0,0.013986013986013957,1,1
2023-08-25,2023,23,24,7250.0,9500.0,49280.0,0.0,0.31034482758620685,0,1
2023-08-25,2023,24,25,9500.0,9500.0,0.0,0.0,0.0,0,1
2023-08-28,2023,22,23,7070.0,7200.0,192829.0,14810.0,0.018387553041018467,1,1
2023-08-28,2023,23,24,7200.0,9500.0,14810.0,0.0,0.3194444444444444,0,1
2023-08-28,2023,24,25,9500.0,9500.0,0.0,0.0,0.0,0,1
2023-08-29,2023,22,23,7170.0,7230.0,928598.0,89531.0,0.008368200836819994,1,1
2023-08-29,2023,23,24,7230.0,9500.0,89531.0,0.0,0.313969571230982,0,1
2023-08-29,2023,24,25,9500.0,9500.0,0.0,0.0,0.0,0,1
2023-08-30,2023,22,23,7530.0,7640.0,168412.0,22522.0,0.014608233731739695,1,1
2023-08-30,2023,23,24,7640.0,9500.0,22522.0,0.0,0.24345549738219896,0,1
2023-08-30,2023,24,25,9500.0,9500.0,0.0,0.0,0.0,0,1
2023-08-31,2023,22,23,7750.0,7750.0,37208.0,3581.0,0.0,1,1
2023-08-31,2023,23,24,7750.0,9500.0,3581.0,0.0,0.22580645161290325,0,1
2023-08-31,2023,24,25,9500.0,9500.0,0.0,0.0,0.0,0,1
2023-09-01,2023,22,23,7750.0,7750.0,0.0,336300.0,0.0,0,1
2023-09-01,2023,23,24,7750.0,7750.0,336300.0,0.0,0.0,0,1
2023-09-01,2023,24,25,7750.0,7750.0,0.0,0.0,0.0,0,1
2023-09-04,2023,23,24,7700.0,7750.0,337501.0,0.0,0.006493506493506551,0,1
2023-09-04,2023,24,25,7750.0,7750.0,0.0,0.0,0.0,0,1
2023-09-05,2023,23,24,7640.0,7750.0,57500.0,0.0,0.014397905759162333,0,1
2023-09-05,2023,24,25,7750.0,7750.0,0.0,0.0,0.0,0,1
2023-09-06,2023,23,24,7770.0,7750.0,10500.0,0.0,-0.002574002574002532,0,1
2023-09-06,2023,24,25,7750.0,7750.0,0.0,0.0,0.0,0,1
2023-09-07,2023,23,24,7990.0,7750.0,23333.0,0.0,-0.030037546933667114,0,1
2023-09-07,2023,24,25,7750.0,7750.0,0.0,0.0,0.0,0,1
2023-09-08,2023,23,24,8000.0,7750.0,11000.0,0.0,-0.03125,0,1
2023-09-08,2023,24,25,7750.0,7750.0,0.0,0.0,0.0,0,1
2023-09-11,2023,23,24,8150.0,7750.0,12001.0,0.0,-0.049079754601227044,0,1
2023-09-11,2023,24,25,7750.0,7750.0,0.0,0.0,0.0,0,1
2023-09-12,2023,23,24,8300.0,7750.0,12901.0,0.0,-0.0662650602409639,0,1
2023-09-12,2023,24,25,7750.0,7750.0,0.0,0.0,0.0,0,1
2023-09-13,2023,23,24,9100.0,7750.0,29449.0,0.0,-0.14835164835164838,0,1
2023-09-13,2023,24,25,7750.0,7750.0,0.0,0.0,0.0,0,1
2023-09-14,2023,23,24,10000.0,7750.0,7016.0,0.0,-0.22499999999999998,0,1
2023-09-14,2023,24,25,7750.0,7750.0,0.0,0.0,0.0,0,1
2023-09-15,2023,23,24,11000.0,7750.0,4108.0,0.0,-0.2954545454545454,0,1
2023-09-15,2023,24,25,7750.0,7750.0,0.0,0.0,0.0,0,1
2023-09-18,2023,23,24,12100.0,7750.0,6000.0,0.0,-0.359504132231405,0,1
2023-09-18,2023,24,25,7750.0,7750.0,0.0,0.0,0.0,0,1
2023-09-19,2023,23,24,13300.0,8520.0,4766.0,0.0,-0.3593984962406015,0,1
2023-09-19,2023,24,25,8520.0,7750.0,0.0,0.0,-0.09037558685446012,0,1
2023-09-20,2023,23,24,14600.0,8520.0,105128.0,0.0,-0.4164383561643835,0,0
2023-09-20,2023,24,25,8520.0,7750.0,0.0,0.0,-0.09037558685446012,0,1
2023-09-21,2023,23,24,13900.0,8520.0,29043.0,0.0,-0.38705035971223023,0,1
2023-09-21,2023,24,25,8520.0,7750.0,0.0,0.0,-0.09037558685446012,0,1
2023-09-22,2023,23,24,12900.0,8520.0,12331.0,0.0,-0.3395348837209302,0,1
2023-09-22,2023,24,25,8520.0,7750.0,0.0,0.0,-0.09037558685446012,0,1
2023-09-25,2023,23,24,12800.0,8520.0,44507.0,0.0,-0.334375,0,1
2023-09-25,2023,24,25,8520.0,7750.0,0.0,0.0,-0.09037558685446012,0,1
2023-09-26,2023,23,24,12850.0,8520.0,27501.0,0.0,-0.3369649805447471,0,1
2023-09-26,2023,24,25,8520.0,7750.0,0.0,0.0,-0.09037558685446012,0,1
2023-09-27,2023,23,24,12900.0,8520.0,87500.0,0.0,-0.3395348837209302,0,1
2023-09-27,2023,24,25,8520.0,7750.0,0.0,0.0,-0.09037558685446012,0,1
2023-10-04,2023,23,24,14000.0,12900.0,319.0,0.0,-0.07857142857142863,0,1
2023-10-04,2023,24,25,12900.0,12900.0,0.0,0.0,0.0,0,1
2023-10-05,2023,23,24,12600.0,12900.0,23500.0,0.0,0.023809523809523725,0,1
2023-10-05,2023,24,25,12900.0,12900.0,0.0,0.0,0.0,0,1
2023-10-06,2023,23,24,11700.0,12900.0,5520.0,0.0,0.10256410256410264,0,1
2023-10-06,2023,24,25,12900.0,12900.0,0.0,0.0,0.0,0,1
2023-10-10,2023,23,24,11600.0,12900.0,5210.0,0.0,0.11206896551724133,0,1
2023-10-10,2023,24,25,12900.0,12900.0,0.0,0.0,0.0,0,1
2023-10-11,2023,23,24,10850.0,12900.0,15324.0,0.0,0.18894009216589858,0,1
2023-10-11,2023,24,25,12900.0,12900.0,0.0,0.0,0.0,0,1
2023-10-12,2023,23,24,11000.0,12900.0,19100.0,0.0,0.17272727272727262,0,1
2023-10-12,2023,24,25,12900.0,12900.0,0.0,0.0,0.0,0,1
2023-10-13,2023,23,24,11950.0,12900.0,5101.0,0.0,0.07949790794979084,0,1
2023-10-13,2023,24,25,12900.0,12900.0,0.0,0.0,0.0,0,1
2023-10-16,2023,23,24,11800.0,12900.0,4780.0,0.0,0.09322033898305082,0,1
2023-10-16,2023,24,25,12900.0,12900.0,0.0,0.0,0.0,0,1
2023-10-17,2023,23,24,11700.0,12900.0,4030.0,0.0,0.10256410256410264,0,1
2023-10-17,2023,24,25,12900.0,12900.0,0.0,0.0,0.0,0,1
2023-10-18,2023,23,24,12000.0,12900.0,24021.0,0.0,0.07499999999999996,0,1
2023-10-18,2023,24,25,12900.0,12900.0,0.0,0.0,0.0,0,1
2023-10-19,2023,23,24,12000.0,12900.0,26823.0,0.0,0.07499999999999996,0,1
2023-10-19,2023,24,25,12900.0,12900.0,0.0,0.0,0.0,0,1
2023-10-20,2023,23,24,11800.0,12900.0,18837.0,0.0,0.09322033898305082,0,1
2023-10-20,2023,24,25,12900.0,12900.0,0.0,0.0,0.0,0,1
2023-10-23,2023,23,24,11800.0,12900.0,20801.0,0.0,0.09322033898305082,0,1
2023-10-23,2023,24,25,12900.0,12900.0,0.0,0.0,0.0,0,1
2023-10-24,2023,23,24,11600.0,12900.0,43803.0,0.0,0.11206896551724133,0,1
2023-10-24,2023,24,25,12900.0,12900.0,0.0,0.0,0.0,0,1
2023-10-25,2023,23,24,11400.0,12900.0,6843.0,0.0,0.13157894736842102,0,1
2023-10-25,2023,24,25,12900.0,12900.0,0.0,0.0,0.0,0,1
2023-10-26,2023,23,24,11300.0,12900.0,9389.0,0.0,0.1415929203539823,0,1
2023-10-26,2023,24,25,12900.0,12900.0,0.0,0.0,0.0,0,1
2023-10-27,2023,23,24,11300.0,12900.0,6500.0,0.0,0.1415929203539823,0,1
2023-10-27,2023,24,25,12900.0,12900.0,0.0,0.0,0.0,0,1
2023-10-30,2023,23,24,11500.0,12900.0,24776.0,0.0,0.12173913043478257,0,1
2023-10-30,2023,24,25,12900.0,12900.0,0.0,0.0,0.0,0,1
2023-10-31,2023,23,24,11000.0,12900.0,28846.0,0.0,0.17272727272727262,0,1
2023-10-31,2023,24,25,12900.0,12900.0,0.0,0.0,0.0,0,1
2023-11-01,2023,23,24,11000.0,11000.0,9500.0,0.0,0.0,0,1
2023-11-01,2023,24,25,11000.0,11000.0,0.0,0.0,0.0,0,1
2023-11-02,2023,23,24,11000.0,11000.0,7001.0,0.0,0.0,0,1
2023-11-02,2023,24,25,11000.0,11000.0,0.0,0.0,0.0,0,1
2023-11-03,2023,23,24,10900.0,11000.0,9510.0,0.0,0.00917431192660545,0,1
2023-11-03,2023,24,25,11000.0,11000.0,0.0,0.0,0.0,0,1
2023-11-06,2023,23,24,10900.0,11000.0,9370.0,0.0,0.00917431192660545,0,1
2023-11-06,2023,24,25,11000.0,11000.0,0.0,0.0,0.0,0,1
2023-11-07,2023,23,24,10350.0,11000.0,27500.0,0.0,0.06280193236714982,0,1
2023-11-07,2023,24,25,11000.0,11000.0,0.0,0.0,0.0,0,1
2023-11-08,2023,23,24,10000.0,11000.0,7010.0,0.0,0.10000000000000009,0,1
2023-11-08,2023,24,25,11000.0,11000.0,0.0,0.0,0.0,0,1
2023-11-09,2023,23,24,10450.0,11000.0,67790.0,0.0,0.05263157894736836,0,1
2023-11-09,2023,24,25,11000.0,11000.0,0.0,0.0,0.0,0,1
2023-11-10,2023,23,24,10050.0,11000.0,319566.0,0.0,0.0945273631840795,0,1
2023-11-10,2023,24,25,11000.0,11000.0,0.0,0.0,0.0,0,1
2023-11-13,2023,23,24,10000.0,11000.0,137558.0,0.0,0.10000000000000009,0,1
2023-11-13,2023,24,25,11000.0,11000.0,0.0,0.0,0.0,0,1
2023-11-14,2023,23,24,9950.0,11000.0,207156.0,0.0,0.10552763819095468,0,1
2023-11-14,2023,24,25,11000.0,11000.0,0.0,0.0,0.0,0,1
2023-11-15,2023,23,24,9900.0,11000.0,178295.0,0.0,0.11111111111111116,0,1
2023-11-15,2023,24,25,11000.0,11000.0,0.0,0.0,0.0,0,1
2023-11-16,2023,23,24,9650.0,11000.0,38768.0,0.0,0.13989637305699487,0,1
2023-11-16,2023,24,25,11000.0,11000.0,0.0,0.0,0.0,0,1
2023-11-17,2023,23,24,9550.0,11000.0,139321.0,0.0,0.1518324607329844,0,1
2023-11-17,2023,24,25,11000.0,11000.0,0.0,0.0,0.0,0,1
2023-11-20,2023,23,24,9400.0,11000.0,66515.0,0.0,0.17021276595744683,0,1
2023-11-20,2023,24,25,11000.0,11000.0,0.0,0.0,0.0,0,1
2023-11-21,2023,23,24,8930.0,11000.0,99209.0,0.0,0.23180291153415444,0,1
2023-11-21,2023,24,25,11000.0,11000.0,0.0,0.0,0.0,0,1
2023-11-22,2023,23,24,8130.0,11000.0,167708.0,0.0,0.35301353013530146,0,1
2023-11-22,2023,24,25,11000.0,11000.0,0.0,0.0,0.0,0,1
2023-11-23,2023,23,24,7900.0,11000.0,47431.0,0.0,0.39240506329113933,0,1
2023-11-23,2023,24,25,11000.0,11000.0,0.0,0.0,0.0,0,1
2023-11-24,2023,23,24,8440.0,11000.0,122607.0,0.0,0.3033175355450237,0,1
2023-11-24,2023,24,25,11000.0,11000.0,0.0,0.0,0.0,0,1
2023-11-27,2023,23,24,7950.0,11000.0,459844.0,0.0,0.3836477987421383,0,1
2023-11-27,2023,24,25,11000.0,11000.0,0.0,0.0,0.0,0,1
2023-11-28,2023,23,24,7750.0,11000.0,432180.0,0.0,0.4193548387096775,0,0
2023-11-28,2023,24,25,11000.0,11000.0,0.0,0.0,0.0,0,1
2023-11-29,2023,23,24,8200.0,11000.0,2500004.0,0.0,0.3414634146341464,0,1
2023-11-29,2023,24,25,11000.0,11000.0,0.0,0.0,0.0,0,1
2023-11-30,2023,23,24,8490.0,11000.0,1164392.0,0.0,0.2956419316843346,0,1
2023-11-30,2023,24,25,11000.0,11000.0,0.0,0.0,0.0,0,1
2023-12-01,2023,23,24,8500.0,8610.0,206002.0,0.0,0.012941176470588234,0,1
2023-12-01,2023,24,25,8610.0,8610.0,0.0,0.0,0.0,0,1
2023-12-04,2023,23,24,8780.0,8610.0,58001.0,0.0,-0.019362186788154934,0,1
2023-12-04,2023,24,25,8610.0,8610.0,0.0,0.0,0.0,0,1
2023-12-05,2023,23,24,8780.0,8610.0,121901.0,0.0,-0.019362186788154934,0,1
2023-12-05,2023,24,25,8610.0,8610.0,0.0,0.0,0.0,0,1
2023-12-06,2023,23,24,9500.0,8610.0,90057.0,0.0,-0.09368421052631581,0,1
2023-12-06,2023,24,25,8610.0,8610.0,0.0,0.0,0.0,0,1
2023-12-07,2023,23,24,10450.0,8610.0,219509.0,0.0,-0.1760765550239235,0,1
2023-12-07,2023,24,25,8610.0,8610.0,0.0,0.0,0.0,0,1
2023-12-08,2023,23,24,10000.0,8610.0,647001.0,0.0,-0.139,0,1
2023-12-08,2023,24,25,8610.0,8610.0,0.0,0.0,0.0,0,1
2023-12-11,2023,23,24,9000.0,8610.0,162115.0,0.0,-0.043333333333333335,0,1
2023-12-11,2023,24,25,8610.0,8610.0,0.0,0.0,0.0,0,1
2023-12-12,2023,23,24,9080.0,8610.0,965815.0,0.0,-0.05176211453744495,0,1
2023-12-12,2023,24,25,8610.0,8610.0,0.0,0.0,0.0,0,1
2023-12-13,2023,23,24,9540.0,8610.0,461704.0,0.0,-0.09748427672955973,0,1
2023-12-13,2023,24,25,8610.0,8610.0,0.0,0.0,0.0,0,1
2023-12-14,2023,23,24,9670.0,8610.0,139021.0,0.0,-0.10961737331954502,0,1
2023-12-14,2023,24,25,8610.0,8610.0,0.0,0.0,0.0,0,1
2023-12-15,2023,23,24,9450.0,8610.0,203502.0,0.0,-0.0888888888888889,0,1
2023-12-15,2023,24,25,8610.0,8610.0,0.0,0.0,0.0,0,1
2023-12-18,2023,23,24,9440.0,8610.0,263323.0,0.0,-0.08792372881355937,0,1
2023-12-18,2023,24,25,8610.0,8610.0,0.0,0.0,0.0,0,1
2023-12-19,2023,23,24,9000.0,8610.0,68501.0,0.0,-0.043333333333333335,0,1
2023-12-19,2023,24,25,8610.0,8610.0,0.0,0.0,0.0,0,1
2023-12-20,2023,23,24,8600.0,8610.0,19685.0,0.0,0.0011627906976743319,0,1
2023-12-20,2023,24,25,8610.0,8610.0,0.0,0.0,0.0,0,1
2023-12-21,2023,23,24,8300.0,8610.0,118500.0,0.0,0.03734939759036138,0,1
2023-12-21,2023,24,25,8610.0,8610.0,0.0,0.0,0.0,0,1
2023-12-22,2023,23,24,8090.0,8610.0,118565.0,0.0,0.06427688504326334,0,1
2023-12-22,2023,24,25,8610.0,8610.0,0.0,0.0,0.0,0,1
2023-12-26,2023,23,24,8270.0,8610.0,315240.0,0.0,0.04111245465538094,0,1
2023-12-26,2023,24,25,8610.0,8610.0,0.0,0.0,0.0,0,1
2023-12-27,2023,23,24,8200.0,8610.0,11098585.0,0.0,0.050000000000000044,0,1
2023-12-27,2023,24,25,8610.0,8610.0,0.0,0.0,0.0,0,1
2023-12-28,2023,23,24,9020.0,8610.0,1790282.0,0.0,-0.045454545454545414,0,1
2023-12-28,2023,24,25,8610.0,8610.0,0.0,0.0,0.0,0,1
2024-01-02,2024,23,24,9350.0,8610.0,43148.0,0.0,-0.07914438502673793,0,1
2024-01-02,2024,24,25,8610.0,8610.0,0.0,0.0,0.0,0,1
2024-01-03,2024,23,24,8730.0,8610.0,25996.0,0.0,-0.013745704467353903,0,1
2024-01-03,2024,24,25,8610.0,8610.0,0.0,0.0,0.0,0,1
2024-01-04,2024,23,24,8900.0,8610.0,138809.0,0.0,-0.032584269662921383,0,1
2024-01-04,2024,24,25,8610.0,8610.0,0.0,0.0,0.0,0,1
2024-01-05,2024,23,24,8490.0,8610.0,581003.0,0.0,0.014134275618374659,0,1
2024-01-05,2024,24,25,8610.0,8610.0,0.0,0.0,0.0,0,1
2024-01-08,2024,23,24,8160.0,8610.0,882000.0,0.0,0.05514705882352944,0,1
2024-01-08,2024,24,25,8610.0,8610.0,0.0,0.0,0.0,0,1
2024-01-09,2024,23,24,8030.0,8610.0,1370000.0,0.0,0.07222914072229147,0,1
2024-01-09,2024,24,25,8610.0,8610.0,0.0,0.0,0.0,0,1
2024-01-10,2024,23,24,8250.0,8610.0,1956607.0,0.0,0.043636363636363695,0,1
2024-01-10,2024,24,25,8610.0,8610.0,0.0,0.0,0.0,0,1
2024-01-11,2024,23,24,8460.0,8610.0,2353399.0,0.0,0.01773049645390068,0,1
2024-01-11,2024,24,25,8610.0,8610.0,0.0,0.0,0.0,0,1
2024-01-12,2024,23,24,8680.0,8610.0,154302.0,0.0,-0.008064516129032251,0,1
2024-01-12,2024,24,25,8610.0,8610.0,0.0,0.0,0.0,0,1
2024-01-15,2024,23,24,8520.0,8610.0,205172.0,0.0,0.010563380281690238,0,1
2024-01-15,2024,24,25,8610.0,8610.0,0.0,0.0,0.0,0,1
2024-01-16,2024,23,24,8620.0,8610.0,1295333.0,0.0,-0.001160092807424573,0,1
2024-01-16,2024,24,25,8610.0,8610.0,0.0,0.0,0.0,0,1
2024-01-17,2024,23,24,8930.0,8610.0,1797114.0,0.0,-0.035834266517357216,0,1
2024-01-17,2024,24,25,8610.0,8610.0,0.0,0.0,0.0,0,1
2024-01-18,2024,23,24,9000.0,8610.0,1531900.0,0.0,-0.043333333333333335,0,1
2024-01-18,2024,24,25,8610.0,8610.0,0.0,0.0,0.0,0,1
2024-01-19,2024,23,24,9020.0,8610.0,813101.0,0.0,-0.045454545454545414,0,1
2024-01-19,2024,24,25,8610.0,8610.0,0.0,0.0,0.0,0,1
2024-01-22,2024,23,24,9070.0,8610.0,1443026.0,0.0,-0.05071664829106948,0,1
2024-01-22,2024,24,25,8610.0,8610.0,0.0,0.0,0.0,0,1
2024-01-23,2024,23,24,9070.0,8610.0,20601.0,0.0,-0.05071664829106948,0,1
2024-01-23,2024,24,25,8610.0,8610.0,0.0,0.0,0.0,0,1
2024-01-24,2024,23,24,8990.0,8610.0,25950.0,0.0,-0.0422691879866518,0,1
2024-01-24,2024,24,25,8610.0,8610.0,0.0,0.0,0.0,0,1
2024-01-25,2024,23,24,8800.0,8610.0,41601.0,0.0,-0.021590909090909105,0,1
2024-01-25,2024,24,25,8610.0,8610.0,0.0,0.0,0.0,0,1
2024-01-26,2024,23,24,8990.0,8610.0,14000.0,0.0,-0.0422691879866518,0,1
2024-01-26,2024,24,25,8610.0,8610.0,0.0,0.0,0.0,0,1
2024-01-29,2024,23,24,8920.0,8610.0,24437.0,0.0,-0.034753363228699596,0,1
2024-01-29,2024,24,25,8610.0,8610.0,0.0,0.0,0.0,0,1
2024-01-30,2024,23,24,8920.0,8610.0,71610.0,0.0,-0.034753363228699596,0,1
2024-01-30,2024,24,25,8610.0,8610.0,0.0,0.0,0.0,0,1
2024-01-31,2024,23,24,9200.0,8610.0,158602.0,0.0,-0.06413043478260871,0,1
2024-01-31,2024,24,25,8610.0,8610.0,0.0,0.0,0.0,0,1
2024-02-01,2024,23,24,9150.0,8610.0,31200.0,0.0,-0.059016393442622994,0,1
2024-02-01,2024,24,25,8610.0,8610.0,0.0,0.0,0.0,0,1
2024-02-02,2024,23,24,8970.0,8610.0,124500.0,0.0,-0.04013377926421402,0,1
2024-02-02,2024,24,25,8610.0,8610.0,0.0,0.0,0.0,0,1
2024-02-05,2024,23,24,9030.0,8610.0,65675.0,0.0,-0.046511627906976716,0,1
2024-02-05,2024,24,25,8610.0,8610.0,0.0,0.0,0.0,0,1
2024-02-06,2024,23,24,9030.0,8610.0,70998.0,0.0,-0.046511627906976716,0,1
2024-02-06,2024,24,25,8610.0,8610.0,0.0,0.0,0.0,0,1
2024-02-07,2024,23,24,9110.0,8610.0,78100.0,0.0,-0.05488474204171245,0,1
2024-02-07,2024,24,25,8610.0,8610.0,0.0,0.0,0.0,0,1
2024-02-08,2024,23,24,9100.0,8610.0,77500.0,0.0,-0.05384615384615388,0,1
2024-02-08,2024,24,25,8610.0,8610.0,0.0,0.0,0.0,0,1
2024-02-13,2024,23,24,9100.0,8610.0,30800.0,0.0,-0.05384615384615388,0,1
2024-02-13,2024,24,25,8610.0,8610.0,0.0,0.0,0.0,0,1
2024-02-14,2024,23,24,9120.0,8610.0,157300.0,0.0,-0.05592105263157898,0,1
2024-02-14,2024,24,25,8610.0,8610.0,0.0,0.0,0.0,0,1
2024-02-15,2024,23,24,9140.0,8610.0,113420.0,0.0,-0.057986870897155374,0,1
2024-02-15,2024,24,25,8610.0,8610.0,0.0,0.0,0.0,0,1
2024-02-16,2024,23,24,9130.0,8610.0,132600.0,0.0,-0.056955093099671394,0,1
2024-02-16,2024,24,25,8610.0,8610.0,0.0,0.0,0.0,0,1
2024-02-19,2024,23,24,9150.0,8610.0,163040.0,0.0,-0.059016393442622994,0,1
2024-02-19,2024,24,25,8610.0,8610.0,0.0,0.0,0.0,0,1
2024-02-20,2024,23,24,9120.0,8610.0,175097.0,0.0,-0.05592105263157898,0,1
2024-02-20,2024,24,25,8610.0,8610.0,0.0,0.0,0.0,0,1
2024-02-21,2024,23,24,9130.0,8610.0,243446.0,0.0,-0.056955093099671394,0,1
2024-02-21,2024,24,25,8610.0,8610.0,0.0,0.0,0.0,0,1
2024-02-22,2024,23,24,9140.0,8610.0,79500.0,0.0,-0.057986870897155374,0,1
2024-02-22,2024,24,25,8610.0,8610.0,0.0,0.0,0.0,0,1
2024-02-23,2024,23,24,9130.0,8610.0,74092.0,0.0,-0.056955093099671394,0,1
2024-02-23,2024,24,25,8610.0,8610.0,0.0,0.0,0.0,0,1
2024-02-26,2024,23,24,9130.0,8610.0,49210.0,0.0,-0.056955093099671394,0,1
2024-02-26,2024,24,25,8610.0,8610.0,0.0,0.0,0.0,0,1
2024-02-27,2024,23,24,9100.0,8610.0,34900.0,0.0,-0.05384615384615388,0,1
2024-02-27,2024,24,25,8610.0,8610.0,0.0,0.0,0.0,0,1
2024-02-28,2024,23,24,9140.0,8610.0,200844.0,0.0,-0.057986870897155374,0,1
2024-02-28,2024,24,25,8610.0,8610.0,0.0,0.0,0.0,0,1
2024-02-29,2024,23,24,9140.0,8610.0,114666.0,0.0,-0.057986870897155374,0,1
2024-02-29,2024,24,25,8610.0,8610.0,0.0,0.0,0.0,0,1
2024-03-04,2024,23,24,9090.0,8610.0,49212.0,0.0,-0.05280528052805278,0,1
2024-03-04,2024,24,25,8610.0,8610.0,0.0,0.0,0.0,0,1
2024-03-05,2024,23,24,9100.0,8610.0,153240.0,0.0,-0.05384615384615388,0,1
2024-03-05,2024,24,25,8610.0,8610.0,0.0,0.0,0.0,0,1
2024-03-06,2024,23,24,9100.0,8610.0,143500.0,0.0,-0.05384615384615388,0,1
2024-03-06,2024,24,25,8610.0,8610.0,0.0,0.0,0.0,0,1
2024-03-07,2024,23,24,9090.0,8610.0,123464.0,0.0,-0.05280528052805278,0,1
2024-03-07,2024,24,25,8610.0,8610.0,0.0,0.0,0.0,0,1
2024-03-08,2024,23,24,9090.0,8610.0,108536.0,0.0,-0.05280528052805278,0,1
2024-03-08,2024,24,25,8610.0,8610.0,0.0,0.0,0.0,0,1
2024-03-11,2024,23,24,9100.0,8610.0,138390.0,0.0,-0.05384615384615388,0,1
2024-03-11,2024,24,25,8610.0,8610.0,0.0,0.0,0.0,0,1
2024-03-12,2024,23,24,9090.0,8610.0,121300.0,0.0,-0.05280528052805278,0,1
2024-03-12,2024,24,25,8610.0,8610.0,0.0,0.0,0.0,0,1
2024-03-13,2024,23,24,9100.0,8610.0,204110.0,0.0,-0.05384615384615388,0,1
2024-03-13,2024,24,25,8610.0,8610.0,0.0,0.0,0.0,0,1
2024-03-14,2024,23,24,9100.0,8610.0,183400.0,0.0,-0.05384615384615388,0,1
2024-03-14,2024,24,25,8610.0,8610.0,0.0,0.0,0.0,0,1
2024-03-15,2024,23,24,9100.0,8610.0,169800.0,0.0,-0.05384615384615388,0,1
2024-03-15,2024,24,25,8610.0,8610.0,0.0,0.0,0.0,0,1
2024-03-18,2024,23,24,9100.0,8610.0,222500.0,0.0,-0.05384615384615388,0,1
2024-03-18,2024,24,25,8610.0,8610.0,0.0,0.0,0.0,0,1
2024-03-19,2024,23,24,9050.0,8610.0,243500.0,0.0,-0.048618784530386705,0,1
2024-03-19,2024,24,25,8610.0,8610.0,0.0,0.0,0.0,0,1
2024-03-20,2024,23,24,9030.0,8610.0,281820.0,0.0,-0.046511627906976716,0,1
2024-03-20,2024,24,25,8610.0,8610.0,0.0,0.0,0.0,0,1
2024-03-21,2024,23,24,9020.0,8610.0,171801.0,0.0,-0.045454545454545414,0,1
2024-03-21,2024,24,25,8610.0,8610.0,0.0,0.0,0.0,0,1
2024-03-22,2024,23,24,8910.0,8610.0,121411.0,0.0,-0.03367003367003363,0,1
2024-03-22,2024,24,25,8610.0,8610.0,0.0,0.0,0.0,0,1
2024-03-25,2024,23,24,8690.0,8610.0,281060.0,0.0,-0.009205983889528202,0,1
2024-03-25,2024,24,25,8610.0,8610.0,0.0,0.0,0.0,0,1
2024-03-26,2024,23,24,8420.0,8610.0,276400.0,0.0,0.0225653206650831,0,1
2024-03-26,2024,24,25,8610.0,8610.0,0.0,0.0,0.0,0,1
2024-03-27,2024,23,24,8100.0,8610.0,176800.0,0.0,0.06296296296296289,0,1
2024-03-27,2024,24,25,8610.0,8610.0,0.0,0.0,0.0,0,1
2024-03-28,2024,23,24,8100.0,8610.0,573164.0,0.0,0.06296296296296289,0,1
2024-03-28,2024,24,25,8610.0,8610.0,0.0,0.0,0.0,0,1
2024-03-29,2024,23,24,8130.0,8610.0,286750.0,0.0,0.05904059040590415,0,1
2024-03-29,2024,24,25,8610.0,8610.0,0.0,0.0,0.0,0,1
2024-04-01,2024,23,24,8160.0,8610.0,126500.0,0.0,0.05514705882352944,0,1
2024-04-01,2024,24,25,8610.0,8610.0,0.0,0.0,0.0,0,1
2024-04-02,2024,23,24,8200.0,8610.0,139284.0,0.0,0.050000000000000044,0,1
2024-04-02,2024,24,25,8610.0,8610.0,0.0,0.0,0.0,0,1
2024-04-03,2024,23,24,8220.0,8610.0,229401.0,0.0,0.04744525547445266,0,1
2024-04-03,2024,24,25,8610.0,8610.0,0.0,0.0,0.0,0,1
2024-04-04,2024,23,24,8240.0,8610.0,219800.0,0.0,0.04490291262135915,0,1
2024-04-04,2024,24,25,8610.0,8610.0,0.0,0.0,0.0,0,1
2024-04-05,2024,23,24,8490.0,8610.0,210796.0,0.0,0.014134275618374659,0,1
2024-04-05,2024,24,25,8610.0,8610.0,0.0,0.0,0.0,0,1
2024-04-08,2024,23,24,8560.0,8610.0,225373.0,0.0,0.005841121495327117,0,1
2024-04-08,2024,24,25,8610.0,8610.0,0.0,0.0,0.0,0,1
2024-04-09,2024,23,24,8700.0,8610.0,233138.0,0.0,-0.010344827586206917,0,1
2024-04-09,2024,24,25,8610.0,8610.0,0.0,0.0,0.0,0,1
2024-04-11,2024,23,24,8850.0,8610.0,285733.0,0.0,-0.027118644067796627,0,1
2024-04-11,2024,24,25,8610.0,8610.0,0.0,0.0,0.0,0,1
2024-04-12,2024,23,24,9100.0,8610.0,455200.0,0.0,-0.05384615384615388,0,1
2024-04-12,2024,24,25,8610.0,8610.0,0.0,0.0,0.0,0,1
2024-04-15,2024,23,24,8990.0,8610.0,221137.0,0.0,-0.0422691879866518,0,1
2024-04-15,2024,24,25,8610.0,8610.0,0.0,0.0,0.0,0,1
2024-04-16,2024,23,24,9000.0,8610.0,301504.0,0.0,-0.043333333333333335,0,1
2024-04-16,2024,24,25,8610.0,8610.0,0.0,0.0,0.0,0,1
2024-04-17,2024,23,24,8900.0,8610.0,294883.0,0.0,-0.032584269662921383,0,1
2024-04-17,2024,24,25,8610.0,8610.0,0.0,0.0,0.0,0,1
2024-04-18,2024,23,24,8750.0,8610.0,203471.0,0.0,-0.016000000000000014,0,1
2024-04-18,2024,24,25,8610.0,8610.0,0.0,0.0,0.0,0,1
2024-04-19,2024,23,24,8750.0,8610.0,108080.0,0.0,-0.016000000000000014,0,1
2024-04-19,2024,24,25,8610.0,8610.0,0.0,0.0,0.0,0,1
2024-04-22,2024,23,24,8650.0,8610.0,163722.0,0.0,-0.0046242774566473965,0,1
2024-04-22,2024,24,25,8610.0,8610.0,0.0,0.0,0.0,0,1
2024-04-23,2024,23,24,8650.0,8610.0,202511.0,0.0,-0.0046242774566473965,0,1
2024-04-23,2024,24,25,8610.0,8610.0,0.0,0.0,0.0,0,1
2024-04-24,2024,23,24,8530.0,8610.0,375747.0,0.0,0.009378663540445586,0,1
2024-04-24,2024,24,25,8610.0,8610.0,0.0,0.0,0.0,0,1
2024-04-25,2024,23,24,8520.0,8610.0,292443.0,0.0,0.010563380281690238,0,1
2024-04-25,2024,24,25,8610.0,8610.0,0.0,0.0,0.0,0,1
2024-04-26,2024,23,24,8660.0,8610.0,225669.0,0.0,-0.005773672055427226,0,1
2024-04-26,2024,24,25,8610.0,8610.0,0.0,0.0,0.0,0,1
2024-04-29,2024,23,24,8710.0,8610.0,101422.0,0.0,-0.01148105625717566,0,1
2024-04-29,2024,24,25,8610.0,8610.0,0.0,0.0,0.0,0,1
2024-04-30,2024,23,24,8760.0,8610.0,131609.0,0.0,-0.017123287671232834,0,1
2024-04-30,2024,24,25,8610.0,8610.0,0.0,0.0,0.0,0,1
2024-05-02,2024,23,24,8750.0,8610.0,146540.0,0.0,-0.016000000000000014,0,1
2024-05-02,2024,24,25,8610.0,8610.0,0.0,0.0,0.0,0,1
2024-05-03,2024,23,24,8730.0,8610.0,129136.0,0.0,-0.013745704467353903,0,1
2024-05-03,2024,24,25,8610.0,8610.0,0.0,0.0,0.0,0,1
2024-05-07,2024,23,24,8780.0,8610.0,126451.0,0.0,-0.019362186788154934,0,1
2024-05-07,2024,24,25,8610.0,8610.0,0.0,0.0,0.0,0,1
2024-05-08,2024,23,24,8730.0,8610.0,213473.0,0.0,-0.013745704467353903,0,1
2024-05-08,2024,24,25,8610.0,8610.0,0.0,0.0,0.0,0,1
2024-05-09,2024,23,24,8790.0,8610.0,168249.0,0.0,-0.020477815699658675,0,1
2024-05-09,2024,24,25,8610.0,8610.0,0.0,0.0,0.0,0,1
2024-05-10,2024,23,24,8830.0,8610.0,148290.0,0.0,-0.02491506228765572,0,1
2024-05-10,2024,24,25,8610.0,8610.0,0.0,0.0,0.0,0,1
2024-05-13,2024,23,24,8850.0,8610.0,121201.0,0.0,-0.027118644067796627,0,1
2024-05-13,2024,24,25,8610.0,8610.0,0.0,0.0,0.0,0,1
2024-05-14,2024,23,24,8810.0,8610.0,112965.0,0.0,-0.022701475595913734,0,1
2024-05-14,2024,24,25,8610.0,8610.0,0.0,0.0,0.0,0,1
2024-05-16,2024,23,24,8870.0,8610.0,206465.0,0.0,-0.02931228861330326,0,1
2024-05-16,2024,24,25,8610.0,8610.0,0.0,0.0,0.0,0,1
2024-05-17,2024,23,24,8950.0,8610.0,245884.0,0.0,-0.03798882681564242,0,1
2024-05-17,2024,24,25,8610.0,8610.0,0.0,0.0,0.0,0,1
2024-05-20,2024,23,24,8900.0,8610.0,131765.0,0.0,-0.032584269662921383,0,1
2024-05-20,2024,24,25,8610.0,8610.0,0.0,0.0,0.0,0,1
2024-05-21,2024,23,24,8880.0,8610.0,145857.0,0.0,-0.030405405405405372,0,1
2024-05-21,2024,24,25,8610.0,8610.0,0.0,0.0,0.0,0,1
2024-05-22,2024,23,24,8850.0,8610.0,253765.0,0.0,-0.027118644067796627,0,1
2024-05-22,2024,24,25,8610.0,8610.0,0.0,0.0,0.0,0,1
2024-05-23,2024,23,24,8860.0,8610.0,188262.0,0.0,-0.028216704288939076,0,1
2024-05-23,2024,24,25,8610.0,8610.0,0.0,0.0,0.0,0,1
2024-05-24,2024,23,24,8870.0,8610.0,139680.0,0.0,-0.02931228861330326,0,1
2024-05-24,2024,24,25,8610.0,8610.0,0.0,0.0,0.0,0,1
2024-05-27,2024,23,24,8880.0,8610.0,158578.0,0.0,-0.030405405405405372,0,1
2024-05-27,2024,24,25,8610.0,8610.0,0.0,0.0,0.0,0,1
2024-05-28,2024,23,24,8870.0,8610.0,95852.0,0.0,-0.02931228861330326,0,1
2024-05-28,2024,24,25,8610.0,8610.0,0.0,0.0,0.0,0,1
2024-05-29,2024,23,24,8860.0,8610.0,141961.0,0.0,-0.028216704288939076,0,1
2024-05-29,2024,24,25,8610.0,8610.0,0.0,0.0,0.0,0,1
2024-05-30,2024,23,24,8900.0,8610.0,272716.0,0.0,-0.032584269662921383,0,1
2024-05-30,2024,24,25,8610.0,8610.0,0.0,0.0,0.0,0,1
2024-05-31,2024,23,24,8890.0,8610.0,237588.0,0.0,-0.03149606299212604,0,1
2024-05-31,2024,24,25,8610.0,8610.0,0.0,0.0,0.0,0,1
2024-06-03,2024,23,24,8850.0,8610.0,65662.0,0.0,-0.027118644067796627,0,1
2024-06-03,2024,24,25,8610.0,8610.0,0.0,0.0,0.0,0,1
2024-06-04,2024,23,24,8640.0,8610.0,176539.0,0.0,-0.00347222222222221,0,1
2024-06-04,2024,24,25,8610.0,8610.0,0.0,0.0,0.0,0,1
2024-06-05,2024,23,24,8600.0,8610.0,381157.0,0.0,0.0011627906976743319,0,1
2024-06-05,2024,24,25,8610.0,8610.0,0.0,0.0,0.0,0,1
2024-06-07,2024,23,24,8640.0,8610.0,107410.0,0.0,-0.00347222222222221,0,1
2024-06-07,2024,24,25,8610.0,8610.0,0.0,0.0,0.0,0,1
2024-06-10,2024,23,24,8650.0,8610.0,365841.0,0.0,-0.0046242774566473965,0,1
2024-06-10,2024,24,25,8610.0,8610.0,0.0,0.0,0.0,0,1
2024-06-11,2024,23,24,8680.0,8610.0,368411.0,0.0,-0.008064516129032251,0,1
2024-06-11,2024,24,25,8610.0,8610.0,0.0,0.0,0.0,0,1
2024-06-12,2024,23,24,8670.0,8610.0,285464.0,0.0,-0.00692041522491349,0,1
2024-06-12,2024,24,25,8610.0,8610.0,0.0,0.0,0.0,0,1
2024-06-13,2024,23,24,8710.0,8610.0,357368.0,0.0,-0.01148105625717566,0,1
2024-06-13,2024,24,25,8610.0,8610.0,0.0,0.0,0.0,0,1
2024-06-14,2024,23,24,8760.0,8610.0,320547.0,0.0,-0.017123287671232834,0,1
2024-06-14,2024,24,25,8610.0,8610.0,0.0,0.0,0.0,0,1
2024-06-17,2024,23,24,8820.0,8610.0,422249.0,0.0,-0.023809523809523836,0,1
2024-06-17,2024,24,25,8610.0,8610.0,0.0,0.0,0.0,0,1
2024-06-18,2024,23,24,8850.0,8610.0,389198.0,0.0,-0.027118644067796627,0,1
2024-06-18,2024,24,25,8610.0,8610.0,0.0,0.0,0.0,0,1
2024-06-19,2024,23,24,8910.0,8610.0,351846.0,0.0,-0.03367003367003363,0,1
2024-06-19,2024,24,25,8610.0,8610.0,0.0,0.0,0.0,0,1
2024-06-20,2024,23,24,8900.0,8610.0,281298.0,0.0,-0.032584269662921383,0,1
2024-06-20,2024,24,25,8610.0,8610.0,0.0,0.0,0.0,0,1
2024-06-21,2024,23,24,8940.0,8610.0,182506.0,0.0,-0.03691275167785235,0,1
2024-06-21,2024,24,25,8610.0,8610.0,0.0,0.0,0.0,0,1
2024-06-24,2024,23,24,8920.0,8610.0,112959.0,0.0,-0.034753363228699596,0,1
2024-06-24,2024,24,25,8610.0,8610.0,0.0,0.0,0.0,0,1
2024-06-25,2024,23,24,8930.0,8610.0,394706.0,0.0,-0.035834266517357216,0,1
2024-06-25,2024,24,25,8610.0,8610.0,0.0,0.0,0.0,0,1
2024-06-26,2024,23,24,8950.0,8610.0,239848.0,0.0,-0.03798882681564242,0,1
2024-06-26,2024,24,25,8610.0,8610.0,0.0,0.0,0.0,0,1
2024-06-27,2024,23,24,8950.0,8900.0,330849.0,305000.0,-0.005586592178770999,1,1
2024-06-27,2024,24,25,8900.0,8610.0,305000.0,0.0,-0.032584269662921383,0,1
2024-06-28,2024,23,24,8950.0,8900.0,204558.0,0.0,-0.005586592178770999,0,1
2024-06-28,2024,24,25,8900.0,8610.0,0.0,0.0,-0.032584269662921383,0,1
2024-07-01,2024,23,24,8950.0,8900.0,82319.0,0.0,-0.005586592178770999,0,1
2024-07-01,2024,24,25,8900.0,8610.0,0.0,0.0,-0.032584269662921383,0,1
2024-07-02,2024,23,24,8970.0,8900.0,200414.0,0.0,-0.0078037904124860225,0,1
2024-07-02,2024,24,25,8900.0,8610.0,0.0,0.0,-0.032584269662921383,0,1
2024-07-03,2024,23,24,8990.0,8900.0,205014.0,0.0,-0.010011123470522798,0,1
2024-07-03,2024,24,25,8900.0,8610.0,0.0,0.0,-0.032584269662921383,0,1
2024-07-04,2024,23,24,8980.0,8900.0,201929.0,5000.0,-0.008908685968819552,1,1
2024-07-04,2024,24,25,8900.0,8610.0,5000.0,0.0,-0.032584269662921383,0,1
2024-07-05,2024,23,24,8980.0,8900.0,78358.0,0.0,-0.008908685968819552,0,1
2024-07-05,2024,24,25,8900.0,8610.0,0.0,0.0,-0.032584269662921383,0,1
2024-07-08,2024,23,24,8980.0,8900.0,192501.0,5700.0,-0.008908685968819552,1,1
2024-07-08,2024,24,25,8900.0,8610.0,5700.0,0.0,-0.032584269662921383,0,1
2024-07-09,2024,23,24,8970.0,8900.0,209808.0,0.0,-0.0078037904124860225,0,1
2024-07-09,2024,24,25,8900.0,8610.0,0.0,0.0,-0.032584269662921383,0,1
2024-07-10,2024,23,24,8980.0,8900.0,302899.0,0.0,-0.008908685968819552,0,1
2024-07-10,2024,24,25,8900.0,8610.0,0.0,0.0,-0.032584269662921383,0,1
2024-07-11,2024,23,24,8990.0,8900.0,205853.0,0.0,-0.010011123470522798,0,1
2024-07-11,2024,24,25,8900.0,8610.0,0.0,0.0,-0.032584269662921383,0,1
2024-07-12,2024,23,24,8990.0,8900.0,174655.0,0.0,-0.010011123470522798,0,1
2024-07-12,2024,24,25,8900.0,8610.0,0.0,0.0,-0.032584269662921383,0,1
2024-07-15,2024,23,24,8990.0,8900.0,98209.0,0.0,-0.010011123470522798,0,1
2024-07-15,2024,24,25,8900.0,8610.0,0.0,0.0,-0.032584269662921383,0,1
2024-07-16,2024,23,24,8990.0,8900.0,143503.0,0.0,-0.010011123470522798,0,1
2024-07-16,2024,24,25,8900.0,8610.0,0.0,0.0,-0.032584269662921383,0,1
2024-07-17,2024,23,24,9000.0,8900.0,177647.0,0.0,-0.011111111111111072,0,1
2024-07-17,2024,24,25,8900.0,8610.0,0.0,0.0,-0.032584269662921383,0,1
2024-07-18,2024,23,24,9000.0,8900.0,227589.0,0.0,-0.011111111111111072,0,1
2024-07-18,2024,24,25,8900.0,8610.0,0.0,0.0,-0.032584269662921383,0,1
2024-07-19,2024,23,24,9000.0,8900.0,202652.0,0.0,-0.011111111111111072,0,1
2024-07-19,2024,24,25,8900.0,8610.0,0.0,0.0,-0.032584269662921383,0,1
2024-07-22,2024,23,24,9000.0,8900.0,318245.0,0.0,-0.011111111111111072,0,1
2024-07-22,2024,24,25,8900.0,8610.0,0.0,0.0,-0.032584269662921383,0,1
2024-07-23,2024,23,24,9010.0,8900.0,291992.0,0.0,-0.01220865704772478,0,1
2024-07-23,2024,24,25,8900.0,8610.0,0.0,0.0,-0.032584269662921383,0,1
2024-07-24,2024,23,24,9020.0,8900.0,477745.0,0.0,-0.013303769401330379,0,1
2024-07-24,2024,24,25,8900.0,8610.0,0.0,0.0,-0.032584269662921383,0,1
2024-07-25,2024,23,24,9300.0,8900.0,253684.0,0.0,-0.043010752688172005,0,1
2024-07-25,2024,24,25,8900.0,8610.0,0.0,0.0,-0.032584269662921383,0,1
2024-07-26,2024,23,24,9200.0,8900.0,169621.0,0.0,-0.03260869565217395,0,1
2024-07-26,2024,24,25,8900.0,8610.0,0.0,0.0,-0.032584269662921383,0,1
2024-07-29,2024,23,24,9150.0,8900.0,151839.0,0.0,-0.02732240437158473,0,1
2024-07-29,2024,24,25,8900.0,8610.0,0.0,0.0,-0.032584269662921383,0,1
2024-07-30,2024,23,24,9150.0,8950.0,129864.0,0.0,-0.021857923497267784,0,1
2024-07-30,2024,24,25,8950.0,8610.0,0.0,0.0,-0.03798882681564242,0,1
2024-07-31,2024,23,24,9140.0,9000.0,175170.0,2000.0,-0.015317286652078765,1,1
2024-07-31,2024,24,25,9000.0,8610.0,2000.0,0.0,-0.043333333333333335,0,1
2024-08-01,2024,23,24,9150.0,9000.0,138329.0,0.0,-0.016393442622950838,0,1
2024-08-01,2024,24,25,9000.0,8610.0,0.0,0.0,-0.043333333333333335,0,1
2024-08-02,2024,23,24,9150.0,9000.0,157976.0,0.0,-0.016393442622950838,0,1
2024-08-02,2024,24,25,9000.0,8610.0,0.0,0.0,-0.043333333333333335,0,1
2024-08-05,2024,23,24,9150.0,9000.0,98858.0,0.0,-0.016393442622950838,0,1
2024-08-05,2024,24,25,9000.0,8610.0,0.0,0.0,-0.043333333333333335,0,1
2024-08-06,2024,23,24,9150.0,9000.0,288806.0,0.0,-0.016393442622950838,0,1
2024-08-06,2024,24,25,9000.0,8610.0,0.0,0.0,-0.043333333333333335,0,1
2024-08-07,2024,23,24,9150.0,9150.0,208670.0,0.0,0.0,0,1
2024-08-07,2024,24,25,9150.0,8610.0,0.0,0.0,-0.059016393442622994,0,1
2024-08-08,2024,23,24,9090.0,9150.0,150429.0,0.0,0.0066006600660066805,0,1
2024-08-08,2024,24,25,9150.0,8610.0,0.0,0.0,-0.059016393442622994,0,1
2024-08-09,2024,23,24,9130.0,9150.0,183916.0,0.0,0.0021905805038335835,0,1
2024-08-09,2024,24,25,9150.0,8610.0,0.0,0.0,-0.059016393442622994,0,1
2024-08-12,2024,23,24,9130.0,9150.0,228312.0,319.0,0.0021905805038335835,1,1
2024-08-12,2024,24,25,9150.0,8610.0,319.0,0.0,-0.059016393442622994,0,1
2024-08-13,2024,23,24,9120.0,9150.0,182027.0,0.0,0.00328947368421062,0,1
2024-08-13,2024,24,25,9150.0,8610.0,0.0,0.0,-0.059016393442622994,0,1
2024-08-14,2024,23,24,9100.0,9150.0,267751.0,0.0,0.005494505494505475,0,1
2024-08-14,2024,24,25,9150.0,8610.0,0.0,0.0,-0.059016393442622994,0,1
2024-08-16,2024,23,24,9200.0,9140.0,230403.0,0.0,-0.006521739130434745,0,1
2024-08-16,2024,24,25,9140.0,8610.0,0.0,0.0,-0.057986870897155374,0,1
2024-08-19,2024,23,24,9130.0,9140.0,160576.0,0.0,0.0010952902519167917,0,1
2024-08-19,2024,24,25,9140.0,8610.0,0.0,0.0,-0.057986870897155374,0,1
2024-08-20,2024,23,24,9100.0,9140.0,84491.0,0.0,0.00439560439560438,0,1
2024-08-20,2024,24,25,9140.0,8610.0,0.0,0.0,-0.057986870897155374,0,1
2024-08-21,2024,23,24,9200.0,9140.0,264105.0,0.0,-0.006521739130434745,0,1
2024-08-21,2024,24,25,9140.0,8610.0,0.0,0.0,-0.057986870897155374,0,1
2024-08-22,2024,23,24,9290.0,9250.0,104771.0,25681.0,-0.0043057050592034685,1,1
2024-08-22,2024,24,25,9250.0,8610.0,25681.0,0.0,-0.06918918918918915,0,1
2024-08-23,2024,23,24,9400.0,9250.0,103390.0,0.0,-0.015957446808510634,0,1
2024-08-23,2024,24,25,9250.0,8610.0,0.0,0.0,-0.06918918918918915,0,1
2024-08-26,2024,23,24,10300.0,9300.0,95079.0,1000.0,-0.09708737864077666,1,1
2024-08-26,2024,24,25,9300.0,8610.0,1000.0,0.0,-0.0741935483870968,0,1
2024-08-27,2024,23,24,11300.0,9500.0,283825.0,0.0,-0.15929203539823011,0,1
2024-08-27,2024,24,25,9500.0,8610.0,0.0,0.0,-0.09368421052631581,0,1
2024-08-28,2024,23,24,10450.0,9700.0,239962.0,5000.0,-0.0717703349282297,1,1
2024-08-28,2024,24,25,9700.0,8610.0,5000.0,0.0,-0.1123711340206186,0,1
2024-08-29,2024,23,24,9970.0,9700.0,80292.0,0.0,-0.027081243731193583,0,1
2024-08-29,2024,24,25,9700.0,8610.0,0.0,0.0,-0.1123711340206186,0,1
2024-08-30,2024,23,24,9950.0,9700.0,124095.0,0.0,-0.025125628140703515,0,1
2024-08-30,2024,24,25,9700.0,8610.0,0.0,0.0,-0.1123711340206186,0,1
2024-09-02,2024,23,24,9950.0,9700.0,0.0,12600.0,-0.025125628140703515,0,1
2024-09-02,2024,24,25,9700.0,9700.0,12600.0,0.0,0.0,0,1
2024-09-03,2024,23,24,9950.0,9890.0,0.0,52000.0,-0.0060301507537688925,0,1
2024-09-03,2024,24,25,9890.0,9700.0,52000.0,0.0,-0.01921132457027297,0,1
2024-09-04,2024,24,25,9800.0,9700.0,140360.0,0.0,-0.010204081632653073,0,1
2024-09-05,2024,24,25,9600.0,9700.0,9812.0,0.0,0.01041666666666674,0,1
2024-09-06,2024,24,25,9600.0,9700.0,16000.0,0.0,0.01041666666666674,0,1
2024-09-09,2024,24,25,9600.0,9700.0,10669.0,0.0,0.01041666666666674,0,1
2024-09-10,2024,24,25,9600.0,9700.0,6000.0,0.0,0.01041666666666674,0,1
2024-09-11,2024,24,25,9580.0,9700.0,18000.0,0.0,0.012526096033402823,0,1
2024-09-12,2024,24,25,9700.0,9700.0,215500.0,0.0,0.0,0,1
2024-09-13,2024,24,25,9990.0,9700.0,121500.0,0.0,-0.02902902902902904,0,1
2024-09-19,2024,24,25,9990.0,9700.0,104000.0,0.0,-0.02902902902902904,0,1
2024-09-20,2024,24,25,9990.0,9700.0,78302.0,0.0,-0.02902902902902904,0,1
2024-09-23,2024,24,25,9960.0,9700.0,104032.0,0.0,-0.026104417670682722,0,1
2024-09-24,2024,24,25,9800.0,9700.0,72501.0,0.0,-0.010204081632653073,0,1
2024-09-25,2024,24,25,9860.0,9700.0,51000.0,0.0,-0.016227180527383367,0,1
2024-09-26,2024,24,25,10000.0,9700.0,140000.0,0.0,-0.030000000000000027,0,1
2024-09-27,2024,24,25,9990.0,9700.0,112521.0,0.0,-0.02902902902902904,0,1
2024-09-30,2024,24,25,9950.0,9700.0,133000.0,0.0,-0.025125628140703515,0,1
2024-10-02,2024,24,25,9930.0,9700.0,61500.0,0.0,-0.023162134944612278,0,1
2024-10-04,2024,24,25,10100.0,9700.0,61339.0,0.0,-0.03960396039603964,0,1
2024-10-07,2024,24,25,10050.0,9700.0,37690.0,0.0,-0.03482587064676612,0,1
2024-10-08,2024,24,25,10100.0,9700.0,27042.0,0.0,-0.03960396039603964,0,1
2024-10-10,2024,24,25,10150.0,9700.0,38100.0,0.0,-0.044334975369458074,0,1
2024-10-11,2024,24,25,10200.0,9700.0,41550.0,0.0,-0.0490196078431373,0,1
2024-10-14,2024,24,25,10300.0,9700.0,118200.0,0.0,-0.058252427184465994,0,1
2024-10-15,2024,24,25,10950.0,9700.0,83021.0,0.0,-0.11415525114155256,0,1
2024-10-16,2024,24,25,10750.0,9700.0,153000.0,0.0,-0.0976744186046512,0,1
2024-10-17,2024,24,25,10900.0,9700.0,148799.0,0.0,-0.11009174311926606,0,1
2024-10-18,2024,24,25,10900.0,9700.0,151921.0,0.0,-0.11009174311926606,0,1
2024-10-21,2024,24,25,10950.0,9700.0,249000.0,0.0,-0.11415525114155256,0,1
2024-10-22,2024,24,25,10950.0,9700.0,345700.0,0.0,-0.11415525114155256,0,1
2024-10-23,2024,24,25,10950.0,9700.0,277000.0,0.0,-0.11415525114155256,0,1
2024-10-24,2024,24,25,11250.0,9700.0,429000.0,0.0,-0.13777777777777778,0,1
2024-10-25,2024,24,25,11350.0,9700.0,121714.0,0.0,-0.14537444933920707,0,1
2024-10-28,2024,24,25,11550.0,9700.0,147500.0,0.0,-0.1601731601731602,0,1
2024-10-29,2024,24,25,11950.0,9700.0,296469.0,0.0,-0.18828451882845187,0,1
2024-10-30,2024,24,25,12500.0,9700.0,170200.0,0.0,-0.22399999999999998,0,1
2024-10-31,2024,24,25,12550.0,9700.0,181500.0,0.0,-0.22709163346613548,0,1
2024-11-01,2024,24,25,12100.0,12550.0,167073.0,0.0,0.037190082644628086,0,1
2024-11-04,2024,24,25,11950.0,12550.0,64650.0,0.0,0.05020920502092041,0,1
2024-11-05,2024,24,25,11900.0,12550.0,66385.0,0.0,0.054621848739495826,0,1
2024-11-06,2024,24,25,12000.0,12550.0,180700.0,0.0,0.04583333333333339,0,1
2024-11-07,2024,24,25,12000.0,12550.0,197415.0,0.0,0.04583333333333339,0,1
2024-11-08,2024,24,25,12050.0,12550.0,226800.0,0.0,0.04149377593361003,0,1
2024-11-11,2024,24,25,11950.0,12550.0,154853.0,0.0,0.05020920502092041,0,1
2024-11-12,2024,24,25,11450.0,12550.0,417500.0,0.0,0.09606986899563319,0,1
2024-11-13,2024,24,25,11450.0,12550.0,386702.0,0.0,0.09606986899563319,0,1
2024-11-14,2024,24,25,11700.0,12550.0,75000.0,0.0,0.07264957264957261,0,1
2024-11-15,2024,24,25,11750.0,12550.0,113200.0,0.0,0.06808510638297882,0,1
2024-11-18,2024,24,25,11650.0,12550.0,126949.0,0.0,0.07725321888412018,0,1
2024-11-19,2024,24,25,11600.0,12550.0,55600.0,0.0,0.0818965517241379,0,1
2024-11-20,2024,24,25,11500.0,12550.0,184600.0,0.0,0.09130434782608687,0,1
2024-11-21,2024,24,25,11400.0,12550.0,131500.0,0.0,0.10087719298245612,0,1
2024-11-22,2024,24,25,11300.0,12550.0,131600.0,0.0,0.11061946902654873,0,1
2024-11-25,2024,24,25,11250.0,12550.0,191971.0,0.0,0.11555555555555563,0,1
2024-11-26,2024,24,25,11000.0,12550.0,247700.0,0.0,0.14090909090909087,0,1
2024-11-27,2024,24,25,11100.0,12550.0,228401.0,0.0,0.13063063063063063,0,1
2024-11-28,2024,24,25,10700.0,12550.0,149002.0,0.0,0.17289719626168232,0,1
2024-11-29,2024,24,25,11400.0,12550.0,274300.0,0.0,0.10087719298245612,0,1
2024-12-02,2024,24,25,11100.0,11400.0,30169.0,0.0,0.027027027027026973,0,1
2024-12-03,2024,24,25,11000.0,11400.0,131000.0,0.0,0.036363636363636376,0,1
2024-12-04,2024,24,25,11000.0,11400.0,159500.0,0.0,0.036363636363636376,0,1
2024-12-05,2024,24,25,10700.0,11400.0,104200.0,0.0,0.06542056074766345,0,1
2024-12-06,2024,24,25,10600.0,11400.0,89000.0,0.0,0.07547169811320753,0,1
2024-12-09,2024,24,25,10450.0,11400.0,171000.0,0.0,0.09090909090909083,0,1
2024-12-10,2024,24,25,10400.0,11400.0,157512.0,0.0,0.09615384615384626,0,1
2024-12-11,2024,24,25,10400.0,11400.0,300500.0,0.0,0.09615384615384626,0,1
2024-12-12,2024,24,25,10100.0,11400.0,185138.0,0.0,0.1287128712871286,0,1
2024-12-13,2024,24,25,10000.0,11400.0,81001.0,0.0,0.1399999999999999,0,1
2024-12-16,2024,24,25,9950.0,11400.0,120269.0,0.0,0.14572864321608048,0,1
2024-12-17,2024,24,25,9850.0,11400.0,176670.0,0.0,0.15736040609137047,0,1
2024-12-18,2024,24,25,9700.0,11400.0,108219.0,0.0,0.17525773195876293,0,1
2024-12-19,2024,24,25,9140.0,11400.0,449223.0,0.0,0.24726477024070026,0,1
2024-12-20,2024,24,25,9970.0,11400.0,7637141.0,0.0,0.14343029087261794,0,1
2024-12-23,2024,24,25,9350.0,11400.0,6375264.0,0.0,0.2192513368983957,0,1
2024-12-24,2024,24,25,8890.0,11400.0,3678896.0,0.0,0.2823397075365579,0,1
2024-12-26,2024,24,25,8400.0,11400.0,2797740.0,0.0,0.3571428571428572,0,1
2024-12-27,2024,24,25,9200.0,11400.0,3811907.0,0.0,0.23913043478260865,0,1
2024-12-30,2024,24,25,9490.0,11400.0,3391121.0,0.0,0.2012644889357218,0,1
2025-01-02,2025,24,25,9280.0,9490.0,859512.0,0.0,0.022629310344827624,0,1
2025-01-03,2025,24,25,9150.0,9490.0,2615183.0,0.0,0.0371584699453551,0,1
2025-01-06,2025,24,25,9300.0,9490.0,1323170.0,0.0,0.02043010752688179,0,1
2025-01-07,2025,24,25,9320.0,9490.0,6250003.0,0.0,0.018240343347639465,0,1
2025-01-08,2025,24,25,9340.0,9490.0,30500.0,0.0,0.016059957173447437,0,1
2025-01-09,2025,24,25,9390.0,9490.0,40771.0,0.0,0.010649627263045858,0,1
2025-01-10,2025,24,25,9390.0,9490.0,26000.0,0.0,0.010649627263045858,0,1
2025-01-13,2025,24,25,9400.0,9490.0,52500.0,0.0,0.009574468085106425,0,1
2025-01-14,2025,24,25,9390.0,9490.0,35170.0,0.0,0.010649627263045858,0,1
2025-01-15,2025,24,25,9440.0,9490.0,19500.0,0.0,0.005296610169491567,0,1
2025-01-16,2025,24,25,9410.0,9490.0,37000.0,0.0,0.008501594048884176,0,1
2025-01-17,2025,24,25,9390.0,9490.0,33108.0,0.0,0.010649627263045858,0,1
2025-01-20,2025,24,25,9380.0,9490.0,36600.0,0.0,0.011727078891258014,0,1
2025-01-21,2025,24,25,9400.0,9490.0,41606.0,0.0,0.009574468085106425,0,1
2025-01-22,2025,24,25,9380.0,9490.0,39737.0,0.0,0.011727078891258014,0,1
2025-01-23,2025,24,25,9380.0,9490.0,35100.0,0.0,0.011727078891258014,0,1
2025-01-24,2025,24,25,9500.0,9490.0,67400.0,0.0,-0.001052631578947416,0,1
2025-01-31,2025,24,25,9650.0,9490.0,27607.0,0.0,-0.016580310880829008,0,1
2025-02-03,2025,24,25,9600.0,9490.0,19706.0,0.0,-0.011458333333333348,0,1
2025-02-04,2025,24,25,9600.0,9490.0,37101.0,0.0,-0.011458333333333348,0,1
2025-02-05,2025,24,25,9640.0,9490.0,127997.0,0.0,-0.01556016597510368,0,1
2025-02-06,2025,24,25,9630.0,9490.0,29501.0,0.0,-0.014537902388369717,0,1
2025-02-07,2025,24,25,9650.0,9490.0,50706.0,0.0,-0.016580310880829008,0,1
2025-02-10,2025,24,25,9670.0,9490.0,22901.0,0.0,-0.018614270941054833,0,1
2025-02-11,2025,24,25,9690.0,9490.0,28500.0,0.0,-0.02063983488132093,0,1
2025-02-12,2025,24,25,9680.0,9490.0,28400.0,0.0,-0.01962809917355368,0,1
2025-02-13,2025,24,25,9670.0,9490.0,24367.0,0.0,-0.018614270941054833,0,1
2025-02-14,2025,24,25,9630.0,9490.0,63600.0,0.0,-0.014537902388369717,0,1
2025-02-17,2025,24,25,9620.0,9490.0,56050.0,0.0,-0.013513513513513487,0,1
2025-02-18,2025,24,25,9600.0,9490.0,62312.0,0.0,-0.011458333333333348,0,1
2025-02-19,2025,24,25,9600.0,9490.0,59900.0,0.0,-0.011458333333333348,0,1
2025-02-20,2025,24,25,9590.0,9490.0,52393.0,0.0,-0.010427528675703845,0,1
2025-02-21,2025,24,25,9560.0,9490.0,47600.0,0.0,-0.007322175732217606,0,1
2025-02-24,2025,24,25,9540.0,9490.0,50051.0,0.0,-0.00524109014675056,0,1
2025-02-25,2025,24,25,9490.0,9490.0,53625.0,0.0,0.0,0,1
2025-02-26,2025,24,25,9490.0,9490.0,160874.0,0.0,0.0,0,1
2025-02-27,2025,24,25,9450.0,9490.0,96700.0,0.0,0.004232804232804144,0,1
2025-02-28,2025,24,25,9490.0,9490.0,87200.0,0.0,0.0,0,1
2025-03-04,2025,24,25,9470.0,9490.0,39500.0,0.0,0.002111932418162654,0,1
2025-03-05,2025,24,25,9470.0,9490.0,122800.0,0.0,0.002111932418162654,0,1
2025-03-06,2025,24,25,9300.0,9490.0,141090.0,0.0,0.02043010752688179,0,1
2025-03-07,2025,24,25,9230.0,9490.0,15000.0,0.0,0.028169014084507005,0,1
2025-03-10,2025,24,25,9180.0,9490.0,24000.0,0.0,0.03376906318082784,0,1
2025-03-11,2025,24,25,9160.0,9490.0,36454.0,0.0,0.0360262008733625,0,1
2025-03-12,2025,24,25,9150.0,9490.0,18414.0,0.0,0.0371584699453551,0,1
2025-03-13,2025,24,25,9040.0,9490.0,39803.0,0.0,0.0497787610619469,0,1
2025-03-14,2025,24,25,9000.0,9490.0,53013.0,0.0,0.05444444444444452,0,1
2025-03-17,2025,24,25,8980.0,9490.0,30250.0,0.0,0.056792873051225046,0,1
2025-03-18,2025,24,25,8910.0,9490.0,104940.0,0.0,0.06509539842873169,0,1
2025-03-19,2025,24,25,8850.0,9490.0,77700.0,0.0,0.072316384180791,0,1
2025-03-20,2025,24,25,8780.0,9490.0,86571.0,0.0,0.0808656036446469,0,1
2025-03-21,2025,24,25,8680.0,9490.0,53837.0,0.0,0.09331797235023043,0,1
2025-03-24,2025,24,25,8630.0,9490.0,81566.0,0.0,0.09965237543453065,0,1
2025-03-25,2025,24,25,8800.0,9490.0,237203.0,0.0,0.07840909090909087,0,1
2025-03-26,2025,24,25,9040.0,9490.0,151272.0,0.0,0.0497787610619469,0,1
2025-03-27,2025,24,25,8980.0,9490.0,90400.0,0.0,0.056792873051225046,0,1
2025-03-28,2025,24,25,8980.0,9490.0,157747.0,0.0,0.056792873051225046,0,1
2025-03-31,2025,24,25,9010.0,9490.0,237668.0,0.0,0.05327413984461704,0,1
2025-04-01,2025,24,25,8980.0,9490.0,31122.0,0.0,0.056792873051225046,0,1
2025-04-02,2025,24,25,8880.0,9490.0,53211.0,0.0,0.06869369369369371,0,1
2025-04-03,2025,24,25,8740.0,9490.0,82811.0,0.0,0.08581235697940492,0,1
2025-04-04,2025,24,25,8800.0,9490.0,180611.0,0.0,0.07840909090909087,0,1
2025-04-07,2025,24,25,8770.0,9490.0,48770.0,0.0,0.08209806157354627,0,1
2025-04-08,2025,24,25,8700.0,9490.0,77639.0,0.0,0.09080459770114935,0,1
2025-04-09,2025,24,25,8660.0,9490.0,131641.0,0.0,0.09584295612009242,0,1
2025-04-10,2025,24,25,8660.0,9490.0,52938.0,0.0,0.09584295612009242,0,1
2025-04-11,2025,24,25,8790.0,9490.0,51206.0,0.0,0.07963594994311718,0,1
2025-04-14,2025,24,25,8770.0,9490.0,32490.0,0.0,0.08209806157354627,0,1
2025-04-15,2025,24,25,8740.0,9490.0,51832.0,0.0,0.08581235697940492,0,1
2025-04-16,2025,24,25,8720.0,9490.0,109861.0,0.0,0.08830275229357798,0,1
2025-04-17,2025,24,25,8710.0,9490.0,79968.0,0.0,0.08955223880597019,0,1
2025-04-18,2025,24,25,8710.0,9490.0,44899.0,0.0,0.08955223880597019,0,1
2025-04-21,2025,24,25,8670.0,9490.0,72802.0,0.0,0.0945790080738178,0,1
2025-04-22,2025,24,25,8710.0,9490.0,117388.0,0.0,0.08955223880597019,0,1
2025-04-23,2025,24,25,8700.0,9490.0,70946.0,0.0,0.09080459770114935,0,1
2025-04-24,2025,24,25,8720.0,9490.0,196147.0,0.0,0.08830275229357798,0,1
2025-04-25,2025,24,25,8730.0,9490.0,83663.0,0.0,0.08705612829324161,0,1
2025-04-28,2025,24,25,8760.0,9490.0,112710.0,0.0,0.08333333333333326,0,1
2025-04-29,2025,24,25,8790.0,9490.0,163673.0,0.0,0.07963594994311718,0,1
2025-04-30,2025,24,25,8790.0,9490.0,81474.0,0.0,0.07963594994311718,0,1
2025-05-02,2025,24,25,8800.0,9490.0,25109.0,0.0,0.07840909090909087,0,1
2025-05-07,2025,24,25,8770.0,9490.0,37804.0,0.0,0.08209806157354627,0,1
2025-05-08,2025,24,25,8760.0,9490.0,102044.0,0.0,0.08333333333333326,0,1
2025-05-09,2025,24,25,8800.0,9490.0,88696.0,0.0,0.07840909090909087,0,1
2025-05-12,2025,24,25,8810.0,9490.0,70784.0,0.0,0.0771850170261068,0,1
2025-05-13,2025,24,25,8900.0,9490.0,109102.0,0.0,0.06629213483146068,0,1
2025-05-14,2025,24,25,8910.0,9490.0,127148.0,0.0,0.06509539842873169,0,1
2025-05-15,2025,24,25,8910.0,9490.0,114832.0,0.0,0.06509539842873169,0,1
2025-05-16,2025,24,25,8910.0,9490.0,53650.0,0.0,0.06509539842873169,0,1
2025-05-19,2025,24,25,8920.0,9490.0,91871.0,0.0,0.06390134529147984,0,1
2025-05-20,2025,24,25,8940.0,9490.0,162134.0,0.0,0.06152125279642062,0,1
2025-05-21,2025,24,25,8950.0,9490.0,84638.0,0.0,0.060335195530726304,0,1
2025-05-22,2025,24,25,8950.0,9490.0,118649.0,0.0,0.060335195530726304,0,1
2025-05-23,2025,24,25,8950.0,9490.0,53523.0,0.0,0.060335195530726304,0,1
2025-05-26,2025,24,25,8950.0,9490.0,95798.0,0.0,0.060335195530726304,0,1
2025-05-27,2025,24,25,8950.0,9490.0,64820.0,0.0,0.060335195530726304,0,1
2025-05-28,2025,24,25,8960.0,9490.0,297396.0,0.0,0.05915178571428581,0,1
2025-05-29,2025,24,25,8960.0,9490.0,123435.0,0.0,0.05915178571428581,0,1
2025-05-30,2025,24,25,8940.0,9490.0,606669.0,0.0,0.06152125279642062,0,1
2025-06-02,2025,24,25,8900.0,9490.0,16107.0,0.0,0.06629213483146068,0,1
2025-06-04,2025,24,25,8860.0,8860.0,32138.0,0.0,0.0,0,1
2025-06-05,2025,24,25,8830.0,8860.0,51416.0,0.0,0.003397508493771184,0,1
2025-06-09,2025,24,25,8830.0,8860.0,121319.0,0.0,0.003397508493771184,0,1
2025-06-10,2025,24,25,8790.0,8860.0,164988.0,0.0,0.007963594994311762,0,1
2025-06-11,2025,24,25,8730.0,8860.0,65237.0,0.0,0.014891179839633395,0,1
2025-06-12,2025,24,25,8770.0,8860.0,143017.0,0.0,0.010262257696693311,0,1
2025-06-13,2025,24,25,8830.0,8860.0,148508.0,0.0,0.003397508493771184,0,1
2025-06-16,2025,24,25,8820.0,8860.0,87552.0,0.0,0.0045351473922903285,0,1
2025-06-17,2025,24,25,8810.0,8860.0,92357.0,0.0,0.00567536889897835,0,1
2025-06-18,2025,24,25,8820.0,8860.0,245354.0,0.0,0.0045351473922903285,0,1
2025-06-19,2025,24,25,8840.0,8860.0,217824.0,0.0,0.002262443438914019,0,1
2025-06-20,2025,24,25,8830.0,8860.0,198885.0,0.0,0.003397508493771184,0,1
2025-06-23,2025,24,25,8820.0,8860.0,156940.0,0.0,0.0045351473922903285,0,1
2025-06-24,2025,24,25,8790.0,8860.0,311803.0,0.0,0.007963594994311762,0,1
2025-06-25,2025,24,25,8710.0,8860.0,314100.0,0.0,0.01722158438576349,0,1
2025-06-26,2025,24,25,8670.0,8860.0,388237.0,0.0,0.021914648212226107,0,1
2025-06-27,2025,24,25,8680.0,8860.0,370112.0,0.0,0.02073732718894017,0,1
2025-06-30,2025,24,25,8700.0,8860.0,251034.0,0.0,0.01839080459770126,0,1
2025-07-01,2025,24,25,8600.0,8860.0,106241.0,0.0,0.03023255813953485,0,1
2025-07-02,2025,24,25,8520.0,8950.0,196692.0,0.0,0.05046948356807501,0,1
2025-07-03,2025,24,25,8480.0,8900.0,158084.0,2200.0,0.04952830188679247,1,1
2025-07-04,2025,24,25,8400.0,8800.0,169984.0,5720.0,0.04761904761904767,1,1
2025-07-07,2025,24,25,8170.0,8800.0,241016.0,0.0,0.07711138310893517,0,1
2025-07-08,2025,24,25,8130.0,8700.0,196602.0,0.0,0.07011070110701101,0,1
2025-07-09,2025,24,25,8140.0,8700.0,237963.0,0.0,0.0687960687960687,0,1
2025-07-10,2025,24,25,8650.0,8700.0,300310.0,0.0,0.005780346820809301,0,1
2025-07-11,2025,24,25,8600.0,8700.0,198391.0,0.0,0.011627906976744207,0,1
2025-07-14,2025,24,25,8600.0,8700.0,190620.0,0.0,0.011627906976744207,0,1
2025-07-15,2025,24,25,8600.0,8700.0,278399.0,0.0,0.011627906976744207,0,1
2025-07-16,2025,24,25,8600.0,8700.0,257497.0,0.0,0.011627906976744207,0,1
2025-07-17,2025,24,25,8600.0,8690.0,238697.0,20000.0,0.010465116279069875,1,1
2025-07-18,2025,24,25,8660.0,8650.0,176032.0,8500.0,-0.0011547344110854896,1,1
2025-07-21,2025,24,25,8800.0,8650.0,189564.0,20000.0,-0.017045454545454586,1,1
2025-07-22,2025,24,25,8880.0,8650.0,214244.0,30000.0,-0.025900900900900914,1,1
2025-07-23,2025,24,25,8860.0,8650.0,93451.0,0.0,-0.023702031602708784,0,1
2025-07-24,2025,24,25,8820.0,8650.0,181915.0,0.0,-0.019274376417233507,0,1
2025-07-25,2025,24,25,8800.0,8670.0,194073.0,0.0,-0.01477272727272727,0,1
2025-07-28,2025,24,25,8750.0,8670.0,94019.0,0.0,-0.00914285714285712,0,1
2025-07-29,2025,24,25,8630.0,8670.0,141253.0,0.0,0.004634994206257348,0,1
2025-07-30,2025,24,25,8410.0,8670.0,138590.0,0.0,0.030915576694411362,0,1
2025-07-31,2025,24,25,8420.0,8670.0,361454.0,5000.0,0.029691211401425166,1,1
2025-08-01,2025,24,25,8380.0,8670.0,44952.0,0.0,0.034606205250596656,0,1
2025-08-04,2025,24,25,8430.0,8650.0,141529.0,5773.0,0.02609727164887299,1,1
2025-08-05,2025,24,25,8540.0,8600.0,150375.0,8870.0,0.007025761124121788,1,1
2025-08-06,2025,24,25,8500.0,8600.0,176292.0,0.0,0.0117647058823529,0,1
2025-08-07,2025,24,25,8410.0,8600.0,86922.0,0.0,0.022592152199762294,0,1
2025-08-08,2025,24,25,8300.0,8600.0,114449.0,0.0,0.03614457831325302,0,1
2025-08-11,2025,24,25,8310.0,8600.0,179964.0,0.0,0.03489771359807459,0,1
2025-08-12,2025,24,25,8280.0,8600.0,199775.0,0.0,0.03864734299516903,0,1
2025-08-13,2025,24,25,8240.0,8600.0,330428.0,0.0,0.043689320388349495,0,1
2025-08-14,2025,24,25,8480.0,8600.0,389775.0,10000.0,0.014150943396226356,1,1
2025-08-18,2025,24,25,8450.0,8600.0,631445.0,0.0,0.01775147928994092,0,1
2025-08-19,2025,24,25,8390.0,8600.0,742782.0,0.0,0.025029797377830842,0,1
2025-08-20,2025,24,25,8400.0,8600.0,463497.0,12000.0,0.023809523809523725,1,1
2025-08-21,2025,24,25,8450.0,8600.0,432453.0,0.0,0.01775147928994092,0,1
2025-08-22,2025,24,25,8550.0,8580.0,429966.0,0.0,0.0035087719298245723,0,1
2025-08-25,2025,24,25,8650.0,8600.0,488222.0,25000.0,-0.005780346820809301,1,1
2025-08-26,2025,24,25,8670.0,8600.0,679491.0,46000.0,-0.008073817762399127,1,1
2025-08-27,2025,24,25,9520.0,8950.0,363204.0,24500.0,-0.05987394957983194,1,1
2025-08-28,2025,24,25,9100.0,8590.0,286988.0,4163.0,-0.05604395604395607,1,1
2025-08-29,2025,24,25,9490.0,8800.0,337084.0,28260.0,-0.07270811380400422,1,1
2025-09-01,2025,24,25,9490.0,9300.0,0.0,178600.0,-0.02002107481559534,0,1
2026-01-02,2026,25,26,10300.0,10400.0,9000.0,0.0,0.009708737864077666,0,1
2026-01-02,2026,26,27,10400.0,10400.0,0.0,0.0,0.0,0,1
2026-01-02,2026,27,28,10400.0,10400.0,0.0,0.0,0.0,0,1
2026-01-02,2026,28,29,10400.0,10400.0,0.0,0.0,0.0,0,1
2026-01-02,2026,29,30,10400.0,10400.0,0.0,0.0,0.0,0,1
2026-01-05,2026,25,26,10350.0,10400.0,22111.0,0.0,0.004830917874396157,0,1
2026-01-05,2026,26,27,10400.0,10400.0,0.0,0.0,0.0,0,1
2026-01-05,2026,27,28,10400.0,10400.0,0.0,0.0,0.0,0,1
2026-01-05,2026,28,29,10400.0,10400.0,0.0,0.0,0.0,0,1
2026-01-05,2026,29,30,10400.0,10400.0,0.0,0.0,0.0,0,1
2026-01-06,2026,25,26,10250.0,10400.0,21527.0,0.0,0.014634146341463428,0,1
2026-01-06,2026,26,27,10400.0,10400.0,0.0,0.0,0.0,0,1
2026-01-06,2026,27,28,10400.0,10400.0,0.0,0.0,0.0,0,1
2026-01-06,2026,28,29,10400.0,10400.0,0.0,0.0,0.0,0,1
2026-01-06,2026,29,30,10400.0,10400.0,0.0,0.0,0.0,0,1
2026-01-07,2026,25,26,10300.0,10400.0,13887.0,0.0,0.009708737864077666,0,1
2026-01-07,2026,26,27,10400.0,10400.0,0.0,0.0,0.0,0,1
2026-01-07,2026,27,28,10400.0,10400.0,0.0,0.0,0.0,0,1
2026-01-07,2026,28,29,10400.0,10400.0,0.0,0.0,0.0,0,1
2026-01-07,2026,29,30,10400.0,10400.0,0.0,0.0,0.0,0,1
2026-01-08,2026,25,26,10350.0,10400.0,78474.0,0.0,0.004830917874396157,0,1
2026-01-08,2026,26,27,10400.0,10400.0,0.0,0.0,0.0,0,1
2026-01-08,2026,27,28,10400.0,10400.0,0.0,0.0,0.0,0,1
2026-01-08,2026,28,29,10400.0,10400.0,0.0,0.0,0.0,0,1
2026-01-08,2026,29,30,10400.0,10400.0,0.0,0.0,0.0,0,1
2026-01-09,2026,25,26,10350.0,10400.0,91244.0,0.0,0.004830917874396157,0,1
2026-01-09,2026,26,27,10400.0,10400.0,0.0,0.0,0.0,0,1
2026-01-09,2026,27,28,10400.0,10400.0,0.0,0.0,0.0,0,1
2026-01-09,2026,28,29,10400.0,10400.0,0.0,0.0,0.0,0,1
2026-01-09,2026,29,30,10400.0,10400.0,0.0,0.0,0.0,0,1
2026-01-12,2026,25,26,10500.0,10400.0,61411.0,0.0,-0.00952380952380949,0,1
2026-01-12,2026,26,27,10400.0,10400.0,0.0,0.0,0.0,0,1
2026-01-12,2026,27,28,10400.0,10400.0,0.0,0.0,0.0,0,1
2026-01-12,2026,28,29,10400.0,10400.0,0.0,0.0,0.0,0,1
2026-01-12,2026,29,30,10400.0,10400.0,0.0,0.0,0.0,0,1
2026-01-13,2026,25,26,10600.0,10400.0,191975.0,0.0,-0.018867924528301883,0,1
2026-01-13,2026,26,27,10400.0,10400.0,0.0,0.0,0.0,0,1
2026-01-13,2026,27,28,10400.0,10400.0,0.0,0.0,0.0,0,1
2026-01-13,2026,28,29,10400.0,10400.0,0.0,0.0,0.0,0,1
2026-01-13,2026,29,30,10400.0,10400.0,0.0,0.0,0.0,0,1
2026-01-14,2026,25,26,10650.0,10400.0,120255.0,0.0,-0.023474178403755874,0,1
2026-01-14,2026,26,27,10400.0,10400.0,0.0,0.0,0.0,0,1
2026-01-14,2026,27,28,10400.0,10400.0,0.0,0.0,0.0,0,1
2026-01-14,2026,28,29,10400.0,10400.0,0.0,0.0,0.0,0,1
2026-01-14,2026,29,30,10400.0,10400.0,0.0,0.0,0.0,0,1
2026-01-15,2026,25,26,10800.0,10400.0,198947.0,0.0,-0.03703703703703709,0,1
2026-01-15,2026,26,27,10400.0,10400.0,0.0,0.0,0.0,0,1
2026-01-15,2026,27,28,10400.0,10400.0,0.0,0.0,0.0,0,1
2026-01-15,2026,28,29,10400.0,10400.0,0.0,0.0,0.0,0,1
2026-01-15,2026,29,30,10400.0,10400.0,0.0,0.0,0.0,0,1
2026-01-16,2026,25,26,10700.0,10400.0,71567.0,0.0,-0.028037383177570097,0,1
2026-01-16,2026,26,27,10400.0,10400.0,0.0,0.0,0.0,0,1
2026-01-16,2026,27,28,10400.0,10400.0,0.0,0.0,0.0,0,1
2026-01-16,2026,28,29,10400.0,10400.0,0.0,0.0,0.0,0,1
2026-01-16,2026,29,30,10400.0,10400.0,0.0,0.0,0.0,0,1
2026-01-19,2026,25,26,10750.0,10400.0,84104.0,0.0,-0.032558139534883734,0,1
2026-01-19,2026,26,27,10400.0,10400.0,0.0,0.0,0.0,0,1
2026-01-19,2026,27,28,10400.0,10400.0,0.0,0.0,0.0,0,1
2026-01-19,2026,28,29,10400.0,10400.0,0.0,0.0,0.0,0,1
2026-01-19,2026,29,30,10400.0,10400.0,0.0,0.0,0.0,0,1
2026-01-20,2026,25,26,10900.0,10400.0,119127.0,0.0,-0.04587155963302747,0,1
2026-01-20,2026,26,27,10400.0,10400.0,0.0,0.0,0.0,0,1
2026-01-20,2026,27,28,10400.0,10400.0,0.0,0.0,0.0,0,1
2026-01-20,2026,28,29,10400.0,10400.0,0.0,0.0,0.0,0,1
2026-01-20,2026,29,30,10400.0,10400.0,0.0,0.0,0.0,0,1
2026-01-21,2026,25,26,11150.0,10400.0,273772.0,0.0,-0.06726457399103136,0,1
2026-01-21,2026,26,27,10400.0,10400.0,0.0,0.0,0.0,0,1
2026-01-21,2026,27,28,10400.0,10400.0,0.0,0.0,0.0,0,1
2026-01-21,2026,28,29,10400.0,10400.0,0.0,0.0,0.0,0,1
2026-01-21,2026,29,30,10400.0,10400.0,0.0,0.0,0.0,0,1
2026-01-22,2026,25,26,11300.0,10400.0,172232.0,0.0,-0.07964601769911506,0,1
2026-01-22,2026,26,27,10400.0,10400.0,0.0,0.0,0.0,0,1
2026-01-22,2026,27,28,10400.0,10400.0,0.0,0.0,0.0,0,1
2026-01-22,2026,28,29,10400.0,10400.0,0.0,0.0,0.0,0,1
2026-01-22,2026,29,30,10400.0,10400.0,0.0,0.0,0.0,0,1
2026-01-23,2026,25,26,11700.0,10400.0,204381.0,0.0,-0.11111111111111116,0,1
2026-01-23,2026,26,27,10400.0,10400.0,0.0,0.0,0.0,0,1
2026-01-23,2026,27,28,10400.0,10400.0,0.0,0.0,0.0,0,1
2026-01-23,2026,28,29,10400.0,10400.0,0.0,0.0,0.0,0,1
2026-01-23,2026,29,30,10400.0,10400.0,0.0,0.0,0.0,0,1
2026-01-26,2026,25,26,12700.0,10400.0,344467.0,0.0,-0.18110236220472442,0,1
2026-01-26,2026,26,27,10400.0,10400.0,0.0,0.0,0.0,0,1
2026-01-26,2026,27,28,10400.0,10400.0,0.0,0.0,0.0,0,1
2026-01-26,2026,28,29,10400.0,10400.0,0.0,0.0,0.0,0,1
2026-01-26,2026,29,30,10400.0,10400.0,0.0,0.0,0.0,0,1
2026-01-27,2026,25,26,12800.0,10400.0,145350.0,0.0,-0.1875,0,1
2026-01-27,2026,26,27,10400.0,10400.0,0.0,0.0,0.0,0,1
2026-01-27,2026,27,28,10400.0,10400.0,0.0,0.0,0.0,0,1
2026-01-27,2026,28,29,10400.0,10400.0,0.0,0.0,0.0,0,1
2026-01-27,2026,29,30,10400.0,10400.0,0.0,0.0,0.0,0,1
2026-01-28,2026,25,26,12850.0,10400.0,126356.0,0.0,-0.19066147859922178,0,1
2026-01-28,2026,26,27,10400.0,10400.0,0.0,0.0,0.0,0,1
2026-01-28,2026,27,28,10400.0,10400.0,0.0,0.0,0.0,0,1
2026-01-28,2026,28,29,10400.0,10400.0,0.0,0.0,0.0,0,1
2026-01-28,2026,29,30,10400.0,10400.0,0.0,0.0,0.0,0,1
2026-01-29,2026,25,26,12550.0,10400.0,219100.0,0.0,-0.17131474103585653,0,1
2026-01-29,2026,26,27,10400.0,10400.0,0.0,0.0,0.0,0,1
2026-01-29,2026,27,28,10400.0,10400.0,0.0,0.0,0.0,0,1
2026-01-29,2026,28,29,10400.0,10400.0,0.0,0.0,0.0,0,1
2026-01-29,2026,29,30,10400.0,10400.0,0.0,0.0,0.0,0,1
2026-01-30,2026,25,26,12400.0,10400.0,243650.0,0.0,-0.16129032258064513,0,1
2026-01-30,2026,26,27,10400.0,10400.0,0.0,0.0,0.0,0,1
2026-01-30,2026,27,28,10400.0,10400.0,0.0,0.0,0.0,0,1
2026-01-30,2026,28,29,10400.0,10400.0,0.0,0.0,0.0,0,1
2026-01-30,2026,29,30,10400.0,10400.0,0.0,0.0,0.0,0,1
2026-02-02,2026,25,26,12400.0,12400.0,119420.0,0.0,0.0,0,1
2026-02-02,2026,26,27,12400.0,12400.0,0.0,0.0,0.0,0,1
2026-02-02,2026,27,28,12400.0,12400.0,0.0,0.0,0.0,0,1
2026-02-02,2026,28,29,12400.0,12400.0,0.0,0.0,0.0,0,1
2026-02-02,2026,29,30,12400.0,12400.0,0.0,0.0,0.0,0,1
2026-02-03,2026,25,26,12300.0,12400.0,95300.0,0.0,0.008130081300812941,0,1
2026-02-03,2026,26,27,12400.0,12400.0,0.0,0.0,0.0,0,1
2026-02-03,2026,27,28,12400.0,12400.0,0.0,0.0,0.0,0,1
2026-02-03,2026,28,29,12400.0,12400.0,0.0,0.0,0.0,0,1
2026-02-03,2026,29,30,12400.0,12400.0,0.0,0.0,0.0,0,1
2026-02-04,2026,25,26,12300.0,12400.0,134170.0,0.0,0.008130081300812941,0,1
2026-02-04,2026,26,27,12400.0,12400.0,0.0,0.0,0.0,0,1
2026-02-04,2026,27,28,12400.0,12400.0,0.0,0.0,0.0,0,1
2026-02-04,2026,28,29,12400.0,12400.0,0.0,0.0,0.0,0,1
2026-02-04,2026,29,30,12400.0,12400.0,0.0,0.0,0.0,0,1
2026-02-05,2026,25,26,12150.0,12400.0,75000.0,0.0,0.020576131687242816,0,1
2026-02-05,2026,26,27,12400.0,12400.0,0.0,0.0,0.0,0,1
2026-02-05,2026,27,28,12400.0,12400.0,0.0,0.0,0.0,0,1
2026-02-05,2026,28,29,12400.0,12400.0,0.0,0.0,0.0,0,1
2026-02-05,2026,29,30,12400.0,12400.0,0.0,0.0,0.0,0,1
2026-02-06,2026,25,26,11950.0,12400.0,42745.0,0.0,0.03765690376569042,0,1
2026-02-06,2026,26,27,12400.0,12400.0,0.0,0.0,0.0,0,1
2026-02-06,2026,27,28,12400.0,12400.0,0.0,0.0,0.0,0,1
2026-02-06,2026,28,29,12400.0,12400.0,0.0,0.0,0.0,0,1
2026-02-06,2026,29,30,12400.0,12400.0,0.0,0.0,0.0,0,1
2026-02-09,2026,25,26,12000.0,12400.0,79700.0,0.0,0.03333333333333344,0,1
2026-02-09,2026,26,27,12400.0,12400.0,0.0,0.0,0.0,0,1
2026-02-09,2026,27,28,12400.0,12400.0,0.0,0.0,0.0,0,1
2026-02-09,2026,28,29,12400.0,12400.0,0.0,0.0,0.0,0,1
2026-02-09,2026,29,30,12400.0,12400.0,0.0,0.0,0.0,0,1
2026-02-10,2026,25,26,12100.0,12400.0,154417.0,0.0,0.024793388429751984,0,1
2026-02-10,2026,26,27,12400.0,12400.0,0.0,0.0,0.0,0,1
2026-02-10,2026,27,28,12400.0,12400.0,0.0,0.0,0.0,0,1
2026-02-10,2026,28,29,12400.0,12400.0,0.0,0.0,0.0,0,1
2026-02-10,2026,29,30,12400.0,12400.0,0.0,0.0,0.0,0,1
2026-02-11,2026,25,26,12100.0,12400.0,81217.0,0.0,0.024793388429751984,0,1
2026-02-11,2026,26,27,12400.0,12400.0,0.0,0.0,0.0,0,1
2026-02-11,2026,27,28,12400.0,12400.0,0.0,0.0,0.0,0,1
2026-02-11,2026,28,29,12400.0,12400.0,0.0,0.0,0.0,0,1
2026-02-11,2026,29,30,12400.0,12400.0,0.0,0.0,0.0,0,1
2026-02-12,2026,25,26,12750.0,12400.0,251613.0,0.0,-0.027450980392156876,0,1
2026-02-12,2026,26,27,12400.0,12400.0,0.0,0.0,0.0,0,1
2026-02-12,2026,27,28,12400.0,12400.0,0.0,0.0,0.0,0,1
2026-02-12,2026,28,29,12400.0,12400.0,0.0,0.0,0.0,0,1
2026-02-12,2026,29,30,12400.0,12400.0,0.0,0.0,0.0,0,1
2026-02-13,2026,25,26,12750.0,12400.0,233662.0,0.0,-0.027450980392156876,0,1
2026-02-13,2026,26,27,12400.0,12400.0,0.0,0.0,0.0,0,1
2026-02-13,2026,27,28,12400.0,12400.0,0.0,0.0,0.0,0,1
2026-02-13,2026,28,29,12400.0,12400.0,0.0,0.0,0.0,0,1
2026-02-13,2026,29,30,12400.0,12400.0,0.0,0.0,0.0,0,1
2026-02-19,2026,25,26,12850.0,12400.0,152470.0,0.0,-0.035019455252918275,0,1
2026-02-19,2026,26,27,12400.0,12400.0,0.0,0.0,0.0,0,1
2026-02-19,2026,27,28,12400.0,12400.0,0.0,0.0,0.0,0,1
2026-02-19,2026,28,29,12400.0,12400.0,0.0,0.0,0.0,0,1
2026-02-19,2026,29,30,12400.0,12400.0,0.0,0.0,0.0,0,1
2026-02-20,2026,25,26,12900.0,12400.0,64944.0,0.0,-0.03875968992248058,0,1
2026-02-20,2026,26,27,12400.0,12400.0,0.0,0.0,0.0,0,1
2026-02-20,2026,27,28,12400.0,12400.0,0.0,0.0,0.0,0,1
2026-02-20,2026,28,29,12400.0,12400.0,0.0,0.0,0.0,0,1
2026-02-20,2026,29,30,12400.0,12400.0,0.0,0.0,0.0,0,1
2026-02-23,2026,25,26,12900.0,12400.0,51045.0,0.0,-0.03875968992248058,0,1
2026-02-23,2026,26,27,12400.0,12400.0,0.0,0.0,0.0,0,1
2026-02-23,2026,27,28,12400.0,12400.0,0.0,0.0,0.0,0,1
2026-02-23,2026,28,29,12400.0,12400.0,0.0,0.0,0.0,0,1
2026-02-23,2026,29,30,12400.0,12400.0,0.0,0.0,0.0,0,1
2026-02-24,2026,25,26,13250.0,12400.0,118557.0,0.0,-0.0641509433962264,0,1
2026-02-24,2026,26,27,12400.0,12400.0,0.0,0.0,0.0,0,1
2026-02-24,2026,27,28,12400.0,12400.0,0.0,0.0,0.0,0,1
2026-02-24,2026,28,29,12400.0,12400.0,0.0,0.0,0.0,0,1
2026-02-24,2026,29,30,12400.0,12400.0,0.0,0.0,0.0,0,1
2026-02-25,2026,25,26,13250.0,12400.0,141201.0,0.0,-0.0641509433962264,0,1
2026-02-25,2026,26,27,12400.0,12400.0,0.0,0.0,0.0,0,1
2026-02-25,2026,27,28,12400.0,12400.0,0.0,0.0,0.0,0,1
2026-02-25,2026,28,29,12400.0,12400.0,0.0,0.0,0.0,0,1
2026-02-25,2026,29,30,12400.0,12400.0,0.0,0.0,0.0,0,1
2026-02-26,2026,25,26,13450.0,12400.0,133400.0,0.0,-0.0780669144981413,0,1
2026-02-26,2026,26,27,12400.0,12400.0,0.0,0.0,0.0,0,1
2026-02-26,2026,27,28,12400.0,12400.0,0.0,0.0,0.0,0,1
2026-02-26,2026,28,29,12400.0,12400.0,0.0,0.0,0.0,0,1
2026-02-26,2026,29,30,12400.0,12400.0,0.0,0.0,0.0,0,1
2026-02-27,2026,25,26,13750.0,12400.0,342734.0,0.0,-0.09818181818181815,0,1
2026-02-27,2026,26,27,12400.0,12400.0,0.0,0.0,0.0,0,1
2026-02-27,2026,27,28,12400.0,12400.0,0.0,0.0,0.0,0,1
2026-02-27,2026,28,29,12400.0,12400.0,0.0,0.0,0.0,0,1
2026-02-27,2026,29,30,12400.0,12400.0,0.0,0.0,0.0,0,1
2026-03-03,2026,25,26,13450.0,12400.0,246047.0,0.0,-0.0780669144981413,0,1
2026-03-03,2026,26,27,12400.0,12400.0,0.0,0.0,0.0,0,1
2026-03-03,2026,27,28,12400.0,12400.0,0.0,0.0,0.0,0,1
2026-03-03,2026,28,29,12400.0,12400.0,0.0,0.0,0.0,0,1
2026-03-03,2026,29,30,12400.0,12400.0,0.0,0.0,0.0,0,1
2026-03-04,2026,25,26,13500.0,12400.0,228030.0,0.0,-0.08148148148148149,0,1
2026-03-04,2026,26,27,12400.0,12400.0,0.0,0.0,0.0,0,1
2026-03-04,2026,27,28,12400.0,12400.0,0.0,0.0,0.0,0,1
2026-03-04,2026,28,29,12400.0,12400.0,0.0,0.0,0.0,0,1
2026-03-04,2026,29,30,12400.0,12400.0,0.0,0.0,0.0,0,1
2026-03-05,2026,25,26,13800.0,12400.0,249750.0,0.0,-0.10144927536231885,0,1
2026-03-05,2026,26,27,12400.0,12400.0,0.0,0.0,0.0,0,1
2026-03-05,2026,27,28,12400.0,12400.0,0.0,0.0,0.0,0,1
2026-03-05,2026,28,29,12400.0,12400.0,0.0,0.0,0.0,0,1
2026-03-05,2026,29,30,12400.0,12400.0,0.0,0.0,0.0,0,1
2026-03-06,2026,25,26,13900.0,12400.0,136161.0,0.0,-0.1079136690647482,0,1
2026-03-06,2026,26,27,12400.0,12400.0,0.0,0.0,0.0,0,1
2026-03-06,2026,27,28,12400.0,12400.0,0.0,0.0,0.0,0,1
2026-03-06,2026,28,29,12400.0,12400.0,0.0,0.0,0.0,0,1
2026-03-06,2026,29,30,12400.0,12400.0,0.0,0.0,0.0,0,1
2026-03-09,2026,25,26,13950.0,12400.0,142798.0,0.0,-0.11111111111111116,0,1
2026-03-09,2026,26,27,12400.0,12400.0,0.0,0.0,0.0,0,1
2026-03-09,2026,27,28,12400.0,12400.0,0.0,0.0,0.0,0,1
2026-03-09,2026,28,29,12400.0,12400.0,0.0,0.0,0.0,0,1
2026-03-09,2026,29,30,12400.0,12400.0,0.0,0.0,0.0,0,1
2026-03-10,2026,25,26,14250.0,12400.0,248915.0,0.0,-0.12982456140350873,0,1
2026-03-10,2026,26,27,12400.0,12400.0,0.0,0.0,0.0,0,1
2026-03-10,2026,27,28,12400.0,12400.0,0.0,0.0,0.0,0,1
2026-03-10,2026,28,29,12400.0,12400.0,0.0,0.0,0.0,0,1
2026-03-10,2026,29,30,12400.0,12400.0,0.0,0.0,0.0,0,1
2026-03-11,2026,25,26,14400.0,12400.0,113707.0,0.0,-0.13888888888888884,0,1
2026-03-11,2026,26,27,12400.0,12400.0,0.0,0.0,0.0,0,1
2026-03-11,2026,27,28,12400.0,12400.0,0.0,0.0,0.0,0,1
2026-03-11,2026,28,29,12400.0,12400.0,0.0,0.0,0.0,0,1
2026-03-11,2026,29,30,12400.0,12400.0,0.0,0.0,0.0,0,1
2026-03-12,2026,25,26,15150.0,12400.0,262323.0,0.0,-0.1815181518151815,0,1
2026-03-12,2026,26,27,12400.0,12400.0,0.0,0.0,0.0,0,1
2026-03-12,2026,27,28,12400.0,12400.0,0.0,0.0,0.0,0,1
2026-03-12,2026,28,29,12400.0,12400.0,0.0,0.0,0.0,0,1
2026-03-12,2026,29,30,12400.0,12400.0,0.0,0.0,0.0,0,1
2026-03-13,2026,25,26,15450.0,12400.0,184955.0,0.0,-0.19741100323624594,0,1
2026-03-13,2026,26,27,12400.0,12400.0,0.0,0.0,0.0,0,1
2026-03-13,2026,27,28,12400.0,12400.0,0.0,0.0,0.0,0,1
2026-03-13,2026,28,29,12400.0,12400.0,0.0,0.0,0.0,0,1
2026-03-13,2026,29,30,12400.0,12400.0,0.0,0.0,0.0,0,1
2026-03-16,2026,25,26,16050.0,12400.0,256207.0,0.0,-0.22741433021806856,0,1
2026-03-16,2026,26,27,12400.0,12400.0,0.0,0.0,0.0,0,1
2026-03-16,2026,27,28,12400.0,12400.0,0.0,0.0,0.0,0,1
2026-03-16,2026,28,29,12400.0,12400.0,0.0,0.0,0.0,0,1
2026-03-16,2026,29,30,12400.0,12400.0,0.0,0.0,0.0,0,1
2026-03-17,2026,25,26,16400.0,12400.0,475237.0,0.0,-0.24390243902439024,0,1
2026-03-17,2026,26,27,12400.0,12400.0,0.0,0.0,0.0,0,1
2026-03-17,2026,27,28,12400.0,12400.0,0.0,0.0,0.0,0,1
2026-03-17,2026,28,29,12400.0,12400.0,0.0,0.0,0.0,0,1
2026-03-17,2026,29,30,12400.0,12400.0,0.0,0.0,0.0,0,1
2026-03-18,2026,25,26,16400.0,12400.0,324202.0,0.0,-0.24390243902439024,0,1
2026-03-18,2026,26,27,12400.0,12400.0,0.0,0.0,0.0,0,1
2026-03-18,2026,27,28,12400.0,12400.0,0.0,0.0,0.0,0,1
2026-03-18,2026,28,29,12400.0,12400.0,0.0,0.0,0.0,0,1
2026-03-18,2026,29,30,12400.0,12400.0,0.0,0.0,0.0,0,1
2026-03-19,2026,25,26,16000.0,12400.0,470833.0,0.0,-0.22499999999999998,0,1
2026-03-19,2026,26,27,12400.0,12400.0,0.0,0.0,0.0,0,1
2026-03-19,2026,27,28,12400.0,12400.0,0.0,0.0,0.0,0,1
2026-03-19,2026,28,29,12400.0,12400.0,0.0,0.0,0.0,0,1
2026-03-19,2026,29,30,12400.0,12400.0,0.0,0.0,0.0,0,1
2026-03-20,2026,25,26,15650.0,12400.0,497475.0,0.0,-0.207667731629393,0,1
2026-03-20,2026,26,27,12400.0,12400.0,0.0,0.0,0.0,0,1
2026-03-20,2026,27,28,12400.0,12400.0,0.0,0.0,0.0,0,1
2026-03-20,2026,28,29,12400.0,12400.0,0.0,0.0,0.0,0,1
2026-03-20,2026,29,30,12400.0,12400.0,0.0,0.0,0.0,0,1
2026-03-23,2026,25,26,15050.0,12400.0,415507.0,0.0,-0.17607973421926915,0,1
2026-03-23,2026,26,27,12400.0,12400.0,0.0,0.0,0.0,0,1
2026-03-23,2026,27,28,12400.0,12400.0,0.0,0.0,0.0,0,1
2026-03-23,2026,28,29,12400.0,12400.0,0.0,0.0,0.0,0,1
2026-03-23,2026,29,30,12400.0,12400.0,0.0,0.0,0.0,0,1
2026-03-24,2026,25,26,14900.0,12400.0,355890.0,0.0,-0.16778523489932884,0,1
2026-03-24,2026,26,27,12400.0,12400.0,0.0,0.0,0.0,0,1
2026-03-24,2026,27,28,12400.0,12400.0,0.0,0.0,0.0,0,1
2026-03-24,2026,28,29,12400.0,12400.0,0.0,0.0,0.0,0,1
2026-03-24,2026,29,30,12400.0,12400.0,0.0,0.0,0.0,0,1
2026-03-25,2026,25,26,15600.0,12400.0,317514.0,0.0,-0.20512820512820518,0,1
2026-03-25,2026,26,27,12400.0,12400.0,0.0,0.0,0.0,0,1
2026-03-25,2026,27,28,12400.0,12400.0,0.0,0.0,0.0,0,1
2026-03-25,2026,28,29,12400.0,12400.0,0.0,0.0,0.0,0,1
2026-03-25,2026,29,30,12400.0,12400.0,0.0,0.0,0.0,0,1
2026-03-26,2026,25,26,15700.0,12400.0,138434.0,0.0,-0.21019108280254772,0,1
2026-03-26,2026,26,27,12400.0,12400.0,0.0,0.0,0.0,0,1
2026-03-26,2026,27,28,12400.0,12400.0,0.0,0.0,0.0,0,1
2026-03-26,2026,28,29,12400.0,12400.0,0.0,0.0,0.0,0,1
2026-03-26,2026,29,30,12400.0,12400.0,0.0,0.0,0.0,0,1
2026-03-27,2026,25,26,15600.0,12400.0,420743.0,0.0,-0.20512820512820518,0,1
2026-03-27,2026,26,27,12400.0,12400.0,0.0,0.0,0.0,0,1
2026-03-27,2026,27,28,12400.0,12400.0,0.0,0.0,0.0,0,1
2026-03-27,2026,28,29,12400.0,12400.0,0.0,0.0,0.0,0,1
2026-03-27,2026,29,30,12400.0,12400.0,0.0,0.0,0.0,0,1
2026-03-30,2026,25,26,15550.0,12400.0,172851.0,0.0,-0.202572347266881,0,1
2026-03-30,2026,26,27,12400.0,12400.0,0.0,0.0,0.0,0,1
2026-03-30,2026,27,28,12400.0,12400.0,0.0,0.0,0.0,0,1
2026-03-30,2026,28,29,12400.0,12400.0,0.0,0.0,0.0,0,1
2026-03-30,2026,29,30,12400.0,12400.0,0.0,0.0,0.0,0,1
2026-03-31,2026,25,26,15600.0,12400.0,199935.0,0.0,-0.20512820512820518,0,1
2026-03-31,2026,26,27,12400.0,12400.0,0.0,0.0,0.0,0,1
2026-03-31,2026,27,28,12400.0,12400.0,0.0,0.0,0.0,0,1
2026-03-31,2026,28,29,12400.0,12400.0,0.0,0.0,0.0,0,1
2026-03-31,2026,29,30,12400.0,12400.0,0.0,0.0,0.0,0,1
2026-04-01,2026,25,26,15900.0,15600.0,148564.0,0.0,-0.018867924528301883,0,1
2026-04-01,2026,26,27,15600.0,15600.0,0.0,0.0,0.0,0,1
2026-04-01,2026,27,28,15600.0,15600.0,0.0,0.0,0.0,0,1
2026-04-01,2026,28,29,15600.0,15600.0,0.0,0.0,0.0,0,1
2026-04-01,2026,29,30,15600.0,15600.0,0.0,0.0,0.0,0,1
2026-04-02,2026,25,26,16100.0,15600.0,144875.0,0.0,-0.03105590062111796,0,1
2026-04-02,2026,26,27,15600.0,15600.0,0.0,0.0,0.0,0,1
2026-04-02,2026,27,28,15600.0,15600.0,0.0,0.0,0.0,0,1
2026-04-02,2026,28,29,15600.0,15600.0,0.0,0.0,0.0,0,1
2026-04-02,2026,29,30,15600.0,15600.0,0.0,0.0,0.0,0,1
2026-04-03,2026,25,26,16450.0,15600.0,196651.0,0.0,-0.05167173252279633,0,1
2026-04-03,2026,26,27,15600.0,15600.0,0.0,0.0,0.0,0,1
2026-04-03,2026,27,28,15600.0,15600.0,0.0,0.0,0.0,0,1
2026-04-03,2026,28,29,15600.0,15600.0,0.0,0.0,0.0,0,1
2026-04-03,2026,29,30,15600.0,15600.0,0.0,0.0,0.0,0,1
2026-04-06,2026,25,26,16300.0,15600.0,440941.0,0.0,-0.042944785276073594,0,1
2026-04-06,2026,26,27,15600.0,15600.0,0.0,0.0,0.0,0,1
2026-04-06,2026,27,28,15600.0,15600.0,0.0,0.0,0.0,0,1
2026-04-06,2026,28,29,15600.0,15600.0,0.0,0.0,0.0,0,1
2026-04-06,2026,29,30,15600.0,15600.0,0.0,0.0,0.0,0,1
2026-04-07,2026,25,26,16450.0,15600.0,328265.0,0.0,-0.05167173252279633,0,1
2026-04-07,2026,26,27,15600.0,15600.0,0.0,0.0,0.0,0,1
2026-04-07,2026,27,28,15600.0,15600.0,0.0,0.0,0.0,0,1
2026-04-07,2026,28,29,15600.0,15600.0,0.0,0.0,0.0,0,1
2026-04-07,2026,29,30,15600.0,15600.0,0.0,0.0,0.0,0,1
2026-04-08,2026,25,26,16800.0,15600.0,171267.0,0.0,-0.0714285714285714,0,1
2026-04-08,2026,26,27,15600.0,15600.0,0.0,0.0,0.0,0,1
2026-04-08,2026,27,28,15600.0,15600.0,0.0,0.0,0.0,0,1
2026-04-08,2026,28,29,15600.0,15600.0,0.0,0.0,0.0,0,1
2026-04-08,2026,29,30,15600.0,15600.0,0.0,0.0,0.0,0,1
2026-04-09,2026,25,26,17400.0,15600.0,434977.0,0.0,-0.10344827586206895,0,1
2026-04-09,2026,26,27,15600.0,15600.0,0.0,0.0,0.0,0,1
2026-04-09,2026,27,28,15600.0,15600.0,0.0,0.0,0.0,0,1
2026-04-09,2026,28,29,15600.0,15600.0,0.0,0.0,0.0,0,1
2026-04-09,2026,29,30,15600.0,15600.0,0.0,0.0,0.0,0,1
2026-04-10,2026,25,26,17400.0,15600.0,169774.0,0.0,-0.10344827586206895,0,1
2026-04-10,2026,26,27,15600.0,15600.0,0.0,0.0,0.0,0,1
2026-04-10,2026,27,28,15600.0,15600.0,0.0,0.0,0.0,0,1
2026-04-10,2026,28,29,15600.0,15600.0,0.0,0.0,0.0,0,1
2026-04-10,2026,29,30,15600.0,15600.0,0.0,0.0,0.0,0,1
2026-04-13,2026,25,26,16750.0,15600.0,512092.0,0.0,-0.06865671641791049,0,1
2026-04-13,2026,26,27,15600.0,15600.0,0.0,0.0,0.0,0,1
2026-04-13,2026,27,28,15600.0,15600.0,0.0,0.0,0.0,0,1
2026-04-13,2026,28,29,15600.0,15600.0,0.0,0.0,0.0,0,1
2026-04-13,2026,29,30,15600.0,15600.0,0.0,0.0,0.0,0,1
2026-04-14,2026,25,26,16500.0,15600.0,628484.0,0.0,-0.054545454545454564,0,1
2026-04-14,2026,26,27,15600.0,15600.0,0.0,0.0,0.0,0,1
2026-04-14,2026,27,28,15600.0,15600.0,0.0,0.0,0.0,0,1
2026-04-14,2026,28,29,15600.0,15600.0,0.0,0.0,0.0,0,1
2026-04-14,2026,29,30,15600.0,15600.0,0.0,0.0,0.0,0,1
2026-04-15,2026,25,26,16650.0,15600.0,349110.0,0.0,-0.06306306306306309,0,1
2026-04-15,2026,26,27,15600.0,15600.0,0.0,0.0,0.0,0,1
2026-04-15,2026,27,28,15600.0,15600.0,0.0,0.0,0.0,0,1
2026-04-15,2026,28,29,15600.0,15600.0,0.0,0.0,0.0,0,1
2026-04-15,2026,29,30,15600.0,15600.0,0.0,0.0,0.0,0,1
2026-04-16,2026,25,26,16750.0,15600.0,292106.0,0.0,-0.06865671641791049,0,1
2026-04-16,2026,26,27,15600.0,15600.0,0.0,0.0,0.0,0,1
2026-04-16,2026,27,28,15600.0,15600.0,0.0,0.0,0.0,0,1
2026-04-16,2026,28,29,15600.0,15600.0,0.0,0.0,0.0,0,1
2026-04-16,2026,29,30,15600.0,15600.0,0.0,0.0,0.0,0,1
2026-04-17,2026,25,26,16750.0,15600.0,146978.0,0.0,-0.06865671641791049,0,1
2026-04-17,2026,26,27,15600.0,15600.0,0.0,0.0,0.0,0,1
2026-04-17,2026,27,28,15600.0,15600.0,0.0,0.0,0.0,0,1
2026-04-17,2026,28,29,15600.0,15600.0,0.0,0.0,0.0,0,1
2026-04-17,2026,29,30,15600.0,15600.0,0.0,0.0,0.0,0,1
2026-04-20,2026,25,26,16500.0,15600.0,238654.0,0.0,-0.054545454545454564,0,1
2026-04-20,2026,26,27,15600.0,15600.0,0.0,0.0,0.0,0,1
2026-04-20,2026,27,28,15600.0,15600.0,0.0,0.0,0.0,0,1
2026-04-20,2026,28,29,15600.0,15600.0,0.0,0.0,0.0,0,1
2026-04-20,2026,29,30,15600.0,15600.0,0.0,0.0,0.0,0,1
2026-04-21,2026,25,26,16500.0,15600.0,290599.0,0.0,-0.054545454545454564,0,1
2026-04-21,2026,26,27,15600.0,15600.0,0.0,0.0,0.0,0,1
2026-04-21,2026,27,28,15600.0,15600.0,0.0,0.0,0.0,0,1
2026-04-21,2026,28,29,15600.0,15600.0,0.0,0.0,0.0,0,1
2026-04-21,2026,29,30,15600.0,15600.0,0.0,0.0,0.0,0,1
2026-04-22,2026,25,26,16450.0,15600.0,790239.0,0.0,-0.05167173252279633,0,1
2026-04-22,2026,26,27,15600.0,15600.0,0.0,0.0,0.0,0,1
2026-04-22,2026,27,28,15600.0,15600.0,0.0,0.0,0.0,0,1
2026-04-22,2026,28,29,15600.0,15600.0,0.0,0.0,0.0,0,1
2026-04-22,2026,29,30,15600.0,15600.0,0.0,0.0,0.0,0,1
2026-04-23,2026,25,26,16600.0,15600.0,209179.0,0.0,-0.06024096385542166,0,1
2026-04-23,2026,26,27,15600.0,15600.0,0.0,0.0,0.0,0,1
2026-04-23,2026,27,28,15600.0,15600.0,0.0,0.0,0.0,0,1
2026-04-23,2026,28,29,15600.0,15600.0,0.0,0.0,0.0,0,1
2026-04-23,2026,29,30,15600.0,15600.0,0.0,0.0,0.0,0,1
2026-04-24,2026,25,26,16800.0,15600.0,108874.0,0.0,-0.0714285714285714,0,1
2026-04-24,2026,26,27,15600.0,15600.0,0.0,0.0,0.0,0,1
2026-04-24,2026,27,28,15600.0,15600.0,0.0,0.0,0.0,0,1
2026-04-24,2026,28,29,15600.0,15600.0,0.0,0.0,0.0,0,1
2026-04-24,2026,29,30,15600.0,15600.0,0.0,0.0,0.0,0,1
2026-04-27,2026,25,26,16800.0,15600.0,217642.0,0.0,-0.0714285714285714,0,1
2026-04-27,2026,26,27,15600.0,15600.0,0.0,0.0,0.0,0,1
2026-04-27,2026,27,28,15600.0,15600.0,0.0,0.0,0.0,0,1
2026-04-27,2026,28,29,15600.0,15600.0,0.0,0.0,0.0,0,1
2026-04-27,2026,29,30,15600.0,15600.0,0.0,0.0,0.0,0,1
2026-04-28,2026,25,26,16800.0,15600.0,270117.0,0.0,-0.0714285714285714,0,1
2026-04-28,2026,26,27,15600.0,15600.0,0.0,0.0,0.0,0,1
2026-04-28,2026,27,28,15600.0,15600.0,0.0,0.0,0.0,0,1
2026-04-28,2026,28,29,15600.0,15600.0,0.0,0.0,0.0,0,1
2026-04-28,2026,29,30,15600.0,15600.0,0.0,0.0,0.0,0,1
2026-04-29,2026,25,26,17000.0,15600.0,357082.0,0.0,-0.08235294117647063,0,1
2026-04-29,2026,26,27,15600.0,15600.0,0.0,0.0,0.0,0,1
2026-04-29,2026,27,28,15600.0,15600.0,0.0,0.0,0.0,0,1
2026-04-29,2026,28,29,15600.0,15600.0,0.0,0.0,0.0,0,1
2026-04-29,2026,29,30,15600.0,15600.0,0.0,0.0,0.0,0,1
2026-04-30,2026,25,26,17050.0,15600.0,164134.0,0.0,-0.08504398826979476,0,1
2026-04-30,2026,26,27,15600.0,15600.0,0.0,0.0,0.0,0,1
2026-04-30,2026,27,28,15600.0,15600.0,0.0,0.0,0.0,0,1
2026-04-30,2026,28,29,15600.0,15600.0,0.0,0.0,0.0,0,1
2026-04-30,2026,29,30,15600.0,15600.0,0.0,0.0,0.0,0,1
2026-05-04,2026,25,26,16950.0,15600.0,162767.0,0.0,-0.07964601769911506,0,1
2026-05-04,2026,26,27,15600.0,15600.0,0.0,0.0,0.0,0,1
2026-05-04,2026,27,28,15600.0,15600.0,0.0,0.0,0.0,0,1
2026-05-04,2026,28,29,15600.0,15600.0,0.0,0.0,0.0,0,1
2026-05-04,2026,29,30,15600.0,15600.0,0.0,0.0,0.0,0,1
2026-05-06,2026,25,26,16900.0,15600.0,281327.0,0.0,-0.07692307692307687,0,1
2026-05-06,2026,26,27,15600.0,15600.0,0.0,0.0,0.0,0,1
2026-05-06,2026,27,28,15600.0,15600.0,0.0,0.0,0.0,0,1
2026-05-06,2026,28,29,15600.0,15600.0,0.0,0.0,0.0,0,1
2026-05-06,2026,29,30,15600.0,15600.0,0.0,0.0,0.0,0,1
2026-05-07,2026,25,26,16900.0,15600.0,122294.0,0.0,-0.07692307692307687,0,1
2026-05-07,2026,26,27,15600.0,15600.0,0.0,0.0,0.0,0,1
2026-05-07,2026,27,28,15600.0,15600.0,0.0,0.0,0.0,0,1
2026-05-07,2026,28,29,15600.0,15600.0,0.0,0.0,0.0,0,1
2026-05-07,2026,29,30,15600.0,15600.0,0.0,0.0,0.0,0,1
2026-05-08,2026,25,26,17100.0,15600.0,167614.0,0.0,-0.08771929824561409,0,1
2026-05-08,2026,26,27,15600.0,15600.0,0.0,0.0,0.0,0,1
2026-05-08,2026,27,28,15600.0,15600.0,0.0,0.0,0.0,0,1
2026-05-08,2026,28,29,15600.0,15600.0,0.0,0.0,0.0,0,1
2026-05-08,2026,29,30,15600.0,15600.0,0.0,0.0,0.0,0,1
2026-05-11,2026,25,26,17200.0,15600.0,180676.0,0.0,-0.09302325581395354,0,1
2026-05-11,2026,26,27,15600.0,15600.0,0.0,0.0,0.0,0,1
2026-05-11,2026,27,28,15600.0,15600.0,0.0,0.0,0.0,0,1
2026-05-11,2026,28,29,15600.0,15600.0,0.0,0.0,0.0,0,1
2026-05-11,2026,29,30,15600.0,15600.0,0.0,0.0,0.0,0,1
2026-05-12,2026,25,26,17250.0,15600.0,144359.0,0.0,-0.09565217391304348,0,1
2026-05-12,2026,26,27,15600.0,15600.0,0.0,0.0,0.0,0,1
2026-05-12,2026,27,28,15600.0,15600.0,0.0,0.0,0.0,0,1
2026-05-12,2026,28,29,15600.0,15600.0,0.0,0.0,0.0,0,1
2026-05-12,2026,29,30,15600.0,15600.0,0.0,0.0,0.0,0,1
2026-05-13,2026,25,26,17800.0,15600.0,480501.0,0.0,-0.1235955056179775,0,1
2026-05-13,2026,26,27,15600.0,15600.0,0.0,0.0,0.0,0,1
2026-05-13,2026,27,28,15600.0,15600.0,0.0,0.0,0.0,0,1
2026-05-13,2026,28,29,15600.0,15600.0,0.0,0.0,0.0,0,1
2026-05-13,2026,29,30,15600.0,15600.0,0.0,0.0,0.0,0,1
2026-05-14,2026,25,26,19200.0,15600.0,643055.0,0.0,-0.1875,0,1
2026-05-14,2026,26,27,15600.0,15600.0,0.0,0.0,0.0,0,1
2026-05-14,2026,27,28,15600.0,15600.0,0.0,0.0,0.0,0,1
2026-05-14,2026,28,29,15600.0,15600.0,0.0,0.0,0.0,0,1
2026-05-14,2026,29,30,15600.0,15600.0,0.0,0.0,0.0,0,1
2026-05-15,2026,25,26,19750.0,15600.0,349457.0,0.0,-0.21012658227848102,0,1
2026-05-15,2026,26,27,15600.0,15600.0,0.0,0.0,0.0,0,1
2026-05-15,2026,27,28,15600.0,15600.0,0.0,0.0,0.0,0,1
2026-05-15,2026,28,29,15600.0,15600.0,0.0,0.0,0.0,0,1
2026-05-15,2026,29,30,15600.0,15600.0,0.0,0.0,0.0,0,1
2026-05-18,2026,25,26,19800.0,15600.0,90768.0,0.0,-0.21212121212121215,0,1
2026-05-18,2026,26,27,15600.0,15600.0,0.0,0.0,0.0,0,1
2026-05-18,2026,27,28,15600.0,15600.0,0.0,0.0,0.0,0,1
2026-05-18,2026,28,29,15600.0,15600.0,0.0,0.0,0.0,0,1
2026-05-18,2026,29,30,15600.0,15600.0,0.0,0.0,0.0,0,1
2026-05-19,2026,25,26,19600.0,15600.0,163207.0,0.0,-0.20408163265306123,0,1
2026-05-19,2026,26,27,15600.0,15600.0,0.0,0.0,0.0,0,1
2026-05-19,2026,27,28,15600.0,15600.0,0.0,0.0,0.0,0,1
2026-05-19,2026,28,29,15600.0,15600.0,0.0,0.0,0.0,0,1
2026-05-19,2026,29,30,15600.0,15600.0,0.0,0.0,0.0,0,1
2026-05-20,2026,25,26,19650.0,15600.0,130768.0,0.0,-0.20610687022900764,0,1
2026-05-20,2026,26,27,15600.0,15600.0,0.0,0.0,0.0,0,1
2026-05-20,2026,27,28,15600.0,15600.0,0.0,0.0,0.0,0,1
2026-05-20,2026,28,29,15600.0,15600.0,0.0,0.0,0.0,0,1
2026-05-20,2026,29,30,15600.0,15600.0,0.0,0.0,0.0,0,1
2026-05-21,2026,25,26,19600.0,15600.0,110306.0,0.0,-0.20408163265306123,0,1
2026-05-21,2026,26,27,15600.0,15600.0,0.0,0.0,0.0,0,1
2026-05-21,2026,27,28,15600.0,15600.0,0.0,0.0,0.0,0,1
2026-05-21,2026,28,29,15600.0,15600.0,0.0,0.0,0.0,0,1
2026-05-21,2026,29,30,15600.0,15600.0,0.0,0.0,0.0,0,1
2026-05-22,2026,25,26,19700.0,15600.0,90342.0,0.0,-0.20812182741116747,0,1
2026-05-22,2026,26,27,15600.0,15600.0,0.0,0.0,0.0,0,1
2026-05-22,2026,27,28,15600.0,15600.0,0.0,0.0,0.0,0,1
2026-05-22,2026,28,29,15600.0,15600.0,0.0,0.0,0.0,0,1
2026-05-22,2026,29,30,15600.0,15600.0,0.0,0.0,0.0,0,1
2026-05-26,2026,25,26,19950.0,15600.0,264709.0,0.0,-0.21804511278195493,0,1
2026-05-26,2026,26,27,15600.0,15600.0,0.0,0.0,0.0,0,1
2026-05-26,2026,27,28,15600.0,15600.0,0.0,0.0,0.0,0,1
2026-05-26,2026,28,29,15600.0,15600.0,0.0,0.0,0.0,0,1
2026-05-26,2026,29,30,15600.0,15600.0,0.0,0.0,0.0,0,1
2026-05-27,2026,25,26,20700.0,15600.0,337323.0,0.0,-0.24637681159420288,0,1
2026-05-27,2026,26,27,15600.0,15600.0,0.0,0.0,0.0,0,1
2026-05-27,2026,27,28,15600.0,15600.0,0.0,0.0,0.0,0,1
2026-05-27,2026,28,29,15600.0,15600.0,0.0,0.0,0.0,0,1
2026-05-27,2026,29,30,15600.0,15600.0,0.0,0.0,0.0,0,1
2026-05-28,2026,25,26,22750.0,15600.0,203472.0,0.0,-0.3142857142857143,0,1
2026-05-28,2026,26,27,15600.0,15600.0,0.0,0.0,0.0,0,1
2026-05-28,2026,27,28,15600.0,15600.0,0.0,0.0,0.0,0,1
2026-05-28,2026,28,29,15600.0,15600.0,0.0,0.0,0.0,0,1
2026-05-28,2026,29,30,15600.0,15600.0,0.0,0.0,0.0,0,1
2026-05-29,2026,25,26,24550.0,15600.0,421616.0,0.0,-0.3645621181262729,0,1
2026-05-29,2026,26,27,15600.0,15600.0,0.0,0.0,0.0,0,1
2026-05-29,2026,27,28,15600.0,15600.0,0.0,0.0,0.0,0,1
2026-05-29,2026,28,29,15600.0,15600.0,0.0,0.0,0.0,0,1
2026-05-29,2026,29,30,15600.0,15600.0,0.0,0.0,0.0,0,1
2026-06-01,2026,25,26,23500.0,24550.0,428136.0,0.0,0.044680851063829685,0,1
2026-06-01,2026,26,27,24550.0,24550.0,0.0,0.0,0.0,0,1
2026-06-01,2026,27,28,24550.0,24550.0,0.0,0.0,0.0,0,1
2026-06-01,2026,28,29,24550.0,24550.0,0.0,0.0,0.0,0,1
2026-06-01,2026,29,30,24550.0,24550.0,0.0,0.0,0.0,0,1
2026-06-02,2026,25,26,24200.0,24550.0,590844.0,0.0,0.01446280991735538,0,1
2026-06-02,2026,26,27,24550.0,24550.0,0.0,0.0,0.0,0,1
2026-06-02,2026,27,28,24550.0,24550.0,0.0,0.0,0.0,0,1
2026-06-02,2026,28,29,24550.0,24550.0,0.0,0.0,0.0,0,1
2026-06-02,2026,29,30,24550.0,24550.0,0.0,0.0,0.0,0,1
2026-06-04,2026,25,26,24950.0,24550.0,412509.0,0.0,-0.01603206412825653,0,1
2026-06-04,2026,26,27,24550.0,24550.0,0.0,0.0,0.0,0,1
2026-06-04,2026,27,28,24550.0,24550.0,0.0,0.0,0.0,0,1
2026-06-04,2026,28,29,24550.0,24550.0,0.0,0.0,0.0,0,1
2026-06-04,2026,29,30,24550.0,24550.0,0.0,0.0,0.0,0,1
2026-06-05,2026,25,26,26550.0,24550.0,369483.0,0.0,-0.07532956685499059,0,1
2026-06-05,2026,26,27,24550.0,24550.0,0.0,0.0,0.0,0,1
2026-06-05,2026,27,28,24550.0,24550.0,0.0,0.0,0.0,0,1
2026-06-05,2026,28,29,24550.0,24550.0,0.0,0.0,0.0,0,1
2026-06-05,2026,29,30,24550.0,24550.0,0.0,0.0,0.0,0,1
2026-06-08,2026,25,26,28800.0,24550.0,444304.0,0.0,-0.14756944444444442,0,1
2026-06-08,2026,26,27,24550.0,24550.0,0.0,0.0,0.0,0,1
2026-06-08,2026,27,28,24550.0,24550.0,0.0,0.0,0.0,0,1
2026-06-08,2026,28,29,24550.0,24550.0,0.0,0.0,0.0,0,1
2026-06-08,2026,29,30,24550.0,24550.0,0.0,0.0,0.0,0,1
2026-06-09,2026,25,26,28200.0,24500.0,506260.0,0.0,-0.13120567375886527,0,1
2026-06-09,2026,26,27,24500.0,24550.0,0.0,0.0,0.0020408163265306367,0,1
2026-06-09,2026,27,28,24550.0,24550.0,0.0,0.0,0.0,0,1
2026-06-09,2026,28,29,24550.0,24550.0,0.0,0.0,0.0,0,1
2026-06-09,2026,29,30,24550.0,24550.0,0.0,0.0,0.0,0,1
2026-06-10,2026,25,26,26450.0,24500.0,349717.0,0.0,-0.07372400756143671,0,1
2026-06-10,2026,26,27,24500.0,24550.0,0.0,0.0,0.0020408163265306367,0,1
2026-06-10,2026,27,28,24550.0,24550.0,0.0,0.0,0.0,0,1
2026-06-10,2026,28,29,24550.0,24550.0,0.0,0.0,0.0,0,1
2026-06-10,2026,29,30,24550.0,24550.0,0.0,0.0,0.0,0,1
2026-06-11,2026,25,26,23950.0,24500.0,655821.0,0.0,0.022964509394572064,0,1
2026-06-11,2026,26,27,24500.0,24550.0,0.0,0.0,0.0020408163265306367,0,1
2026-06-11,2026,27,28,24550.0,24550.0,0.0,0.0,0.0,0,1
2026-06-11,2026,28,29,24550.0,24550.0,0.0,0.0,0.0,0,1
2026-06-11,2026,29,30,24550.0,24550.0,0.0,0.0,0.0,0,1
2026-06-12,2026,25,26,23800.0,24500.0,689140.0,0.0,0.02941176470588225,0,1
2026-06-12,2026,26,27,24500.0,24550.0,0.0,0.0,0.0020408163265306367,0,1
2026-06-12,2026,27,28,24550.0,24550.0,0.0,0.0,0.0,0,1
2026-06-12,2026,28,29,24550.0,24550.0,0.0,0.0,0.0,0,1
2026-06-12,2026,29,30,24550.0,24550.0,0.0,0.0,0.0,0,1
2026-06-15,2026,25,26,22500.0,24500.0,543877.0,0.0,0.0888888888888888,0,1
2026-06-15,2026,26,27,24500.0,24550.0,0.0,0.0,0.0020408163265306367,0,1
2026-06-15,2026,27,28,24550.0,24550.0,0.0,0.0,0.0,0,1
2026-06-15,2026,28,29,24550.0,24550.0,0.0,0.0,0.0,0,1
2026-06-15,2026,29,30,24550.0,24550.0,0.0,0.0,0.0,0,1
2026-06-16,2026,25,26,20250.0,24500.0,554955.0,0.0,0.2098765432098766,0,1
2026-06-16,2026,26,27,24500.0,24550.0,0.0,0.0,0.0020408163265306367,0,1
2026-06-16,2026,27,28,24550.0,24550.0,0.0,0.0,0.0,0,1
2026-06-16,2026,28,29,24550.0,24550.0,0.0,0.0,0.0,0,1
2026-06-16,2026,29,30,24550.0,24550.0,0.0,0.0,0.0,0,1
2026-06-17,2026,25,26,19600.0,24500.0,1130511.0,0.0,0.25,0,1
2026-06-17,2026,26,27,24500.0,24550.0,0.0,0.0,0.0020408163265306367,0,1
2026-06-17,2026,27,28,24550.0,24550.0,0.0,0.0,0.0,0,1
2026-06-17,2026,28,29,24550.0,24550.0,0.0,0.0,0.0,0,1
2026-06-17,2026,29,30,24550.0,24550.0,0.0,0.0,0.0,0,1
2026-06-18,2026,25,26,20000.0,24500.0,638907.0,0.0,0.2250000000000001,0,1
2026-06-18,2026,26,27,24500.0,24550.0,0.0,0.0,0.0020408163265306367,0,1
2026-06-18,2026,27,28,24550.0,24550.0,0.0,0.0,0.0,0,1
2026-06-18,2026,28,29,24550.0,24550.0,0.0,0.0,0.0,0,1
2026-06-18,2026,29,30,24550.0,24550.0,0.0,0.0,0.0,0,1
2026-06-19,2026,25,26,20650.0,24500.0,536400.0,0.0,0.18644067796610164,0,1
2026-06-19,2026,26,27,24500.0,24550.0,0.0,0.0,0.0020408163265306367,0,1
2026-06-19,2026,27,28,24550.0,24550.0,0.0,0.0,0.0,0,1
2026-06-19,2026,28,29,24550.0,24550.0,0.0,0.0,0.0,0,1
2026-06-19,2026,29,30,24550.0,24550.0,0.0,0.0,0.0,0,1
2026-06-22,2026,25,26,21000.0,24500.0,276740.0,0.0,0.16666666666666674,0,1
2026-06-22,2026,26,27,24500.0,24550.0,0.0,0.0,0.0020408163265306367,0,1
2026-06-22,2026,27,28,24550.0,24550.0,0.0,0.0,0.0,0,1
2026-06-22,2026,28,29,24550.0,24550.0,0.0,0.0,0.0,0,1
2026-06-22,2026,29,30,24550.0,24550.0,0.0,0.0,0.0,0,1
2026-06-23,2026,25,26,21300.0,24500.0,317278.0,0.0,0.1502347417840375,0,1
2026-06-23,2026,26,27,24500.0,24550.0,0.0,0.0,0.0020408163265306367,0,1
2026-06-23,2026,27,28,24550.0,24550.0,0.0,0.0,0.0,0,1
2026-06-23,2026,28,29,24550.0,24550.0,0.0,0.0,0.0,0,1
2026-06-23,2026,29,30,24550.0,24550.0,0.0,0.0,0.0,0,1
2026-06-24,2026,25,26,21550.0,24500.0,718986.0,0.0,0.13689095127610207,0,1
2026-06-24,2026,26,27,24500.0,24550.0,0.0,0.0,0.0020408163265306367,0,1
2026-06-24,2026,27,28,24550.0,24550.0,0.0,0.0,0.0,0,1
2026-06-24,2026,28,29,24550.0,24550.0,0.0,0.0,0.0,0,1
2026-06-24,2026,29,30,24550.0,24550.0,0.0,0.0,0.0,0,1
2026-06-25,2026,25,26,22450.0,24500.0,563400.0,0.0,0.09131403118040082,0,1
2026-06-25,2026,26,27,24500.0,24550.0,0.0,0.0,0.0020408163265306367,0,1
2026-06-25,2026,27,28,24550.0,24550.0,0.0,0.0,0.0,0,1
2026-06-25,2026,28,29,24550.0,24550.0,0.0,0.0,0.0,0,1
2026-06-25,2026,29,30,24550.0,24550.0,0.0,0.0,0.0,0,1
2026-06-26,2026,25,26,22650.0,24500.0,697252.0,0.0,0.08167770419426046,0,1
2026-06-26,2026,26,27,24500.0,24550.0,0.0,0.0,0.0020408163265306367,0,1
2026-06-26,2026,27,28,24550.0,24550.0,0.0,0.0,0.0,0,1
2026-06-26,2026,28,29,24550.0,24550.0,0.0,0.0,0.0,0,1
2026-06-26,2026,29,30,24550.0,24550.0,0.0,0.0,0.0,0,1
2026-06-29,2026,25,26,22950.0,24500.0,448118.0,0.0,0.06753812636165568,0,1
2026-06-29,2026,26,27,24500.0,24550.0,0.0,0.0,0.0020408163265306367,0,1
2026-06-29,2026,27,28,24550.0,24550.0,0.0,0.0,0.0,0,1
2026-06-29,2026,28,29,24550.0,24550.0,0.0,0.0,0.0,0,1
2026-06-29,2026,29,30,24550.0,24550.0,0.0,0.0,0.0,0,1
2026-06-30,2026,25,26,22800.0,24500.0,485564.0,0.0,0.07456140350877183,0,1
2026-06-30,2026,26,27,24500.0,24550.0,0.0,0.0,0.0020408163265306367,0,1
2026-06-30,2026,27,28,24550.0,24550.0,0.0,0.0,0.0,0,1
2026-06-30,2026,28,29,24550.0,24550.0,0.0,0.0,0.0,0,1
2026-06-30,2026,29,30,24550.0,24550.0,0.0,0.0,0.0,0,1
2026-07-01,2026,25,26,23100.0,24500.0,970283.0,0.0,0.06060606060606055,0,1
2026-07-01,2026,26,27,24500.0,24550.0,0.0,0.0,0.0020408163265306367,0,1
2026-07-01,2026,27,28,24550.0,24550.0,0.0,0.0,0.0,0,1
2026-07-01,2026,28,29,24550.0,24550.0,0.0,0.0,0.0,0,1
2026-07-01,2026,29,30,24550.0,24550.0,0.0,0.0,0.0,0,1
2026-07-02,2026,25,26,23450.0,24500.0,199282.0,0.0,0.04477611940298498,0,1
2026-07-02,2026,26,27,24500.0,24550.0,0.0,0.0,0.0020408163265306367,0,1
2026-07-02,2026,27,28,24550.0,24550.0,0.0,0.0,0.0,0,1
2026-07-02,2026,28,29,24550.0,24550.0,0.0,0.0,0.0,0,1
2026-07-02,2026,29,30,24550.0,24550.0,0.0,0.0,0.0,0,1
2026-07-03,2026,25,26,23700.0,24500.0,245044.0,0.0,0.03375527426160341,0,1
2026-07-03,2026,26,27,24500.0,24550.0,0.0,0.0,0.0020408163265306367,0,1
2026-07-03,2026,27,28,24550.0,24550.0,0.0,0.0,0.0,0,1
2026-07-03,2026,28,29,24550.0,24550.0,0.0,0.0,0.0,0,1
2026-07-03,2026,29,30,24550.0,24550.0,0.0,0.0,0.0,0,1
2026-07-06,2026,25,26,23900.0,24500.0,284036.0,0.0,0.025104602510460206,0,1
2026-07-06,2026,26,27,24500.0,24550.0,0.0,0.0,0.0020408163265306367,0,1
2026-07-06,2026,27,28,24550.0,24550.0,0.0,0.0,0.0,0,1
2026-07-06,2026,28,29,24550.0,24550.0,0.0,0.0,0.0,0,1
2026-07-06,2026,29,30,24550.0,24550.0,0.0,0.0,0.0,0,1
2026-07-07,2026,25,26,23800.0,24500.0,378271.0,0.0,0.02941176470588225,0,1
2026-07-07,2026,26,27,24500.0,24550.0,0.0,0.0,0.0020408163265306367,0,1
2026-07-07,2026,27,28,24550.0,24550.0,0.0,0.0,0.0,0,1
2026-07-07,2026,28,29,24550.0,24550.0,0.0,0.0,0.0,0,1
2026-07-07,2026,29,30,24550.0,24550.0,0.0,0.0,0.0,0,1
2026-07-08,2026,25,26,23800.0,24500.0,149763.0,0.0,0.02941176470588225,0,1
2026-07-08,2026,26,27,24500.0,24550.0,0.0,0.0,0.0020408163265306367,0,1
2026-07-08,2026,27,28,24550.0,24550.0,0.0,0.0,0.0,0,1
2026-07-08,2026,28,29,24550.0,24550.0,0.0,0.0,0.0,0,1
2026-07-08,2026,29,30,24550.0,24550.0,0.0,0.0,0.0,0,1
