macc_mode,cap_scenario,msr_level,regime,year,kau_realized_krw
step,base,L1,frictionless,2026,34804
step,base,L1,frictionless,2027,36772
step,base,L1,frictionless,2028,38851
step,base,L1,frictionless,2029,41048
step,base,L1,frictionless,2030,43369
step,base,L1,frictionless,2031,45821
step,base,L1,frictionless,2032,48411
step,base,L1,frictionless,2033,49434
step,base,L1,frictionless,2034,51049
step,base,L1,frictionless,2035,53935
step,base,L1,frictionless,2036,54123
step,base,L1,frictionless,2037,56469
step,base,L1,frictionless,2038,59662
step,base,L1,frictionless,2039,63036
step,base,L1,frictionless,2040,66600
step,base,L1,noresponse,2026,32275
step,base,L1,noresponse,2027,34100
step,base,L1,noresponse,2028,36028
step,base,L1,noresponse,2029,38065
step,base,L1,noresponse,2030,40217
step,base,L1,noresponse,2031,42491
step,base,L1,noresponse,2032,44894
step,base,L1,noresponse,2033,47432
step,base,L1,noresponse,2034,50114
step,base,L1,noresponse,2035,52947
step,base,L1,noresponse,2036,55941
step,base,L1,noresponse,2037,59104
step,base,L1,noresponse,2038,62446
step,base,L1,noresponse,2039,65976
step,base,L1,noresponse,2040,67461
step,base,L1,perverse,2026,31643
step,base,L1,perverse,2027,33432
step,base,L1,perverse,2028,35322
step,base,L1,perverse,2029,37319
step,base,L1,perverse,2030,39429
step,base,L1,perverse,2031,41658
step,base,L1,perverse,2032,44015
step,base,L1,perverse,2033,46932
step,base,L1,perverse,2034,49880
step,base,L1,perverse,2035,52700
step,base,L1,perverse,2036,56396
step,base,L1,perverse,2037,59763
step,base,L1,perverse,2038,63142
step,base,L1,perverse,2039,66711
step,base,L1,perverse,2040,67676
step,base,L1,perverse_low,2026,31010
step,base,L1,perverse_low,2027,32764
step,base,L1,perverse_low,2028,34616
step,base,L1,perverse_low,2029,36574
step,base,L1,perverse_low,2030,38641
step,base,L1,perverse_low,2031,40826
step,base,L1,perverse_low,2032,43136
step,base,L1,perverse_low,2033,46431
step,base,L1,perverse_low,2034,49646
step,base,L1,perverse_low,2035,52453
step,base,L1,perverse_low,2036,56850
step,base,L1,perverse_low,2037,60422
step,base,L1,perverse_low,2038,63838
step,base,L1,perverse_low,2039,67446
step,base,L1,perverse_low,2040,67892
step,base,L1,reform,2026,31643
step,base,L1,reform,2027,33733
step,base,L1,reform,2028,35957
step,base,L1,reform,2029,38326
step,base,L1,reform,2030,40847
step,base,L1,reform,2031,43532
step,base,L1,reform,2032,46389
step,base,L1,reform,2033,48508
step,base,L1,reform,2034,50722
step,base,L1,reform,2035,53700
step,base,L1,reform,2036,54350
step,base,L1,reform,2037,56798
step,base,L1,reform,2038,60010
step,base,L1,reform,2039,63404
step,base,L1,reform,2040,66708
step,base,L2,frictionless,2026,34263
step,base,L2,frictionless,2027,36201
step,base,L2,frictionless,2028,38247
step,base,L2,frictionless,2029,40410
step,base,L2,frictionless,2030,42695
step,base,L2,frictionless,2031,45109
step,base,L2,frictionless,2032,46425
step,base,L2,frictionless,2033,49049
step,base,L2,frictionless,2034,51049
step,base,L2,frictionless,2035,53935
step,base,L2,frictionless,2036,54227
step,base,L2,frictionless,2037,57293
step,base,L2,frictionless,2038,60532
step,base,L2,frictionless,2039,63954
step,base,L2,frictionless,2040,67461
step,base,L2,noresponse,2026,32275
step,base,L2,noresponse,2027,34100
step,base,L2,noresponse,2028,36028
step,base,L2,noresponse,2029,38065
step,base,L2,noresponse,2030,40217
step,base,L2,noresponse,2031,42491
step,base,L2,noresponse,2032,44894
step,base,L2,noresponse,2033,47432
step,base,L2,noresponse,2034,50114
step,base,L2,noresponse,2035,52947
step,base,L2,noresponse,2036,55941
step,base,L2,noresponse,2037,59104
step,base,L2,noresponse,2038,62446
step,base,L2,noresponse,2039,65976
step,base,L2,noresponse,2040,67461
step,base,L2,perverse,2026,31778
step,base,L2,perverse,2027,33575
step,base,L2,perverse,2028,35473
step,base,L2,perverse,2029,37479
step,base,L2,perverse,2030,39598
step,base,L2,perverse,2031,41836
step,base,L2,perverse,2032,44511
step,base,L2,perverse,2033,47028
step,base,L2,perverse,2034,49880
step,base,L2,perverse,2035,52700
step,base,L2,perverse,2036,56370
step,base,L2,perverse,2037,59557
step,base,L2,perverse,2038,62924
step,base,L2,perverse,2039,66482
step,base,L2,perverse,2040,67461
step,base,L2,perverse_low,2026,31281
step,base,L2,perverse_low,2027,33050
step,base,L2,perverse_low,2028,34918
step,base,L2,perverse_low,2029,36892
step,base,L2,perverse_low,2030,38978
step,base,L2,perverse_low,2031,41182
step,base,L2,perverse_low,2032,44128
step,base,L2,perverse_low,2033,46624
step,base,L2,perverse_low,2034,49646
step,base,L2,perverse_low,2035,52453
step,base,L2,perverse_low,2036,56798
step,base,L2,perverse_low,2037,60010
step,base,L2,perverse_low,2038,63403
step,base,L2,perverse_low,2039,66987
step,base,L2,perverse_low,2040,67461
step,base,L2,reform,2026,31778
step,base,L2,reform,2027,33811
step,base,L2,reform,2028,35973
step,base,L2,reform,2029,38270
step,base,L2,reform,2030,40713
step,base,L2,reform,2031,43309
step,base,L2,reform,2032,45545
step,base,L2,reform,2033,48301
step,base,L2,reform,2034,50722
step,base,L2,reform,2035,53700
step,base,L2,reform,2036,54441
step,base,L2,reform,2037,57519
step,base,L2,reform,2038,60771
step,base,L2,reform,2039,64207
step,base,L2,reform,2040,67461
step,base,L3,frictionless,2026,33960
step,base,L3,frictionless,2027,35880
step,base,L3,frictionless,2028,37909
step,base,L3,frictionless,2029,40052
step,base,L3,frictionless,2030,42317
step,base,L3,frictionless,2031,42018
step,base,L3,frictionless,2032,44394
step,base,L3,frictionless,2033,46904
step,base,L3,frictionless,2034,49556
step,base,L3,frictionless,2035,52358
step,base,L3,frictionless,2036,54689
step,base,L3,frictionless,2037,57781
step,base,L3,frictionless,2038,61048
step,base,L3,frictionless,2039,64499
step,base,L3,frictionless,2040,67461
step,base,L3,noresponse,2026,32275
step,base,L3,noresponse,2027,34100
step,base,L3,noresponse,2028,36028
step,base,L3,noresponse,2029,38065
step,base,L3,noresponse,2030,40217
step,base,L3,noresponse,2031,42491
step,base,L3,noresponse,2032,44894
step,base,L3,noresponse,2033,47432
step,base,L3,noresponse,2034,50114
step,base,L3,noresponse,2035,52947
step,base,L3,noresponse,2036,55941
step,base,L3,noresponse,2037,59104
step,base,L3,noresponse,2038,62446
step,base,L3,noresponse,2039,65976
step,base,L3,noresponse,2040,67461
step,base,L3,perverse,2026,31854
step,base,L3,perverse,2027,33655
step,base,L3,perverse,2028,35558
step,base,L3,perverse,2029,37568
step,base,L3,perverse,2030,39692
step,base,L3,perverse,2031,42609
step,base,L3,perverse,2032,45019
step,base,L3,perverse,2033,47564
step,base,L3,perverse,2034,50254
step,base,L3,perverse,2035,53094
step,base,L3,perverse,2036,56254
step,base,L3,perverse,2037,59435
step,base,L3,perverse,2038,62796
step,base,L3,perverse,2039,66345
step,base,L3,perverse,2040,67461
step,base,L3,perverse_low,2026,31432
step,base,L3,perverse_low,2027,33210
step,base,L3,perverse_low,2028,35088
step,base,L3,perverse_low,2029,37072
step,base,L3,perverse_low,2030,39167
step,base,L3,perverse_low,2031,42728
step,base,L3,perverse_low,2032,45144
step,base,L3,perverse_low,2033,47696
step,base,L3,perverse_low,2034,50393
step,base,L3,perverse_low,2035,53242
step,base,L3,perverse_low,2036,56567
step,base,L3,perverse_low,2037,59766
step,base,L3,perverse_low,2038,63145
step,base,L3,perverse_low,2039,66714
step,base,L3,perverse_low,2040,67461
step,base,L3,reform,2026,31854
step,base,L3,reform,2027,33855
step,base,L3,reform,2028,35981
step,base,L3,reform,2029,38239
step,base,L3,reform,2030,40637
step,base,L3,reform,2031,42343
step,base,L3,reform,2032,44682
step,base,L3,reform,2033,47148
step,base,L3,reform,2034,49751
step,base,L3,reform,2035,52498
step,base,L3,reform,2036,54846
step,base,L3,reform,2037,57946
step,base,L3,reform,2038,61223
step,base,L3,reform,2039,64684
step,base,L3,reform,2040,67461
step,base,L3C,frictionless,2026,33960
step,base,L3C,frictionless,2027,35880
step,base,L3C,frictionless,2028,37909
step,base,L3C,frictionless,2029,40052
step,base,L3C,frictionless,2030,42317
step,base,L3C,frictionless,2031,44053
step,base,L3C,frictionless,2032,46544
step,base,L3C,frictionless,2033,49175
step,base,L3C,frictionless,2034,51956
step,base,L3C,frictionless,2035,54893
step,base,L3C,frictionless,2036,57997
step,base,L3C,frictionless,2037,61276
step,base,L3C,frictionless,2038,64741
step,base,L3C,frictionless,2039,68401
step,base,L3C,frictionless,2040,67461
step,base,L3C,noresponse,2026,32275
step,base,L3C,noresponse,2027,34100
step,base,L3C,noresponse,2028,36028
step,base,L3C,noresponse,2029,38065
step,base,L3C,noresponse,2030,40217
step,base,L3C,noresponse,2031,42491
step,base,L3C,noresponse,2032,44894
step,base,L3C,noresponse,2033,47432
step,base,L3C,noresponse,2034,50114
step,base,L3C,noresponse,2035,52947
step,base,L3C,noresponse,2036,55941
step,base,L3C,noresponse,2037,59104
step,base,L3C,noresponse,2038,62446
step,base,L3C,noresponse,2039,65976
step,base,L3C,noresponse,2040,67461
step,base,L3C,perverse,2026,31854
step,base,L3C,perverse,2027,33655
step,base,L3C,perverse,2028,35558
step,base,L3C,perverse,2029,37568
step,base,L3C,perverse,2030,39692
step,base,L3C,perverse,2031,42100
step,base,L3C,perverse,2032,44482
step,base,L3C,perverse,2033,46996
step,base,L3C,perverse,2034,49654
step,base,L3C,perverse,2035,52460
step,base,L3C,perverse,2036,55427
step,base,L3C,perverse,2037,58561
step,base,L3C,perverse,2038,61872
step,base,L3C,perverse,2039,65370
step,base,L3C,perverse,2040,67461
step,base,L3C,perverse_low,2026,31432
step,base,L3C,perverse_low,2027,33210
step,base,L3C,perverse_low,2028,35088
step,base,L3C,perverse_low,2029,37072
step,base,L3C,perverse_low,2030,39167
step,base,L3C,perverse_low,2031,41710
step,base,L3C,perverse_low,2032,44069
step,base,L3C,perverse_low,2033,46560
step,base,L3C,perverse_low,2034,49193
step,base,L3C,perverse_low,2035,51974
step,base,L3C,perverse_low,2036,54913
step,base,L3C,perverse_low,2037,58018
step,base,L3C,perverse_low,2038,61298
step,base,L3C,perverse_low,2039,64764
step,base,L3C,perverse_low,2040,67461
step,base,L3C,reform,2026,31854
step,base,L3C,reform,2027,33855
step,base,L3C,reform,2028,35981
step,base,L3C,reform,2029,38239
step,base,L3C,reform,2030,40637
step,base,L3C,reform,2031,42979
step,base,L3C,reform,2032,45595
step,base,L3C,reform,2033,48369
step,base,L3C,reform,2034,51311
step,base,L3C,reform,2035,54431
step,base,L3C,reform,2036,57740
step,base,L3C,reform,2037,61004
step,base,L3C,reform,2038,64454
step,base,L3C,reform,2039,68098
step,base,L3C,reform,2040,67461
step,base,L4,frictionless,2026,34355
step,base,L4,frictionless,2027,36298
step,base,L4,frictionless,2028,38350
step,base,L4,frictionless,2029,40518
step,base,L4,frictionless,2030,42809
step,base,L4,frictionless,2031,43411
step,base,L4,frictionless,2032,45866
step,base,L4,frictionless,2033,48459
step,base,L4,frictionless,2034,51199
step,base,L4,frictionless,2035,54093
step,base,L4,frictionless,2036,57152
step,base,L4,frictionless,2037,60383
step,base,L4,frictionless,2038,63797
step,base,L4,frictionless,2039,67405
step,base,L4,frictionless,2040,67461
step,base,L4,noresponse,2026,32275
step,base,L4,noresponse,2027,34100
step,base,L4,noresponse,2028,36028
step,base,L4,noresponse,2029,38065
step,base,L4,noresponse,2030,40217
step,base,L4,noresponse,2031,42491
step,base,L4,noresponse,2032,44894
step,base,L4,noresponse,2033,47432
step,base,L4,noresponse,2034,50114
step,base,L4,noresponse,2035,52947
step,base,L4,noresponse,2036,55941
step,base,L4,noresponse,2037,59104
step,base,L4,noresponse,2038,62446
step,base,L4,noresponse,2039,65976
step,base,L4,noresponse,2040,67461
step,base,L4,perverse,2026,31755
step,base,L4,perverse,2027,33550
step,base,L4,perverse,2028,35448
step,base,L4,perverse,2029,37452
step,base,L4,perverse,2030,39569
step,base,L4,perverse,2031,42261
step,base,L4,perverse,2032,44651
step,base,L4,perverse,2033,47175
step,base,L4,perverse,2034,49843
step,base,L4,perverse,2035,52660
step,base,L4,perverse,2036,55638
step,base,L4,perverse,2037,58784
step,base,L4,perverse,2038,62108
step,base,L4,perverse,2039,65619
step,base,L4,perverse,2040,67461
step,base,L4,perverse_low,2026,31235
step,base,L4,perverse_low,2027,33001
step,base,L4,perverse_low,2028,34867
step,base,L4,perverse_low,2029,36838
step,base,L4,perverse_low,2030,38921
step,base,L4,perverse_low,2031,42031
step,base,L4,perverse_low,2032,44408
step,base,L4,perverse_low,2033,46918
step,base,L4,perverse_low,2034,49572
step,base,L4,perverse_low,2035,52374
step,base,L4,perverse_low,2036,55336
step,base,L4,perverse_low,2037,58464
step,base,L4,perverse_low,2038,61770
step,base,L4,perverse_low,2039,65262
step,base,L4,perverse_low,2040,67461
step,base,L4,reform,2026,31755
step,base,L4,reform,2027,33798
step,base,L4,reform,2028,35970
step,base,L4,reform,2029,38280
step,base,L4,reform,2030,40735
step,base,L4,reform,2031,42778
step,base,L4,reform,2032,45307
step,base,L4,reform,2033,47984
step,base,L4,reform,2034,50819
step,base,L4,reform,2035,53821
step,base,L4,reform,2036,57001
step,base,L4,reform,2037,60223
step,base,L4,reform,2038,63628
step,base,L4,reform,2039,67226
step,base,L4,reform,2040,67461
step,base,L_EU,frictionless,2026,39418
step,base,L_EU,frictionless,2027,41647
step,base,L_EU,frictionless,2028,44002
step,base,L_EU,frictionless,2029,46490
step,base,L_EU,frictionless,2030,49118
step,base,L_EU,frictionless,2031,51895
step,base,L_EU,frictionless,2032,54216
step,base,L_EU,frictionless,2033,54361
step,base,L_EU,frictionless,2034,54805
step,base,L_EU,frictionless,2035,57904
step,base,L_EU,frictionless,2036,61178
step,base,L_EU,frictionless,2037,64637
step,base,L_EU,frictionless,2038,68291
step,base,L_EU,frictionless,2039,68569
step,base,L_EU,frictionless,2040,67461
step,base,L_EU,noresponse,2026,32275
step,base,L_EU,noresponse,2027,34100
step,base,L_EU,noresponse,2028,36028
step,base,L_EU,noresponse,2029,38065
step,base,L_EU,noresponse,2030,40217
step,base,L_EU,noresponse,2031,42491
step,base,L_EU,noresponse,2032,44894
step,base,L_EU,noresponse,2033,47432
step,base,L_EU,noresponse,2034,50114
step,base,L_EU,noresponse,2035,52947
step,base,L_EU,noresponse,2036,55941
step,base,L_EU,noresponse,2037,59104
step,base,L_EU,noresponse,2038,62446
step,base,L_EU,noresponse,2039,65976
step,base,L_EU,noresponse,2040,67461
step,base,L_EU,perverse,2026,30489
step,base,L_EU,perverse,2027,32213
step,base,L_EU,perverse,2028,34034
step,base,L_EU,perverse,2029,35959
step,base,L_EU,perverse,2030,37992
step,base,L_EU,perverse,2031,40140
step,base,L_EU,perverse,2032,42564
step,base,L_EU,perverse,2033,45700
step,base,L_EU,perverse,2034,48941
step,base,L_EU,perverse,2035,51708
step,base,L_EU,perverse,2036,54632
step,base,L_EU,perverse,2037,57721
step,base,L_EU,perverse,2038,60985
step,base,L_EU,perverse,2039,65328
step,base,L_EU,perverse,2040,67461
step,base,L_EU,perverse_low,2026,28704
step,base,L_EU,perverse_low,2027,30326
step,base,L_EU,perverse_low,2028,32041
step,base,L_EU,perverse_low,2029,33852
step,base,L_EU,perverse_low,2030,35766
step,base,L_EU,perverse_low,2031,37789
step,base,L_EU,perverse_low,2032,40233
step,base,L_EU,perverse_low,2033,43968
step,base,L_EU,perverse_low,2034,47768
step,base,L_EU,perverse_low,2035,50468
step,base,L_EU,perverse_low,2036,53322
step,base,L_EU,perverse_low,2037,56338
step,base,L_EU,perverse_low,2038,59524
step,base,L_EU,perverse_low,2039,64680
step,base,L_EU,perverse_low,2040,67461
step,base,L_EU,reform,2026,30489
step,base,L_EU,reform,2027,33062
step,base,L_EU,reform,2028,35829
step,base,L_EU,reform,2029,38802
step,base,L_EU,reform,2030,41997
step,base,L_EU,reform,2031,45430
step,base,L_EU,reform,2032,48856
step,base,L_EU,reform,2033,51156
step,base,L_EU,reform,2034,53163
step,base,L_EU,reform,2035,56727
step,base,L_EU,reform,2036,60523
step,base,L_EU,reform,2037,63945
step,base,L_EU,reform,2038,67560
step,base,L_EU,reform,2039,68245
step,base,L_EU,reform,2040,67461
step,base,L_C,frictionless,2026,35249
step,base,L_C,frictionless,2027,37242
step,base,L_C,frictionless,2028,39347
step,base,L_C,frictionless,2029,41572
step,base,L_C,frictionless,2030,43923
step,base,L_C,frictionless,2031,46406
step,base,L_C,frictionless,2032,49030
step,base,L_C,frictionless,2033,51802
step,base,L_C,frictionless,2034,54731
step,base,L_C,frictionless,2035,57826
step,base,L_C,frictionless,2036,61095
step,base,L_C,frictionless,2037,64549
step,base,L_C,frictionless,2038,68199
step,base,L_C,frictionless,2039,68569
step,base,L_C,frictionless,2040,67461
step,base,L_C,noresponse,2026,32275
step,base,L_C,noresponse,2027,34100
step,base,L_C,noresponse,2028,36028
step,base,L_C,noresponse,2029,38065
step,base,L_C,noresponse,2030,40217
step,base,L_C,noresponse,2031,42491
step,base,L_C,noresponse,2032,44894
step,base,L_C,noresponse,2033,47432
step,base,L_C,noresponse,2034,50114
step,base,L_C,noresponse,2035,52947
step,base,L_C,noresponse,2036,55941
step,base,L_C,noresponse,2037,59104
step,base,L_C,noresponse,2038,62446
step,base,L_C,noresponse,2039,65976
step,base,L_C,noresponse,2040,67461
step,base,L_C,perverse,2026,31532
step,base,L_C,perverse,2027,33314
step,base,L_C,perverse,2028,35198
step,base,L_C,perverse,2029,37188
step,base,L_C,perverse,2030,39290
step,base,L_C,perverse,2031,41512
step,base,L_C,perverse,2032,43860
step,base,L_C,perverse,2033,46340
step,base,L_C,perverse,2034,48960
step,base,L_C,perverse,2035,51727
step,base,L_C,perverse,2036,54652
step,base,L_C,perverse,2037,57743
step,base,L_C,perverse,2038,61008
step,base,L_C,perverse,2039,65328
step,base,L_C,perverse,2040,67461
step,base,L_C,perverse_low,2026,30788
step,base,L_C,perverse_low,2027,32529
step,base,L_C,perverse_low,2028,34368
step,base,L_C,perverse_low,2029,36312
step,base,L_C,perverse_low,2030,38364
step,base,L_C,perverse_low,2031,40534
step,base,L_C,perverse_low,2032,42826
step,base,L_C,perverse_low,2033,45247
step,base,L_C,perverse_low,2034,47806
step,base,L_C,perverse_low,2035,50508
step,base,L_C,perverse_low,2036,53364
step,base,L_C,perverse_low,2037,56382
step,base,L_C,perverse_low,2038,59570
step,base,L_C,perverse_low,2039,64680
step,base,L_C,perverse_low,2040,67461
step,base,L_C,reform,2026,31532
step,base,L_C,reform,2027,33668
step,base,L_C,reform,2028,35945
step,base,L_C,reform,2029,38372
step,base,L_C,reform,2030,40958
step,base,L_C,reform,2031,43714
step,base,L_C,reform,2032,46652
step,base,L_C,reform,2033,49781
step,base,L_C,reform,2034,53115
step,base,L_C,reform,2035,56667
step,base,L_C,reform,2036,60451
step,base,L_C,reform,2037,63868
step,base,L_C,reform,2038,67480
step,base,L_C,reform,2039,68245
step,base,L_C,reform,2040,67461
step,base,L_QB,frictionless,2026,43921
step,base,L_QB,frictionless,2027,46404
step,base,L_QB,frictionless,2028,49028
step,base,L_QB,frictionless,2029,51800
step,base,L_QB,frictionless,2030,54729
step,base,L_QB,frictionless,2031,57823
step,base,L_QB,frictionless,2032,61093
step,base,L_QB,frictionless,2033,64547
step,base,L_QB,frictionless,2034,68196
step,base,L_QB,frictionless,2035,72052
step,base,L_QB,frictionless,2036,76126
step,base,L_QB,frictionless,2037,80430
step,base,L_QB,frictionless,2038,84978
step,base,L_QB,frictionless,2039,89783
step,base,L_QB,frictionless,2040,89767
step,base,L_QB,noresponse,2026,32275
step,base,L_QB,noresponse,2027,34100
step,base,L_QB,noresponse,2028,36028
step,base,L_QB,noresponse,2029,38065
step,base,L_QB,noresponse,2030,40217
step,base,L_QB,noresponse,2031,42491
step,base,L_QB,noresponse,2032,44894
step,base,L_QB,noresponse,2033,47432
step,base,L_QB,noresponse,2034,50114
step,base,L_QB,noresponse,2035,52947
step,base,L_QB,noresponse,2036,55941
step,base,L_QB,noresponse,2037,59104
step,base,L_QB,noresponse,2038,62446
step,base,L_QB,noresponse,2039,65976
step,base,L_QB,noresponse,2040,67461
step,base,L_QB,perverse,2026,29364
step,base,L_QB,perverse,2027,31024
step,base,L_QB,perverse,2028,32778
step,base,L_QB,perverse,2029,34631
step,base,L_QB,perverse,2030,36589
step,base,L_QB,perverse,2031,38658
step,base,L_QB,perverse,2032,40844
step,base,L_QB,perverse,2033,43153
step,base,L_QB,perverse,2034,45594
step,base,L_QB,perverse,2035,48171
step,base,L_QB,perverse,2036,50895
step,base,L_QB,perverse,2037,53772
step,base,L_QB,perverse,2038,56813
step,base,L_QB,perverse,2039,60024
step,base,L_QB,perverse,2040,61884
step,base,L_QB,perverse_low,2026,26452
step,base,L_QB,perverse_low,2027,27948
step,base,L_QB,perverse_low,2028,29528
step,base,L_QB,perverse_low,2029,31198
step,base,L_QB,perverse_low,2030,32961
step,base,L_QB,perverse_low,2031,34825
step,base,L_QB,perverse_low,2032,36794
step,base,L_QB,perverse_low,2033,38874
step,base,L_QB,perverse_low,2034,41073
step,base,L_QB,perverse_low,2035,43394
step,base,L_QB,perverse_low,2036,45848
step,base,L_QB,perverse_low,2037,48441
step,base,L_QB,perverse_low,2038,51180
step,base,L_QB,perverse_low,2039,54072
step,base,L_QB,perverse_low,2040,56308
step,base,L_QB,reform,2026,29364
step,base,L_QB,reform,2027,32408
step,base,L_QB,reform,2028,35703
step,base,L_QB,reform,2029,39267
step,base,L_QB,reform,2030,43119
step,base,L_QB,reform,2031,47282
step,base,L_QB,reform,2032,51779
step,base,L_QB,reform,2033,56631
step,base,L_QB,reform,2034,61867
step,base,L_QB,reform,2035,67515
step,base,L_QB,reform,2036,73603
step,base,L_QB,reform,2037,77764
step,base,L_QB,reform,2038,82162
step,base,L_QB,reform,2039,86807
step,base,L_QB,reform,2040,86979
step,middle,L1,frictionless,2026,43579
step,middle,L1,frictionless,2027,46043
step,middle,L1,frictionless,2028,48646
step,middle,L1,frictionless,2029,51397
step,middle,L1,frictionless,2030,54303
step,middle,L1,frictionless,2031,57373
step,middle,L1,frictionless,2032,60617
step,middle,L1,frictionless,2033,64044
step,middle,L1,frictionless,2034,67666
step,middle,L1,frictionless,2035,71491
step,middle,L1,frictionless,2036,75534
step,middle,L1,frictionless,2037,79804
step,middle,L1,frictionless,2038,82667
step,middle,L1,frictionless,2039,83266
step,middle,L1,frictionless,2040,83487
step,middle,L1,noresponse,2026,40862
step,middle,L1,noresponse,2027,43172
step,middle,L1,noresponse,2028,45613
step,middle,L1,noresponse,2029,48192
step,middle,L1,noresponse,2030,50917
step,middle,L1,noresponse,2031,53796
step,middle,L1,noresponse,2032,56837
step,middle,L1,noresponse,2033,60051
step,middle,L1,noresponse,2034,63446
step,middle,L1,noresponse,2035,67034
step,middle,L1,noresponse,2036,70824
step,middle,L1,noresponse,2037,74828
step,middle,L1,noresponse,2038,79059
step,middle,L1,noresponse,2039,83529
step,middle,L1,noresponse,2040,88252
step,middle,L1,perverse,2026,40183
step,middle,L1,perverse,2027,42454
step,middle,L1,perverse,2028,44855
step,middle,L1,perverse,2029,47391
step,middle,L1,perverse,2030,50070
step,middle,L1,perverse,2031,52902
step,middle,L1,perverse,2032,55892
step,middle,L1,perverse,2033,59053
step,middle,L1,perverse,2034,62391
step,middle,L1,perverse,2035,65920
step,middle,L1,perverse,2036,69646
step,middle,L1,perverse,2037,73584
step,middle,L1,perverse,2038,78157
step,middle,L1,perverse,2039,83595
step,middle,L1,perverse,2040,89443
step,middle,L1,perverse_low,2026,39504
step,middle,L1,perverse_low,2027,41736
step,middle,L1,perverse_low,2028,44096
step,middle,L1,perverse_low,2029,46590
step,middle,L1,perverse_low,2030,49224
step,middle,L1,perverse_low,2031,52008
step,middle,L1,perverse_low,2032,54947
step,middle,L1,perverse_low,2033,58054
step,middle,L1,perverse_low,2034,61336
step,middle,L1,perverse_low,2035,64806
step,middle,L1,perverse_low,2036,68469
step,middle,L1,perverse_low,2037,72340
step,middle,L1,perverse_low,2038,77255
step,middle,L1,perverse_low,2039,83660
step,middle,L1,perverse_low,2040,90634
step,middle,L1,reform,2026,40183
step,middle,L1,reform,2027,42777
step,middle,L1,reform,2028,45537
step,middle,L1,reform,2029,48472
step,middle,L1,reform,2030,51594
step,middle,L1,reform,2031,54914
step,middle,L1,reform,2032,58444
step,middle,L1,reform,2033,62197
step,middle,L1,reform,2034,66189
step,middle,L1,reform,2035,70432
step,middle,L1,reform,2036,74945
step,middle,L1,reform,2037,79182
step,middle,L1,reform,2038,82216
step,middle,L1,reform,2039,83299
step,middle,L1,reform,2040,84083
step,middle,L2,frictionless,2026,44578
step,middle,L2,frictionless,2027,47099
step,middle,L2,frictionless,2028,49762
step,middle,L2,frictionless,2029,52575
step,middle,L2,frictionless,2030,55548
step,middle,L2,frictionless,2031,58689
step,middle,L2,frictionless,2032,62007
step,middle,L2,frictionless,2033,65513
step,middle,L2,frictionless,2034,69217
step,middle,L2,frictionless,2035,73130
step,middle,L2,frictionless,2036,77265
step,middle,L2,frictionless,2037,81634
step,middle,L2,frictionless,2038,82667
step,middle,L2,frictionless,2039,83266
step,middle,L2,frictionless,2040,83487
step,middle,L2,noresponse,2026,40862
step,middle,L2,noresponse,2027,43172
step,middle,L2,noresponse,2028,45613
step,middle,L2,noresponse,2029,48192
step,middle,L2,noresponse,2030,50917
step,middle,L2,noresponse,2031,53796
step,middle,L2,noresponse,2032,56837
step,middle,L2,noresponse,2033,60051
step,middle,L2,noresponse,2034,63446
step,middle,L2,noresponse,2035,67034
step,middle,L2,noresponse,2036,70824
step,middle,L2,noresponse,2037,74828
step,middle,L2,noresponse,2038,79059
step,middle,L2,noresponse,2039,83529
step,middle,L2,noresponse,2040,88252
step,middle,L2,perverse,2026,39933
step,middle,L2,perverse,2027,42190
step,middle,L2,perverse,2028,44576
step,middle,L2,perverse,2029,47096
step,middle,L2,perverse,2030,49759
step,middle,L2,perverse,2031,52573
step,middle,L2,perverse,2032,55544
step,middle,L2,perverse,2033,58686
step,middle,L2,perverse,2034,62003
step,middle,L2,perverse,2035,65510
step,middle,L2,perverse,2036,69214
step,middle,L2,perverse,2037,73126
step,middle,L2,perverse,2038,78157
step,middle,L2,perverse,2039,83595
step,middle,L2,perverse,2040,89443
step,middle,L2,perverse_low,2026,39004
step,middle,L2,perverse_low,2027,41208
step,middle,L2,perverse_low,2028,43538
step,middle,L2,perverse_low,2029,46000
step,middle,L2,perverse_low,2030,48602
step,middle,L2,perverse_low,2031,51350
step,middle,L2,perverse_low,2032,54252
step,middle,L2,perverse_low,2033,57320
step,middle,L2,perverse_low,2034,60560
step,middle,L2,perverse_low,2035,63986
step,middle,L2,perverse_low,2036,67604
step,middle,L2,perverse_low,2037,71425
step,middle,L2,perverse_low,2038,77255
step,middle,L2,perverse_low,2039,83660
step,middle,L2,perverse_low,2040,90634
step,middle,L2,reform,2026,39933
step,middle,L2,reform,2027,42632
step,middle,L2,reform,2028,45509
step,middle,L2,reform,2029,48576
step,middle,L2,reform,2030,51843
step,middle,L2,reform,2031,55325
step,middle,L2,reform,2032,59034
step,middle,L2,reform,2033,62987
step,middle,L2,reform,2034,67197
step,middle,L2,reform,2035,71682
step,middle,L2,reform,2036,76460
step,middle,L2,reform,2037,80783
step,middle,L2,reform,2038,82216
step,middle,L2,reform,2039,83299
step,middle,L2,reform,2040,84083
step,middle,L3,frictionless,2026,41439
step,middle,L3,frictionless,2027,43782
step,middle,L3,frictionless,2028,46257
step,middle,L3,frictionless,2029,48873
step,middle,L3,frictionless,2030,51636
step,middle,L3,frictionless,2031,54555
step,middle,L3,frictionless,2032,57640
step,middle,L3,frictionless,2033,60899
step,middle,L3,frictionless,2034,64342
step,middle,L3,frictionless,2035,67980
step,middle,L3,frictionless,2036,71824
step,middle,L3,frictionless,2037,75885
step,middle,L3,frictionless,2038,80175
step,middle,L3,frictionless,2039,83601
step,middle,L3,frictionless,2040,88255
step,middle,L3,noresponse,2026,40862
step,middle,L3,noresponse,2027,43172
step,middle,L3,noresponse,2028,45613
step,middle,L3,noresponse,2029,48192
step,middle,L3,noresponse,2030,50917
step,middle,L3,noresponse,2031,53796
step,middle,L3,noresponse,2032,56837
step,middle,L3,noresponse,2033,60051
step,middle,L3,noresponse,2034,63446
step,middle,L3,noresponse,2035,67034
step,middle,L3,noresponse,2036,70824
step,middle,L3,noresponse,2037,74828
step,middle,L3,noresponse,2038,79059
step,middle,L3,noresponse,2039,83529
step,middle,L3,noresponse,2040,88252
step,middle,L3,perverse,2026,40718
step,middle,L3,perverse,2027,43020
step,middle,L3,perverse,2028,45452
step,middle,L3,perverse,2029,48022
step,middle,L3,perverse,2030,50737
step,middle,L3,perverse,2031,53606
step,middle,L3,perverse,2032,56636
step,middle,L3,perverse,2033,59839
step,middle,L3,perverse,2034,63222
step,middle,L3,perverse,2035,66798
step,middle,L3,perverse,2036,70574
step,middle,L3,perverse,2037,74564
step,middle,L3,perverse,2038,78780
step,middle,L3,perverse,2039,83511
step,middle,L3,perverse,2040,88251
step,middle,L3,perverse_low,2026,40574
step,middle,L3,perverse_low,2027,42867
step,middle,L3,perverse_low,2028,45291
step,middle,L3,perverse_low,2029,47852
step,middle,L3,perverse_low,2030,50558
step,middle,L3,perverse_low,2031,53416
step,middle,L3,perverse_low,2032,56436
step,middle,L3,perverse_low,2033,59627
step,middle,L3,perverse_low,2034,62998
step,middle,L3,perverse_low,2035,66561
step,middle,L3,perverse_low,2036,70324
step,middle,L3,perverse_low,2037,74300
step,middle,L3,perverse_low,2038,78501
step,middle,L3,perverse_low,2039,83493
step,middle,L3,perverse_low,2040,88250
step,middle,L3,reform,2026,40718
step,middle,L3,reform,2027,43088
step,middle,L3,reform,2028,45597
step,middle,L3,reform,2029,48252
step,middle,L3,reform,2030,51061
step,middle,L3,reform,2031,54033
step,middle,L3,reform,2032,57178
step,middle,L3,reform,2033,60507
step,middle,L3,reform,2034,64028
step,middle,L3,reform,2035,67755
step,middle,L3,reform,2036,71699
step,middle,L3,reform,2037,75753
step,middle,L3,reform,2038,80036
step,middle,L3,reform,2039,83592
step,middle,L3,reform,2040,88255
step,middle,L3C,frictionless,2026,43579
step,middle,L3C,frictionless,2027,46043
step,middle,L3C,frictionless,2028,48647
step,middle,L3C,frictionless,2029,51397
step,middle,L3C,frictionless,2030,54303
step,middle,L3C,frictionless,2031,57373
step,middle,L3C,frictionless,2032,60617
step,middle,L3C,frictionless,2033,64045
step,middle,L3C,frictionless,2034,67666
step,middle,L3C,frictionless,2035,71492
step,middle,L3C,frictionless,2036,75534
step,middle,L3C,frictionless,2037,79805
step,middle,L3C,frictionless,2038,82783
step,middle,L3C,frictionless,2039,83728
step,middle,L3C,frictionless,2040,88462
step,middle,L3C,noresponse,2026,40862
step,middle,L3C,noresponse,2027,43172
step,middle,L3C,noresponse,2028,45613
step,middle,L3C,noresponse,2029,48192
step,middle,L3C,noresponse,2030,50917
step,middle,L3C,noresponse,2031,53796
step,middle,L3C,noresponse,2032,56837
step,middle,L3C,noresponse,2033,60051
step,middle,L3C,noresponse,2034,63446
step,middle,L3C,noresponse,2035,67034
step,middle,L3C,noresponse,2036,70824
step,middle,L3C,noresponse,2037,74828
step,middle,L3C,noresponse,2038,79059
step,middle,L3C,noresponse,2039,83529
step,middle,L3C,noresponse,2040,88252
step,middle,L3C,perverse,2026,40183
step,middle,L3C,perverse,2027,42454
step,middle,L3C,perverse,2028,44854
step,middle,L3C,perverse,2029,47391
step,middle,L3C,perverse,2030,50070
step,middle,L3C,perverse,2031,52902
step,middle,L3C,perverse,2032,55892
step,middle,L3C,perverse,2033,59052
step,middle,L3C,perverse,2034,62391
step,middle,L3C,perverse,2035,65920
step,middle,L3C,perverse,2036,69646
step,middle,L3C,perverse,2037,73584
step,middle,L3C,perverse,2038,78128
step,middle,L3C,perverse,2039,83479
step,middle,L3C,perverse,2040,88200
step,middle,L3C,perverse_low,2026,39504
step,middle,L3C,perverse_low,2027,41736
step,middle,L3C,perverse_low,2028,44096
step,middle,L3C,perverse_low,2029,46590
step,middle,L3C,perverse_low,2030,49224
step,middle,L3C,perverse_low,2031,52008
step,middle,L3C,perverse_low,2032,54947
step,middle,L3C,perverse_low,2033,58054
step,middle,L3C,perverse_low,2034,61336
step,middle,L3C,perverse_low,2035,64805
step,middle,L3C,perverse_low,2036,68469
step,middle,L3C,perverse_low,2037,72340
step,middle,L3C,perverse_low,2038,77197
step,middle,L3C,perverse_low,2039,83430
step,middle,L3C,perverse_low,2040,88147
step,middle,L3C,reform,2026,40183
step,middle,L3C,reform,2027,42777
step,middle,L3C,reform,2028,45537
step,middle,L3C,reform,2029,48472
step,middle,L3C,reform,2030,51594
step,middle,L3C,reform,2031,54914
step,middle,L3C,reform,2032,58444
step,middle,L3C,reform,2033,62198
step,middle,L3C,reform,2034,66189
step,middle,L3C,reform,2035,70433
step,middle,L3C,reform,2036,74945
step,middle,L3C,reform,2037,79183
step,middle,L3C,reform,2038,82318
step,middle,L3C,reform,2039,83703
step,middle,L3C,reform,2040,88436
step,middle,L4,frictionless,2026,41759
step,middle,L4,frictionless,2027,44120
step,middle,L4,frictionless,2028,46615
step,middle,L4,frictionless,2029,49250
step,middle,L4,frictionless,2030,52035
step,middle,L4,frictionless,2031,54977
step,middle,L4,frictionless,2032,58086
step,middle,L4,frictionless,2033,61370
step,middle,L4,frictionless,2034,64840
step,middle,L4,frictionless,2035,68506
step,middle,L4,frictionless,2036,72379
step,middle,L4,frictionless,2037,76472
step,middle,L4,frictionless,2038,80795
step,middle,L4,frictionless,2039,83764
step,middle,L4,frictionless,2040,88429
step,middle,L4,noresponse,2026,40862
step,middle,L4,noresponse,2027,43172
step,middle,L4,noresponse,2028,45613
step,middle,L4,noresponse,2029,48192
step,middle,L4,noresponse,2030,50917
step,middle,L4,noresponse,2031,53796
step,middle,L4,noresponse,2032,56837
step,middle,L4,noresponse,2033,60051
step,middle,L4,noresponse,2034,63446
step,middle,L4,noresponse,2035,67034
step,middle,L4,noresponse,2036,70824
step,middle,L4,noresponse,2037,74828
step,middle,L4,noresponse,2038,79059
step,middle,L4,noresponse,2039,83529
step,middle,L4,noresponse,2040,88252
step,middle,L4,perverse,2026,40638
step,middle,L4,perverse,2027,42935
step,middle,L4,perverse,2028,45362
step,middle,L4,perverse,2029,47928
step,middle,L4,perverse,2030,50638
step,middle,L4,perverse,2031,53501
step,middle,L4,perverse,2032,56525
step,middle,L4,perverse,2033,59721
step,middle,L4,perverse,2034,63098
step,middle,L4,perverse,2035,66666
step,middle,L4,perverse,2036,70435
step,middle,L4,perverse,2037,74417
step,middle,L4,perverse,2038,78625
step,middle,L4,perverse,2039,83470
step,middle,L4,perverse,2040,88208
step,middle,L4,perverse_low,2026,40414
step,middle,L4,perverse_low,2027,42698
step,middle,L4,perverse_low,2028,45112
step,middle,L4,perverse_low,2029,47663
step,middle,L4,perverse_low,2030,50358
step,middle,L4,perverse_low,2031,53206
step,middle,L4,perverse_low,2032,56212
step,middle,L4,perverse_low,2033,59392
step,middle,L4,perverse_low,2034,62749
step,middle,L4,perverse_low,2035,66298
step,middle,L4,perverse_low,2036,70046
step,middle,L4,perverse_low,2037,74006
step,middle,L4,perverse_low,2038,78191
step,middle,L4,perverse_low,2039,83412
step,middle,L4,perverse_low,2040,88164
step,middle,L4,reform,2026,40638
step,middle,L4,reform,2027,43042
step,middle,L4,reform,2028,45588
step,middle,L4,reform,2029,48285
step,middle,L4,reform,2030,51141
step,middle,L4,reform,2031,54165
step,middle,L4,reform,2032,57368
step,middle,L4,reform,2033,60760
step,middle,L4,reform,2034,64352
step,middle,L4,reform,2035,68156
step,middle,L4,reform,2036,72185
step,middle,L4,reform,2037,76266
step,middle,L4,reform,2038,80578
step,middle,L4,reform,2039,83735
step,middle,L4,reform,2040,88407
step,middle,L_EU,frictionless,2026,45072
step,middle,L_EU,frictionless,2027,47620
step,middle,L_EU,frictionless,2028,50313
step,middle,L_EU,frictionless,2029,53158
step,middle,L_EU,frictionless,2030,56163
step,middle,L_EU,frictionless,2031,59339
step,middle,L_EU,frictionless,2032,62694
step,middle,L_EU,frictionless,2033,66238
step,middle,L_EU,frictionless,2034,69984
step,middle,L_EU,frictionless,2035,73941
step,middle,L_EU,frictionless,2036,78121
step,middle,L_EU,frictionless,2037,82538
step,middle,L_EU,frictionless,2038,87205
step,middle,L_EU,frictionless,2039,91051
step,middle,L_EU,frictionless,2040,89762
step,middle,L_EU,noresponse,2026,40862
step,middle,L_EU,noresponse,2027,43172
step,middle,L_EU,noresponse,2028,45613
step,middle,L_EU,noresponse,2029,48192
step,middle,L_EU,noresponse,2030,50917
step,middle,L_EU,noresponse,2031,53796
step,middle,L_EU,noresponse,2032,56837
step,middle,L_EU,noresponse,2033,60051
step,middle,L_EU,noresponse,2034,63446
step,middle,L_EU,noresponse,2035,67034
step,middle,L_EU,noresponse,2036,70824
step,middle,L_EU,noresponse,2037,74828
step,middle,L_EU,noresponse,2038,79059
step,middle,L_EU,noresponse,2039,83529
step,middle,L_EU,noresponse,2040,88252
step,middle,L_EU,perverse,2026,39810
step,middle,L_EU,perverse,2027,42060
step,middle,L_EU,perverse,2028,44438
step,middle,L_EU,perverse,2029,46950
step,middle,L_EU,perverse,2030,49606
step,middle,L_EU,perverse,2031,52410
step,middle,L_EU,perverse,2032,55373
step,middle,L_EU,perverse,2033,58504
step,middle,L_EU,perverse,2034,61812
step,middle,L_EU,perverse,2035,65307
step,middle,L_EU,perverse,2036,69000
step,middle,L_EU,perverse,2037,72900
step,middle,L_EU,perverse,2038,77022
step,middle,L_EU,perverse,2039,81648
step,middle,L_EU,perverse,2040,87874
step,middle,L_EU,perverse_low,2026,38757
step,middle,L_EU,perverse_low,2027,40948
step,middle,L_EU,perverse_low,2028,43263
step,middle,L_EU,perverse_low,2029,45709
step,middle,L_EU,perverse_low,2030,48294
step,middle,L_EU,perverse_low,2031,51024
step,middle,L_EU,perverse_low,2032,53908
step,middle,L_EU,perverse_low,2033,56958
step,middle,L_EU,perverse_low,2034,60177
step,middle,L_EU,perverse_low,2035,63580
step,middle,L_EU,perverse_low,2036,67176
step,middle,L_EU,perverse_low,2037,70973
step,middle,L_EU,perverse_low,2038,74986
step,middle,L_EU,perverse_low,2039,79768
step,middle,L_EU,perverse_low,2040,87497
step,middle,L_EU,reform,2026,39810
step,middle,L_EU,reform,2027,42560
step,middle,L_EU,reform,2028,45496
step,middle,L_EU,reform,2029,48627
step,middle,L_EU,reform,2030,51966
step,middle,L_EU,reform,2031,55528
step,middle,L_EU,reform,2032,59326
step,middle,L_EU,reform,2033,63377
step,middle,L_EU,reform,2034,67696
step,middle,L_EU,reform,2035,72301
step,middle,L_EU,reform,2036,77209
step,middle,L_EU,reform,2037,81574
step,middle,L_EU,reform,2038,86187
step,middle,L_EU,reform,2039,90111
step,middle,L_EU,reform,2040,89573
step,middle,L_C,frictionless,2026,43405
step,middle,L_C,frictionless,2027,45859
step,middle,L_C,frictionless,2028,48452
step,middle,L_C,frictionless,2029,51191
step,middle,L_C,frictionless,2030,54085
step,middle,L_C,frictionless,2031,57143
step,middle,L_C,frictionless,2032,60374
step,middle,L_C,frictionless,2033,63788
step,middle,L_C,frictionless,2034,67395
step,middle,L_C,frictionless,2035,71205
step,middle,L_C,frictionless,2036,75231
step,middle,L_C,frictionless,2037,79485
step,middle,L_C,frictionless,2038,83979
step,middle,L_C,frictionless,2039,88727
step,middle,L_C,frictionless,2040,89762
step,middle,L_C,noresponse,2026,40862
step,middle,L_C,noresponse,2027,43172
step,middle,L_C,noresponse,2028,45613
step,middle,L_C,noresponse,2029,48192
step,middle,L_C,noresponse,2030,50917
step,middle,L_C,noresponse,2031,53796
step,middle,L_C,noresponse,2032,56837
step,middle,L_C,noresponse,2033,60051
step,middle,L_C,noresponse,2034,63446
step,middle,L_C,noresponse,2035,67034
step,middle,L_C,noresponse,2036,70824
step,middle,L_C,noresponse,2037,74828
step,middle,L_C,noresponse,2038,79059
step,middle,L_C,noresponse,2039,83529
step,middle,L_C,noresponse,2040,88252
step,middle,L_C,perverse,2026,40226
step,middle,L_C,perverse,2027,42500
step,middle,L_C,perverse,2028,44903
step,middle,L_C,perverse,2029,47442
step,middle,L_C,perverse,2030,50125
step,middle,L_C,perverse,2031,52959
step,middle,L_C,perverse,2032,55953
step,middle,L_C,perverse,2033,59117
step,middle,L_C,perverse,2034,62459
step,middle,L_C,perverse,2035,65991
step,middle,L_C,perverse,2036,69722
step,middle,L_C,perverse,2037,73664
step,middle,L_C,perverse,2038,77829
step,middle,L_C,perverse,2039,82230
step,middle,L_C,perverse,2040,87874
step,middle,L_C,perverse_low,2026,39590
step,middle,L_C,perverse_low,2027,41828
step,middle,L_C,perverse_low,2028,44194
step,middle,L_C,perverse_low,2029,46692
step,middle,L_C,perverse_low,2030,49333
step,middle,L_C,perverse_low,2031,52122
step,middle,L_C,perverse_low,2032,55068
step,middle,L_C,perverse_low,2033,58182
step,middle,L_C,perverse_low,2034,61472
step,middle,L_C,perverse_low,2035,64948
step,middle,L_C,perverse_low,2036,68620
step,middle,L_C,perverse_low,2037,72500
step,middle,L_C,perverse_low,2038,76599
step,middle,L_C,perverse_low,2039,80930
step,middle,L_C,perverse_low,2040,87497
step,middle,L_C,reform,2026,40226
step,middle,L_C,reform,2027,42803
step,middle,L_C,reform,2028,45542
step,middle,L_C,reform,2029,48454
step,middle,L_C,reform,2030,51551
step,middle,L_C,reform,2031,54842
step,middle,L_C,reform,2032,58340
step,middle,L_C,reform,2033,62060
step,middle,L_C,reform,2034,66013
step,middle,L_C,reform,2035,70214
step,middle,L_C,reform,2036,74680
step,middle,L_C,reform,2037,78903
step,middle,L_C,reform,2038,83364
step,middle,L_C,reform,2039,88077
step,middle,L_C,reform,2040,89573
step,middle,L_QB,frictionless,2026,66439
step,middle,L_QB,frictionless,2027,70195
step,middle,L_QB,frictionless,2028,74164
step,middle,L_QB,frictionless,2029,78358
step,middle,L_QB,frictionless,2030,82788
step,middle,L_QB,frictionless,2031,87469
step,middle,L_QB,frictionless,2032,92414
step,middle,L_QB,frictionless,2033,97640
step,middle,L_QB,frictionless,2034,103160
step,middle,L_QB,frictionless,2035,108993
step,middle,L_QB,frictionless,2036,115156
step,middle,L_QB,frictionless,2037,121667
step,middle,L_QB,frictionless,2038,128546
step,middle,L_QB,frictionless,2039,135814
step,middle,L_QB,frictionless,2040,143493
step,middle,L_QB,noresponse,2026,40862
step,middle,L_QB,noresponse,2027,43172
step,middle,L_QB,noresponse,2028,45613
step,middle,L_QB,noresponse,2029,48192
step,middle,L_QB,noresponse,2030,50917
step,middle,L_QB,noresponse,2031,53796
step,middle,L_QB,noresponse,2032,56837
step,middle,L_QB,noresponse,2033,60051
step,middle,L_QB,noresponse,2034,63446
step,middle,L_QB,noresponse,2035,67034
step,middle,L_QB,noresponse,2036,70824
step,middle,L_QB,noresponse,2037,74828
step,middle,L_QB,noresponse,2038,79059
step,middle,L_QB,noresponse,2039,83529
step,middle,L_QB,noresponse,2040,88252
step,middle,L_QB,perverse,2026,34468
step,middle,L_QB,perverse,2027,36416
step,middle,L_QB,perverse,2028,38475
step,middle,L_QB,perverse,2029,40650
step,middle,L_QB,perverse,2030,42949
step,middle,L_QB,perverse,2031,45378
step,middle,L_QB,perverse,2032,47943
step,middle,L_QB,perverse,2033,50654
step,middle,L_QB,perverse,2034,53518
step,middle,L_QB,perverse,2035,56544
step,middle,L_QB,perverse,2036,59741
step,middle,L_QB,perverse,2037,63118
step,middle,L_QB,perverse,2038,66687
step,middle,L_QB,perverse,2039,70458
step,middle,L_QB,perverse,2040,74442
step,middle,L_QB,perverse_low,2026,28074
step,middle,L_QB,perverse_low,2027,29660
step,middle,L_QB,perverse_low,2028,31338
step,middle,L_QB,perverse_low,2029,33109
step,middle,L_QB,perverse_low,2030,34982
step,middle,L_QB,perverse_low,2031,36960
step,middle,L_QB,perverse_low,2032,39048
step,middle,L_QB,perverse_low,2033,41256
step,middle,L_QB,perverse_low,2034,43589
step,middle,L_QB,perverse_low,2035,46054
step,middle,L_QB,perverse_low,2036,48658
step,middle,L_QB,perverse_low,2037,51408
step,middle,L_QB,perverse_low,2038,54316
step,middle,L_QB,perverse_low,2039,57386
step,middle,L_QB,perverse_low,2040,60632
step,middle,L_QB,reform,2026,34468
step,middle,L_QB,reform,2027,39456
step,middle,L_QB,reform,2028,44899
step,middle,L_QB,reform,2029,50832
step,middle,L_QB,reform,2030,57291
step,middle,L_QB,reform,2031,64319
step,middle,L_QB,reform,2032,71957
step,middle,L_QB,reform,2033,80255
step,middle,L_QB,reform,2034,89260
step,middle,L_QB,reform,2035,99028
step,middle,L_QB,reform,2036,109614
step,middle,L_QB,reform,2037,115812
step,middle,L_QB,reform,2038,122360
step,middle,L_QB,reform,2039,129278
step,middle,L_QB,reform,2040,136588
step,ideal,L1,frictionless,2026,180185
step,ideal,L1,frictionless,2027,190373
step,ideal,L1,frictionless,2028,201136
step,ideal,L1,frictionless,2029,212509
step,ideal,L1,frictionless,2030,224524
step,ideal,L1,frictionless,2031,237219
step,ideal,L1,frictionless,2032,250631
step,ideal,L1,frictionless,2033,264802
step,ideal,L1,frictionless,2034,279774
step,ideal,L1,frictionless,2035,295593
step,ideal,L1,frictionless,2036,312306
step,ideal,L1,frictionless,2037,329964
step,ideal,L1,frictionless,2038,348620
step,ideal,L1,frictionless,2039,368332
step,ideal,L1,frictionless,2040,389157
step,ideal,L1,noresponse,2026,124578
step,ideal,L1,noresponse,2027,131622
step,ideal,L1,noresponse,2028,139064
step,ideal,L1,noresponse,2029,146926
step,ideal,L1,noresponse,2030,155234
step,ideal,L1,noresponse,2031,164011
step,ideal,L1,noresponse,2032,173284
step,ideal,L1,noresponse,2033,183081
step,ideal,L1,noresponse,2034,193433
step,ideal,L1,noresponse,2035,204370
step,ideal,L1,noresponse,2036,215925
step,ideal,L1,noresponse,2037,228133
step,ideal,L1,noresponse,2038,241032
step,ideal,L1,noresponse,2039,254660
step,ideal,L1,noresponse,2040,269059
step,ideal,L1,perverse,2026,110676
step,ideal,L1,perverse,2027,116934
step,ideal,L1,perverse,2028,123546
step,ideal,L1,perverse,2029,130530
step,ideal,L1,perverse,2030,137912
step,ideal,L1,perverse,2031,145709
step,ideal,L1,perverse,2032,153947
step,ideal,L1,perverse,2033,162651
step,ideal,L1,perverse,2034,171848
step,ideal,L1,perverse,2035,181564
step,ideal,L1,perverse,2036,191830
step,ideal,L1,perverse,2037,202675
step,ideal,L1,perverse,2038,214135
step,ideal,L1,perverse,2039,226242
step,ideal,L1,perverse,2040,239034
step,ideal,L1,perverse_low,2026,96774
step,ideal,L1,perverse_low,2027,102246
step,ideal,L1,perverse_low,2028,108028
step,ideal,L1,perverse_low,2029,114134
step,ideal,L1,perverse_low,2030,120589
step,ideal,L1,perverse_low,2031,127407
step,ideal,L1,perverse_low,2032,134610
step,ideal,L1,perverse_low,2033,142220
step,ideal,L1,perverse_low,2034,150262
step,ideal,L1,perverse_low,2035,158758
step,ideal,L1,perverse_low,2036,167734
step,ideal,L1,perverse_low,2037,177218
step,ideal,L1,perverse_low,2038,187238
step,ideal,L1,perverse_low,2039,197824
step,ideal,L1,perverse_low,2040,209010
step,ideal,L1,reform,2026,110676
step,ideal,L1,reform,2027,123544
step,ideal,L1,reform,2028,137512
step,ideal,L1,reform,2029,152665
step,ideal,L1,reform,2030,169092
step,ideal,L1,reform,2031,186888
step,ideal,L1,reform,2032,206156
step,ideal,L1,reform,2033,227006
step,ideal,L1,reform,2034,249555
step,ideal,L1,reform,2035,273928
step,ideal,L1,reform,2036,300258
step,ideal,L1,reform,2037,317235
step,ideal,L1,reform,2038,335172
step,ideal,L1,reform,2039,354123
step,ideal,L1,reform,2040,374145
step,ideal,L2,frictionless,2026,189328
step,ideal,L2,frictionless,2027,200033
step,ideal,L2,frictionless,2028,211343
step,ideal,L2,frictionless,2029,223293
step,ideal,L2,frictionless,2030,235918
step,ideal,L2,frictionless,2031,249257
step,ideal,L2,frictionless,2032,263350
step,ideal,L2,frictionless,2033,278240
step,ideal,L2,frictionless,2034,293972
step,ideal,L2,frictionless,2035,310593
step,ideal,L2,frictionless,2036,328154
step,ideal,L2,frictionless,2037,346708
step,ideal,L2,frictionless,2038,366311
step,ideal,L2,frictionless,2039,387023
step,ideal,L2,frictionless,2040,408905
step,ideal,L2,noresponse,2026,124578
step,ideal,L2,noresponse,2027,131622
step,ideal,L2,noresponse,2028,139064
step,ideal,L2,noresponse,2029,146926
step,ideal,L2,noresponse,2030,155234
step,ideal,L2,noresponse,2031,164011
step,ideal,L2,noresponse,2032,173284
step,ideal,L2,noresponse,2033,183081
step,ideal,L2,noresponse,2034,193433
step,ideal,L2,noresponse,2035,204370
step,ideal,L2,noresponse,2036,215925
step,ideal,L2,noresponse,2037,228133
step,ideal,L2,noresponse,2038,241032
step,ideal,L2,noresponse,2039,254660
step,ideal,L2,noresponse,2040,269059
step,ideal,L2,perverse,2026,108390
step,ideal,L2,perverse,2027,114519
step,ideal,L2,perverse,2028,120994
step,ideal,L2,perverse,2029,127834
step,ideal,L2,perverse,2030,135063
step,ideal,L2,perverse,2031,142700
step,ideal,L2,perverse,2032,150768
step,ideal,L2,perverse,2033,159291
step,ideal,L2,perverse,2034,168298
step,ideal,L2,perverse,2035,177814
step,ideal,L2,perverse,2036,187868
step,ideal,L2,perverse,2037,198489
step,ideal,L2,perverse,2038,209712
step,ideal,L2,perverse,2039,221569
step,ideal,L2,perverse,2040,234098
step,ideal,L2,perverse_low,2026,92203
step,ideal,L2,perverse_low,2027,97416
step,ideal,L2,perverse_low,2028,102924
step,ideal,L2,perverse_low,2029,108742
step,ideal,L2,perverse_low,2030,114892
step,ideal,L2,perverse_low,2031,121388
step,ideal,L2,perverse_low,2032,128251
step,ideal,L2,perverse_low,2033,135502
step,ideal,L2,perverse_low,2034,143164
step,ideal,L2,perverse_low,2035,151258
step,ideal,L2,perverse_low,2036,159810
step,ideal,L2,perverse_low,2037,168846
step,ideal,L2,perverse_low,2038,178392
step,ideal,L2,perverse_low,2039,188478
step,ideal,L2,perverse_low,2040,199136
step,ideal,L2,reform,2026,108390
step,ideal,L2,reform,2027,122215
step,ideal,L2,reform,2028,137257
step,ideal,L2,reform,2029,153608
step,ideal,L2,reform,2030,171371
step,ideal,L2,reform,2031,190650
step,ideal,L2,reform,2032,211562
step,ideal,L2,reform,2033,234229
step,ideal,L2,reform,2034,258783
step,ideal,L2,reform,2035,285365
step,ideal,L2,reform,2036,314125
step,ideal,L2,reform,2037,331886
step,ideal,L2,reform,2038,350651
step,ideal,L2,reform,2039,370478
step,ideal,L2,reform,2040,391424
step,ideal,L3,frictionless,2026,191805
step,ideal,L3,frictionless,2027,202649
step,ideal,L3,frictionless,2028,214107
step,ideal,L3,frictionless,2029,226213
step,ideal,L3,frictionless,2030,239003
step,ideal,L3,frictionless,2031,252517
step,ideal,L3,frictionless,2032,266794
step,ideal,L3,frictionless,2033,281879
step,ideal,L3,frictionless,2034,297816
step,ideal,L3,frictionless,2035,314655
step,ideal,L3,frictionless,2036,332446
step,ideal,L3,frictionless,2037,351242
step,ideal,L3,frictionless,2038,371102
step,ideal,L3,frictionless,2039,392084
step,ideal,L3,frictionless,2040,414253
step,ideal,L3,noresponse,2026,124578
step,ideal,L3,noresponse,2027,131622
step,ideal,L3,noresponse,2028,139064
step,ideal,L3,noresponse,2029,146926
step,ideal,L3,noresponse,2030,155234
step,ideal,L3,noresponse,2031,164011
step,ideal,L3,noresponse,2032,173284
step,ideal,L3,noresponse,2033,183081
step,ideal,L3,noresponse,2034,193433
step,ideal,L3,noresponse,2035,204370
step,ideal,L3,noresponse,2036,215925
step,ideal,L3,noresponse,2037,228133
step,ideal,L3,noresponse,2038,241032
step,ideal,L3,noresponse,2039,254660
step,ideal,L3,noresponse,2040,269059
step,ideal,L3,perverse,2026,107771
step,ideal,L3,perverse,2027,113865
step,ideal,L3,perverse,2028,120303
step,ideal,L3,perverse,2029,127104
step,ideal,L3,perverse,2030,134292
step,ideal,L3,perverse,2031,141884
step,ideal,L3,perverse,2032,149906
step,ideal,L3,perverse,2033,158382
step,ideal,L3,perverse,2034,167337
step,ideal,L3,perverse,2035,176799
step,ideal,L3,perverse,2036,186795
step,ideal,L3,perverse,2037,197356
step,ideal,L3,perverse,2038,208514
step,ideal,L3,perverse,2039,220304
step,ideal,L3,perverse,2040,232760
step,ideal,L3,perverse_low,2026,90964
step,ideal,L3,perverse_low,2027,96108
step,ideal,L3,perverse_low,2028,101542
step,ideal,L3,perverse_low,2029,107282
step,ideal,L3,perverse_low,2030,113350
step,ideal,L3,perverse_low,2031,119758
step,ideal,L3,perverse_low,2032,126529
step,ideal,L3,perverse_low,2033,133682
step,ideal,L3,perverse_low,2034,141242
step,ideal,L3,perverse_low,2035,149228
step,ideal,L3,perverse_low,2036,157664
step,ideal,L3,perverse_low,2037,166578
step,ideal,L3,perverse_low,2038,175997
step,ideal,L3,perverse_low,2039,185948
step,ideal,L3,perverse_low,2040,196462
step,ideal,L3,reform,2026,107771
step,ideal,L3,reform,2027,121856
step,ideal,L3,reform,2028,137188
step,ideal,L3,reform,2029,153864
step,ideal,L3,reform,2030,171988
step,ideal,L3,reform,2031,191669
step,ideal,L3,reform,2032,213026
step,ideal,L3,reform,2033,236185
step,ideal,L3,reform,2034,261282
step,ideal,L3,reform,2035,288462
step,ideal,L3,reform,2036,317881
step,ideal,L3,reform,2037,335853
step,ideal,L3,reform,2038,354843
step,ideal,L3,reform,2039,374906
step,ideal,L3,reform,2040,396104
step,ideal,L3C,frictionless,2026,191805
step,ideal,L3C,frictionless,2027,202649
step,ideal,L3C,frictionless,2028,214107
step,ideal,L3C,frictionless,2029,226213
step,ideal,L3C,frictionless,2030,239003
step,ideal,L3C,frictionless,2031,252517
step,ideal,L3C,frictionless,2032,266794
step,ideal,L3C,frictionless,2033,281879
step,ideal,L3C,frictionless,2034,297816
step,ideal,L3C,frictionless,2035,314655
step,ideal,L3C,frictionless,2036,332446
step,ideal,L3C,frictionless,2037,351242
step,ideal,L3C,frictionless,2038,371102
step,ideal,L3C,frictionless,2039,392084
step,ideal,L3C,frictionless,2040,414253
step,ideal,L3C,noresponse,2026,124578
step,ideal,L3C,noresponse,2027,131622
step,ideal,L3C,noresponse,2028,139064
step,ideal,L3C,noresponse,2029,146926
step,ideal,L3C,noresponse,2030,155234
step,ideal,L3C,noresponse,2031,164011
step,ideal,L3C,noresponse,2032,173284
step,ideal,L3C,noresponse,2033,183081
step,ideal,L3C,noresponse,2034,193433
step,ideal,L3C,noresponse,2035,204370
step,ideal,L3C,noresponse,2036,215925
step,ideal,L3C,noresponse,2037,228133
step,ideal,L3C,noresponse,2038,241032
step,ideal,L3C,noresponse,2039,254660
step,ideal,L3C,noresponse,2040,269059
step,ideal,L3C,perverse,2026,107771
step,ideal,L3C,perverse,2027,113865
step,ideal,L3C,perverse,2028,120303
step,ideal,L3C,perverse,2029,127104
step,ideal,L3C,perverse,2030,134292
step,ideal,L3C,perverse,2031,141884
step,ideal,L3C,perverse,2032,149906
step,ideal,L3C,perverse,2033,158382
step,ideal,L3C,perverse,2034,167337
step,ideal,L3C,perverse,2035,176799
step,ideal,L3C,perverse,2036,186795
step,ideal,L3C,perverse,2037,197356
step,ideal,L3C,perverse,2038,208514
step,ideal,L3C,perverse,2039,220304
step,ideal,L3C,perverse,2040,232760
step,ideal,L3C,perverse_low,2026,90964
step,ideal,L3C,perverse_low,2027,96108
step,ideal,L3C,perverse_low,2028,101542
step,ideal,L3C,perverse_low,2029,107282
step,ideal,L3C,perverse_low,2030,113350
step,ideal,L3C,perverse_low,2031,119758
step,ideal,L3C,perverse_low,2032,126529
step,ideal,L3C,perverse_low,2033,133682
step,ideal,L3C,perverse_low,2034,141242
step,ideal,L3C,perverse_low,2035,149228
step,ideal,L3C,perverse_low,2036,157664
step,ideal,L3C,perverse_low,2037,166578
step,ideal,L3C,perverse_low,2038,175997
step,ideal,L3C,perverse_low,2039,185948
step,ideal,L3C,perverse_low,2040,196462
step,ideal,L3C,reform,2026,107771
step,ideal,L3C,reform,2027,121856
step,ideal,L3C,reform,2028,137188
step,ideal,L3C,reform,2029,153864
step,ideal,L3C,reform,2030,171988
step,ideal,L3C,reform,2031,191669
step,ideal,L3C,reform,2032,213026
step,ideal,L3C,reform,2033,236185
step,ideal,L3C,reform,2034,261282
step,ideal,L3C,reform,2035,288462
step,ideal,L3C,reform,2036,317881
step,ideal,L3C,reform,2037,335853
step,ideal,L3C,reform,2038,354843
step,ideal,L3C,reform,2039,374906
step,ideal,L3C,reform,2040,396104
step,ideal,L4,frictionless,2026,191995
step,ideal,L4,frictionless,2027,202851
step,ideal,L4,frictionless,2028,214320
step,ideal,L4,frictionless,2029,226438
step,ideal,L4,frictionless,2030,239241
step,ideal,L4,frictionless,2031,252768
step,ideal,L4,frictionless,2032,267059
step,ideal,L4,frictionless,2033,282159
step,ideal,L4,frictionless,2034,298112
step,ideal,L4,frictionless,2035,314968
step,ideal,L4,frictionless,2036,332776
step,ideal,L4,frictionless,2037,351592
step,ideal,L4,frictionless,2038,371471
step,ideal,L4,frictionless,2039,392474
step,ideal,L4,frictionless,2040,414665
step,ideal,L4,noresponse,2026,124578
step,ideal,L4,noresponse,2027,131622
step,ideal,L4,noresponse,2028,139064
step,ideal,L4,noresponse,2029,146926
step,ideal,L4,noresponse,2030,155234
step,ideal,L4,noresponse,2031,164011
step,ideal,L4,noresponse,2032,173284
step,ideal,L4,noresponse,2033,183081
step,ideal,L4,noresponse,2034,193433
step,ideal,L4,noresponse,2035,204370
step,ideal,L4,noresponse,2036,215925
step,ideal,L4,noresponse,2037,228133
step,ideal,L4,noresponse,2038,241032
step,ideal,L4,noresponse,2039,254660
step,ideal,L4,noresponse,2040,269059
step,ideal,L4,perverse,2026,107724
step,ideal,L4,perverse,2027,113815
step,ideal,L4,perverse,2028,120250
step,ideal,L4,perverse,2029,127048
step,ideal,L4,perverse,2030,134232
step,ideal,L4,perverse,2031,141822
step,ideal,L4,perverse,2032,149840
step,ideal,L4,perverse,2033,158312
step,ideal,L4,perverse,2034,167263
step,ideal,L4,perverse,2035,176720
step,ideal,L4,perverse,2036,186712
step,ideal,L4,perverse,2037,197268
step,ideal,L4,perverse,2038,208422
step,ideal,L4,perverse,2039,220206
step,ideal,L4,perverse,2040,232658
step,ideal,L4,perverse_low,2026,90870
step,ideal,L4,perverse_low,2027,96008
step,ideal,L4,perverse_low,2028,101436
step,ideal,L4,perverse_low,2029,107170
step,ideal,L4,perverse_low,2030,113230
step,ideal,L4,perverse_low,2031,119632
step,ideal,L4,perverse_low,2032,126396
step,ideal,L4,perverse_low,2033,133542
step,ideal,L4,perverse_low,2034,141094
step,ideal,L4,perverse_low,2035,149071
step,ideal,L4,perverse_low,2036,157500
step,ideal,L4,perverse_low,2037,166404
step,ideal,L4,perverse_low,2038,175812
step,ideal,L4,perverse_low,2039,185753
step,ideal,L4,perverse_low,2040,196256
step,ideal,L4,reform,2026,107724
step,ideal,L4,reform,2027,121828
step,ideal,L4,reform,2028,137183
step,ideal,L4,reform,2029,153883
step,ideal,L4,reform,2030,172035
step,ideal,L4,reform,2031,191748
step,ideal,L4,reform,2032,213138
step,ideal,L4,reform,2033,236335
step,ideal,L4,reform,2034,261474
step,ideal,L4,reform,2035,288701
step,ideal,L4,reform,2036,318170
step,ideal,L4,reform,2037,336160
step,ideal,L4,reform,2038,355166
step,ideal,L4,reform,2039,375247
step,ideal,L4,reform,2040,396464
step,ideal,L_EU,frictionless,2026,192501
step,ideal,L_EU,frictionless,2027,203385
step,ideal,L_EU,frictionless,2028,214885
step,ideal,L_EU,frictionless,2029,227034
step,ideal,L_EU,frictionless,2030,239871
step,ideal,L_EU,frictionless,2031,253433
step,ideal,L_EU,frictionless,2032,267763
step,ideal,L_EU,frictionless,2033,282902
step,ideal,L_EU,frictionless,2034,298898
step,ideal,L_EU,frictionless,2035,315798
step,ideal,L_EU,frictionless,2036,333653
step,ideal,L_EU,frictionless,2037,352518
step,ideal,L_EU,frictionless,2038,372449
step,ideal,L_EU,frictionless,2039,393508
step,ideal,L_EU,frictionless,2040,415757
step,ideal,L_EU,noresponse,2026,124578
step,ideal,L_EU,noresponse,2027,131622
step,ideal,L_EU,noresponse,2028,139064
step,ideal,L_EU,noresponse,2029,146926
step,ideal,L_EU,noresponse,2030,155234
step,ideal,L_EU,noresponse,2031,164011
step,ideal,L_EU,noresponse,2032,173284
step,ideal,L_EU,noresponse,2033,183081
step,ideal,L_EU,noresponse,2034,193433
step,ideal,L_EU,noresponse,2035,204370
step,ideal,L_EU,noresponse,2036,215925
step,ideal,L_EU,noresponse,2037,228133
step,ideal,L_EU,noresponse,2038,241032
step,ideal,L_EU,noresponse,2039,254660
step,ideal,L_EU,noresponse,2040,269059
step,ideal,L_EU,perverse,2026,107597
step,ideal,L_EU,perverse,2027,113681
step,ideal,L_EU,perverse,2028,120109
step,ideal,L_EU,perverse,2029,126899
step,ideal,L_EU,perverse,2030,134075
step,ideal,L_EU,perverse,2031,141656
step,ideal,L_EU,perverse,2032,149664
step,ideal,L_EU,perverse,2033,158126
step,ideal,L_EU,perverse,2034,167067
step,ideal,L_EU,perverse,2035,176513
step,ideal,L_EU,perverse,2036,186493
step,ideal,L_EU,perverse,2037,197037
step,ideal,L_EU,perverse,2038,208178
step,ideal,L_EU,perverse,2039,219948
step,ideal,L_EU,perverse,2040,232384
step,ideal,L_EU,perverse_low,2026,90616
step,ideal,L_EU,perverse_low,2027,95740
step,ideal,L_EU,perverse_low,2028,101154
step,ideal,L_EU,perverse_low,2029,106872
step,ideal,L_EU,perverse_low,2030,112916
step,ideal,L_EU,perverse_low,2031,119300
step,ideal,L_EU,perverse_low,2032,126044
step,ideal,L_EU,perverse_low,2033,133170
step,ideal,L_EU,perverse_low,2034,140700
step,ideal,L_EU,perverse_low,2035,148656
step,ideal,L_EU,perverse_low,2036,157061
step,ideal,L_EU,perverse_low,2037,165940
step,ideal,L_EU,perverse_low,2038,175324
step,ideal,L_EU,perverse_low,2039,185236
step,ideal,L_EU,perverse_low,2040,195710
step,ideal,L_EU,reform,2026,107597
step,ideal,L_EU,reform,2027,121755
step,ideal,L_EU,reform,2028,137168
step,ideal,L_EU,reform,2029,153935
step,ideal,L_EU,reform,2030,172161
step,ideal,L_EU,reform,2031,191955
step,ideal,L_EU,reform,2032,213438
step,ideal,L_EU,reform,2033,236735
step,ideal,L_EU,reform,2034,261985
step,ideal,L_EU,reform,2035,289334
step,ideal,L_EU,reform,2036,318937
step,ideal,L_EU,reform,2037,336970
step,ideal,L_EU,reform,2038,356022
step,ideal,L_EU,reform,2039,376152
step,ideal,L_EU,reform,2040,397420
step,ideal,L_C,frictionless,2026,129343
step,ideal,L_C,frictionless,2027,136657
step,ideal,L_C,frictionless,2028,144383
step,ideal,L_C,frictionless,2029,152547
step,ideal,L_C,frictionless,2030,161172
step,ideal,L_C,frictionless,2031,170285
step,ideal,L_C,frictionless,2032,179913
step,ideal,L_C,frictionless,2033,190085
step,ideal,L_C,frictionless,2034,200833
step,ideal,L_C,frictionless,2035,212188
step,ideal,L_C,frictionless,2036,224185
step,ideal,L_C,frictionless,2037,236861
step,ideal,L_C,frictionless,2038,250253
step,ideal,L_C,frictionless,2039,264402
step,ideal,L_C,frictionless,2040,279352
step,ideal,L_C,noresponse,2026,124578
step,ideal,L_C,noresponse,2027,131622
step,ideal,L_C,noresponse,2028,139064
step,ideal,L_C,noresponse,2029,146926
step,ideal,L_C,noresponse,2030,155234
step,ideal,L_C,noresponse,2031,164011
step,ideal,L_C,noresponse,2032,173284
step,ideal,L_C,noresponse,2033,183081
step,ideal,L_C,noresponse,2034,193433
step,ideal,L_C,noresponse,2035,204370
step,ideal,L_C,noresponse,2036,215925
step,ideal,L_C,noresponse,2037,228133
step,ideal,L_C,noresponse,2038,241032
step,ideal,L_C,noresponse,2039,254660
step,ideal,L_C,noresponse,2040,269059
step,ideal,L_C,perverse,2026,123387
step,ideal,L_C,perverse,2027,130363
step,ideal,L_C,perverse,2028,137734
step,ideal,L_C,perverse,2029,145521
step,ideal,L_C,perverse,2030,153750
step,ideal,L_C,perverse,2031,162442
step,ideal,L_C,perverse,2032,171627
step,ideal,L_C,perverse,2033,181330
step,ideal,L_C,perverse,2034,191583
step,ideal,L_C,perverse,2035,202416
step,ideal,L_C,perverse,2036,213860
step,ideal,L_C,perverse,2037,225951
step,ideal,L_C,perverse,2038,238727
step,ideal,L_C,perverse,2039,252224
step,ideal,L_C,perverse,2040,266486
step,ideal,L_C,perverse_low,2026,122196
step,ideal,L_C,perverse_low,2027,129104
step,ideal,L_C,perverse_low,2028,136404
step,ideal,L_C,perverse_low,2029,144116
step,ideal,L_C,perverse_low,2030,152265
step,ideal,L_C,perverse_low,2031,160874
step,ideal,L_C,perverse_low,2032,169970
step,ideal,L_C,perverse_low,2033,179579
step,ideal,L_C,perverse_low,2034,189733
step,ideal,L_C,perverse_low,2035,200461
step,ideal,L_C,perverse_low,2036,211795
step,ideal,L_C,perverse_low,2037,223769
step,ideal,L_C,perverse_low,2038,236422
step,ideal,L_C,perverse_low,2039,249789
step,ideal,L_C,perverse_low,2040,263912
step,ideal,L_C,reform,2026,123387
step,ideal,L_C,reform,2027,130930
step,ideal,L_C,reform,2028,138931
step,ideal,L_C,reform,2029,147418
step,ideal,L_C,reform,2030,156422
step,ideal,L_C,reform,2031,165972
step,ideal,L_C,reform,2032,176101
step,ideal,L_C,reform,2033,186846
step,ideal,L_C,reform,2034,198243
step,ideal,L_C,reform,2035,210331
step,ideal,L_C,reform,2036,223152
step,ideal,L_C,reform,2037,235770
step,ideal,L_C,reform,2038,249100
step,ideal,L_C,reform,2039,263184
step,ideal,L_C,reform,2040,278065
step,ideal,L_QB,frictionless,2026,192660
step,ideal,L_QB,frictionless,2027,203553
step,ideal,L_QB,frictionless,2028,215062
step,ideal,L_QB,frictionless,2029,227221
step,ideal,L_QB,frictionless,2030,240069
step,ideal,L_QB,frictionless,2031,253642
step,ideal,L_QB,frictionless,2032,267983
step,ideal,L_QB,frictionless,2033,283135
step,ideal,L_QB,frictionless,2034,299144
step,ideal,L_QB,frictionless,2035,316058
step,ideal,L_QB,frictionless,2036,333928
step,ideal,L_QB,frictionless,2037,352808
step,ideal,L_QB,frictionless,2038,372756
step,ideal,L_QB,frictionless,2039,393832
step,ideal,L_QB,frictionless,2040,50000000
step,ideal,L_QB,noresponse,2026,124578
step,ideal,L_QB,noresponse,2027,131622
step,ideal,L_QB,noresponse,2028,139064
step,ideal,L_QB,noresponse,2029,146926
step,ideal,L_QB,noresponse,2030,155234
step,ideal,L_QB,noresponse,2031,164011
step,ideal,L_QB,noresponse,2032,173284
step,ideal,L_QB,noresponse,2033,183081
step,ideal,L_QB,noresponse,2034,193433
step,ideal,L_QB,noresponse,2035,204370
step,ideal,L_QB,noresponse,2036,215925
step,ideal,L_QB,noresponse,2037,228133
step,ideal,L_QB,noresponse,2038,241032
step,ideal,L_QB,noresponse,2039,254660
step,ideal,L_QB,noresponse,2040,269059
step,ideal,L_QB,perverse,2026,107558
step,ideal,L_QB,perverse,2027,113639
step,ideal,L_QB,perverse,2028,120064
step,ideal,L_QB,perverse,2029,126852
step,ideal,L_QB,perverse,2030,134025
step,ideal,L_QB,perverse,2031,141603
step,ideal,L_QB,perverse,2032,149609
step,ideal,L_QB,perverse,2033,158068
step,ideal,L_QB,perverse,2034,167005
step,ideal,L_QB,perverse,2035,176448
step,ideal,L_QB,perverse,2036,186424
step,ideal,L_QB,perverse,2037,196964
step,ideal,L_QB,perverse,2038,208101
step,ideal,L_QB,perverse,2039,219867
step,ideal,L_QB,perverse,2040,-12163676
step,ideal,L_QB,perverse_low,2026,90537
step,ideal,L_QB,perverse_low,2027,95656
step,ideal,L_QB,perverse_low,2028,101065
step,ideal,L_QB,perverse_low,2029,106778
step,ideal,L_QB,perverse_low,2030,112816
step,ideal,L_QB,perverse_low,2031,119196
step,ideal,L_QB,perverse_low,2032,125934
step,ideal,L_QB,perverse_low,2033,133054
step,ideal,L_QB,perverse_low,2034,140578
step,ideal,L_QB,perverse_low,2035,148526
step,ideal,L_QB,perverse_low,2036,156924
step,ideal,L_QB,perverse_low,2037,165796
step,ideal,L_QB,perverse_low,2038,175170
step,ideal,L_QB,perverse_low,2039,185074
step,ideal,L_QB,perverse_low,2040,-24596412
step,ideal,L_QB,reform,2026,107558
step,ideal,L_QB,reform,2027,121731
step,ideal,L_QB,reform,2028,137164
step,ideal,L_QB,reform,2029,153952
step,ideal,L_QB,reform,2030,172201
step,ideal,L_QB,reform,2031,192021
step,ideal,L_QB,reform,2032,213531
step,ideal,L_QB,reform,2033,236860
step,ideal,L_QB,reform,2034,262145
step,ideal,L_QB,reform,2035,289532
step,ideal,L_QB,reform,2036,319178
step,ideal,L_QB,reform,2037,337224
step,ideal,L_QB,reform,2038,356290
step,ideal,L_QB,reform,2039,376436
step,ideal,L_QB,reform,2040,43783632
exponential,base,L1,frictionless,2026,9987
exponential,base,L1,frictionless,2027,10552
exponential,base,L1,frictionless,2028,11148
exponential,base,L1,frictionless,2029,11778
exponential,base,L1,frictionless,2030,12444
exponential,base,L1,frictionless,2031,11216
exponential,base,L1,frictionless,2032,11324
exponential,base,L1,frictionless,2033,11426
exponential,base,L1,frictionless,2034,12044
exponential,base,L1,frictionless,2035,12725
exponential,base,L1,frictionless,2036,13444
exponential,base,L1,frictionless,2037,14204
exponential,base,L1,frictionless,2038,14575
exponential,base,L1,frictionless,2039,14649
exponential,base,L1,frictionless,2040,14715
exponential,base,L1,noresponse,2026,8841
exponential,base,L1,noresponse,2027,9341
exponential,base,L1,noresponse,2028,9869
exponential,base,L1,noresponse,2029,10427
exponential,base,L1,noresponse,2030,11016
exponential,base,L1,noresponse,2031,11639
exponential,base,L1,noresponse,2032,12297
exponential,base,L1,noresponse,2033,12993
exponential,base,L1,noresponse,2034,13727
exponential,base,L1,noresponse,2035,14300
exponential,base,L1,noresponse,2036,14400
exponential,base,L1,noresponse,2037,14492
exponential,base,L1,noresponse,2038,14575
exponential,base,L1,noresponse,2039,14649
exponential,base,L1,noresponse,2040,14715
exponential,base,L1,perverse,2026,8554
exponential,base,L1,perverse,2027,9038
exponential,base,L1,perverse,2028,9549
exponential,base,L1,perverse,2029,10089
exponential,base,L1,perverse,2030,10659
exponential,base,L1,perverse,2031,11745
exponential,base,L1,perverse,2032,12540
exponential,base,L1,perverse,2033,13385
exponential,base,L1,perverse,2034,14148
exponential,base,L1,perverse,2035,14694
exponential,base,L1,perverse,2036,14639
exponential,base,L1,perverse,2037,14564
exponential,base,L1,perverse,2038,14575
exponential,base,L1,perverse,2039,14649
exponential,base,L1,perverse,2040,14715
exponential,base,L1,perverse_low,2026,8268
exponential,base,L1,perverse_low,2027,8736
exponential,base,L1,perverse_low,2028,9230
exponential,base,L1,perverse_low,2029,9752
exponential,base,L1,perverse_low,2030,10302
exponential,base,L1,perverse_low,2031,11850
exponential,base,L1,perverse_low,2032,12784
exponential,base,L1,perverse_low,2033,13776
exponential,base,L1,perverse_low,2034,14568
exponential,base,L1,perverse_low,2035,15088
exponential,base,L1,perverse_low,2036,14878
exponential,base,L1,perverse_low,2037,14636
exponential,base,L1,perverse_low,2038,14575
exponential,base,L1,perverse_low,2039,14649
exponential,base,L1,perverse_low,2040,14715
exponential,base,L1,reform,2026,8554
exponential,base,L1,reform,2027,9174
exponential,base,L1,reform,2028,9837
exponential,base,L1,reform,2029,10545
exponential,base,L1,reform,2030,11302
exponential,base,L1,reform,2031,11507
exponential,base,L1,reform,2032,11883
exponential,base,L1,reform,2033,12151
exponential,base,L1,reform,2034,12633
exponential,base,L1,reform,2035,13099
exponential,base,L1,reform,2036,13564
exponential,base,L1,reform,2037,14240
exponential,base,L1,reform,2038,14575
exponential,base,L1,reform,2039,14649
exponential,base,L1,reform,2040,14715
exponential,base,L2,frictionless,2026,10195
exponential,base,L2,frictionless,2027,10771
exponential,base,L2,frictionless,2028,11380
exponential,base,L2,frictionless,2029,12023
exponential,base,L2,frictionless,2030,12703
exponential,base,L2,frictionless,2031,11216
exponential,base,L2,frictionless,2032,11324
exponential,base,L2,frictionless,2033,11426
exponential,base,L2,frictionless,2034,11744
exponential,base,L2,frictionless,2035,12408
exponential,base,L2,frictionless,2036,13109
exponential,base,L2,frictionless,2037,13851
exponential,base,L2,frictionless,2038,14575
exponential,base,L2,frictionless,2039,14649
exponential,base,L2,frictionless,2040,14715
exponential,base,L2,noresponse,2026,8841
exponential,base,L2,noresponse,2027,9341
exponential,base,L2,noresponse,2028,9869
exponential,base,L2,noresponse,2029,10427
exponential,base,L2,noresponse,2030,11016
exponential,base,L2,noresponse,2031,11639
exponential,base,L2,noresponse,2032,12297
exponential,base,L2,noresponse,2033,12993
exponential,base,L2,noresponse,2034,13727
exponential,base,L2,noresponse,2035,14300
exponential,base,L2,noresponse,2036,14400
exponential,base,L2,noresponse,2037,14492
exponential,base,L2,noresponse,2038,14575
exponential,base,L2,noresponse,2039,14649
exponential,base,L2,noresponse,2040,14715
exponential,base,L2,perverse,2026,8502
exponential,base,L2,perverse,2027,8984
exponential,base,L2,perverse,2028,9491
exponential,base,L2,perverse,2029,10028
exponential,base,L2,perverse,2030,10594
exponential,base,L2,perverse,2031,11745
exponential,base,L2,perverse,2032,12540
exponential,base,L2,perverse,2033,13385
exponential,base,L2,perverse,2034,14223
exponential,base,L2,perverse,2035,14773
exponential,base,L2,perverse,2036,14723
exponential,base,L2,perverse,2037,14652
exponential,base,L2,perverse,2038,14575
exponential,base,L2,perverse,2039,14649
exponential,base,L2,perverse,2040,14715
exponential,base,L2,perverse_low,2026,8164
exponential,base,L2,perverse_low,2027,8626
exponential,base,L2,perverse_low,2028,9114
exponential,base,L2,perverse_low,2029,9629
exponential,base,L2,perverse_low,2030,10172
exponential,base,L2,perverse_low,2031,11850
exponential,base,L2,perverse_low,2032,12784
exponential,base,L2,perverse_low,2033,13776
exponential,base,L2,perverse_low,2034,14718
exponential,base,L2,perverse_low,2035,15246
exponential,base,L2,perverse_low,2036,15046
exponential,base,L2,perverse_low,2037,14812
exponential,base,L2,perverse_low,2038,14575
exponential,base,L2,perverse_low,2039,14649
exponential,base,L2,perverse_low,2040,14715
exponential,base,L2,reform,2026,8502
exponential,base,L2,reform,2027,9144
exponential,base,L2,reform,2028,9831
exponential,base,L2,reform,2029,10567
exponential,base,L2,reform,2030,11353
exponential,base,L2,reform,2031,11507
exponential,base,L2,reform,2032,11883
exponential,base,L2,reform,2033,12151
exponential,base,L2,reform,2034,12438
exponential,base,L2,reform,2035,12857
exponential,base,L2,reform,2036,13270
exponential,base,L2,reform,2037,13931
exponential,base,L2,reform,2038,14575
exponential,base,L2,reform,2039,14649
exponential,base,L2,reform,2040,14715
exponential,base,L3,frictionless,2026,10492
exponential,base,L3,frictionless,2027,11085
exponential,base,L3,frictionless,2028,11712
exponential,base,L3,frictionless,2029,12374
exponential,base,L3,frictionless,2030,13074
exponential,base,L3,frictionless,2031,11216
exponential,base,L3,frictionless,2032,11324
exponential,base,L3,frictionless,2033,11426
exponential,base,L3,frictionless,2034,11521
exponential,base,L3,frictionless,2035,12023
exponential,base,L3,frictionless,2036,12702
exponential,base,L3,frictionless,2037,13421
exponential,base,L3,frictionless,2038,14179
exponential,base,L3,frictionless,2039,14649
exponential,base,L3,frictionless,2040,14715
exponential,base,L3,noresponse,2026,8841
exponential,base,L3,noresponse,2027,9341
exponential,base,L3,noresponse,2028,9869
exponential,base,L3,noresponse,2029,10427
exponential,base,L3,noresponse,2030,11016
exponential,base,L3,noresponse,2031,11639
exponential,base,L3,noresponse,2032,12297
exponential,base,L3,noresponse,2033,12993
exponential,base,L3,noresponse,2034,13727
exponential,base,L3,noresponse,2035,14300
exponential,base,L3,noresponse,2036,14400
exponential,base,L3,noresponse,2037,14492
exponential,base,L3,noresponse,2038,14575
exponential,base,L3,noresponse,2039,14649
exponential,base,L3,noresponse,2040,14715
exponential,base,L3,perverse,2026,8428
exponential,base,L3,perverse,2027,8905
exponential,base,L3,perverse,2028,9408
exponential,base,L3,perverse,2029,9940
exponential,base,L3,perverse,2030,10502
exponential,base,L3,perverse,2031,11745
exponential,base,L3,perverse,2032,12540
exponential,base,L3,perverse,2033,13385
exponential,base,L3,perverse,2034,14278
exponential,base,L3,perverse,2035,14869
exponential,base,L3,perverse,2036,14824
exponential,base,L3,perverse,2037,14760
exponential,base,L3,perverse,2038,14674
exponential,base,L3,perverse,2039,14649
exponential,base,L3,perverse,2040,14715
exponential,base,L3,perverse_low,2026,8016
exponential,base,L3,perverse_low,2027,8469
exponential,base,L3,perverse_low,2028,8948
exponential,base,L3,perverse_low,2029,9454
exponential,base,L3,perverse_low,2030,9987
exponential,base,L3,perverse_low,2031,11850
exponential,base,L3,perverse_low,2032,12784
exponential,base,L3,perverse_low,2033,13776
exponential,base,L3,perverse_low,2034,14830
exponential,base,L3,perverse_low,2035,15438
exponential,base,L3,perverse_low,2036,15249
exponential,base,L3,perverse_low,2037,15028
exponential,base,L3,perverse_low,2038,14773
exponential,base,L3,perverse_low,2039,14649
exponential,base,L3,perverse_low,2040,14715
exponential,base,L3,reform,2026,8428
exponential,base,L3,reform,2027,9101
exponential,base,L3,reform,2028,9823
exponential,base,L3,reform,2029,10597
exponential,base,L3,reform,2030,11428
exponential,base,L3,reform,2031,11507
exponential,base,L3,reform,2032,11883
exponential,base,L3,reform,2033,12151
exponential,base,L3,reform,2034,12293
exponential,base,L3,reform,2035,12564
exponential,base,L3,reform,2036,12914
exponential,base,L3,reform,2037,13555
exponential,base,L3,reform,2038,14228
exponential,base,L3,reform,2039,14649
exponential,base,L3,reform,2040,14715
exponential,base,L3C,frictionless,2026,10492
exponential,base,L3C,frictionless,2027,11085
exponential,base,L3C,frictionless,2028,11712
exponential,base,L3C,frictionless,2029,12374
exponential,base,L3C,frictionless,2030,13074
exponential,base,L3C,frictionless,2031,11216
exponential,base,L3C,frictionless,2032,11324
exponential,base,L3C,frictionless,2033,11654
exponential,base,L3C,frictionless,2034,12313
exponential,base,L3C,frictionless,2035,13009
exponential,base,L3C,frictionless,2036,13744
exponential,base,L3C,frictionless,2037,14492
exponential,base,L3C,frictionless,2038,14575
exponential,base,L3C,frictionless,2039,14649
exponential,base,L3C,frictionless,2040,14715
exponential,base,L3C,noresponse,2026,8841
exponential,base,L3C,noresponse,2027,9341
exponential,base,L3C,noresponse,2028,9869
exponential,base,L3C,noresponse,2029,10427
exponential,base,L3C,noresponse,2030,11016
exponential,base,L3C,noresponse,2031,11639
exponential,base,L3C,noresponse,2032,12297
exponential,base,L3C,noresponse,2033,12993
exponential,base,L3C,noresponse,2034,13727
exponential,base,L3C,noresponse,2035,14300
exponential,base,L3C,noresponse,2036,14400
exponential,base,L3C,noresponse,2037,14492
exponential,base,L3C,noresponse,2038,14575
exponential,base,L3C,noresponse,2039,14649
exponential,base,L3C,noresponse,2040,14715
exponential,base,L3C,perverse,2026,8428
exponential,base,L3C,perverse,2027,8905
exponential,base,L3C,perverse,2028,9408
exponential,base,L3C,perverse,2029,9940
exponential,base,L3C,perverse,2030,10502
exponential,base,L3C,perverse,2031,11745
exponential,base,L3C,perverse,2032,12540
exponential,base,L3C,perverse,2033,13328
exponential,base,L3C,perverse,2034,14080
exponential,base,L3C,perverse,2035,14623
exponential,base,L3C,perverse,2036,14564
exponential,base,L3C,perverse,2037,14492
exponential,base,L3C,perverse,2038,14575
exponential,base,L3C,perverse,2039,14649
exponential,base,L3C,perverse,2040,14715
exponential,base,L3C,perverse_low,2026,8016
exponential,base,L3C,perverse_low,2027,8469
exponential,base,L3C,perverse_low,2028,8948
exponential,base,L3C,perverse_low,2029,9454
exponential,base,L3C,perverse_low,2030,9987
exponential,base,L3C,perverse_low,2031,11850
exponential,base,L3C,perverse_low,2032,12784
exponential,base,L3C,perverse_low,2033,13662
exponential,base,L3C,perverse_low,2034,14434
exponential,base,L3C,perverse_low,2035,14946
exponential,base,L3C,perverse_low,2036,14728
exponential,base,L3C,perverse_low,2037,14492
exponential,base,L3C,perverse_low,2038,14575
exponential,base,L3C,perverse_low,2039,14649
exponential,base,L3C,perverse_low,2040,14715
exponential,base,L3C,reform,2026,8428
exponential,base,L3C,reform,2027,9101
exponential,base,L3C,reform,2028,9823
exponential,base,L3C,reform,2029,10597
exponential,base,L3C,reform,2030,11428
exponential,base,L3C,reform,2031,11507
exponential,base,L3C,reform,2032,11883
exponential,base,L3C,reform,2033,12273
exponential,base,L3C,reform,2034,12808
exponential,base,L3C,reform,2035,13316
exponential,base,L3C,reform,2036,13826
exponential,base,L3C,reform,2037,14492
exponential,base,L3C,reform,2038,14575
exponential,base,L3C,reform,2039,14649
exponential,base,L3C,reform,2040,14715
exponential,base,L4,frictionless,2026,10590
exponential,base,L4,frictionless,2027,11189
exponential,base,L4,frictionless,2028,11821
exponential,base,L4,frictionless,2029,12489
exponential,base,L4,frictionless,2030,13196
exponential,base,L4,frictionless,2031,11216
exponential,base,L4,frictionless,2032,11324
exponential,base,L4,frictionless,2033,11426
exponential,base,L4,frictionless,2034,11773
exponential,base,L4,frictionless,2035,12439
exponential,base,L4,frictionless,2036,13142
exponential,base,L4,frictionless,2037,13885
exponential,base,L4,frictionless,2038,14575
exponential,base,L4,frictionless,2039,14649
exponential,base,L4,frictionless,2040,14715
exponential,base,L4,noresponse,2026,8841
exponential,base,L4,noresponse,2027,9341
exponential,base,L4,noresponse,2028,9869
exponential,base,L4,noresponse,2029,10427
exponential,base,L4,noresponse,2030,11016
exponential,base,L4,noresponse,2031,11639
exponential,base,L4,noresponse,2032,12297
exponential,base,L4,noresponse,2033,12993
exponential,base,L4,noresponse,2034,13727
exponential,base,L4,noresponse,2035,14300
exponential,base,L4,noresponse,2036,14400
exponential,base,L4,noresponse,2037,14492
exponential,base,L4,noresponse,2038,14575
exponential,base,L4,noresponse,2039,14649
exponential,base,L4,noresponse,2040,14715
exponential,base,L4,perverse,2026,8404
exponential,base,L4,perverse,2027,8879
exponential,base,L4,perverse,2028,9381
exponential,base,L4,perverse,2029,9912
exponential,base,L4,perverse,2030,10471
exponential,base,L4,perverse,2031,11745
exponential,base,L4,perverse,2032,12540
exponential,base,L4,perverse,2033,13385
exponential,base,L4,perverse,2034,14216
exponential,base,L4,perverse,2035,14765
exponential,base,L4,perverse,2036,14714
exponential,base,L4,perverse,2037,14644
exponential,base,L4,perverse,2038,14575
exponential,base,L4,perverse,2039,14649
exponential,base,L4,perverse,2040,14715
exponential,base,L4,perverse_low,2026,7966
exponential,base,L4,perverse_low,2027,8417
exponential,base,L4,perverse_low,2028,8893
exponential,base,L4,perverse_low,2029,9396
exponential,base,L4,perverse_low,2030,9926
exponential,base,L4,perverse_low,2031,11850
exponential,base,L4,perverse_low,2032,12784
exponential,base,L4,perverse_low,2033,13776
exponential,base,L4,perverse_low,2034,14704
exponential,base,L4,perverse_low,2035,15230
exponential,base,L4,perverse_low,2036,15029
exponential,base,L4,perverse_low,2037,14796
exponential,base,L4,perverse_low,2038,14575
exponential,base,L4,perverse_low,2039,14649
exponential,base,L4,perverse_low,2040,14715
exponential,base,L4,reform,2026,8404
exponential,base,L4,reform,2027,9087
exponential,base,L4,reform,2028,9820
exponential,base,L4,reform,2029,10607
exponential,base,L4,reform,2030,11452
exponential,base,L4,reform,2031,11507
exponential,base,L4,reform,2032,11883
exponential,base,L4,reform,2033,12151
exponential,base,L4,reform,2034,12457
exponential,base,L4,reform,2035,12881
exponential,base,L4,reform,2036,13299
exponential,base,L4,reform,2037,13961
exponential,base,L4,reform,2038,14575
exponential,base,L4,reform,2039,14649
exponential,base,L4,reform,2040,14715
exponential,base,L_EU,frictionless,2026,10461
exponential,base,L_EU,frictionless,2027,11053
exponential,base,L_EU,frictionless,2028,11678
exponential,base,L_EU,frictionless,2029,12338
exponential,base,L_EU,frictionless,2030,13036
exponential,base,L_EU,frictionless,2031,12978
exponential,base,L_EU,frictionless,2032,13104
exponential,base,L_EU,frictionless,2033,13396
exponential,base,L_EU,frictionless,2034,14153
exponential,base,L_EU,frictionless,2035,14300
exponential,base,L_EU,frictionless,2036,14400
exponential,base,L_EU,frictionless,2037,14492
exponential,base,L_EU,frictionless,2038,14575
exponential,base,L_EU,frictionless,2039,14649
exponential,base,L_EU,frictionless,2040,14715
exponential,base,L_EU,noresponse,2026,8841
exponential,base,L_EU,noresponse,2027,9341
exponential,base,L_EU,noresponse,2028,9869
exponential,base,L_EU,noresponse,2029,10427
exponential,base,L_EU,noresponse,2030,11016
exponential,base,L_EU,noresponse,2031,11639
exponential,base,L_EU,noresponse,2032,12297
exponential,base,L_EU,noresponse,2033,12993
exponential,base,L_EU,noresponse,2034,13727
exponential,base,L_EU,noresponse,2035,14300
exponential,base,L_EU,noresponse,2036,14400
exponential,base,L_EU,noresponse,2037,14492
exponential,base,L_EU,noresponse,2038,14575
exponential,base,L_EU,noresponse,2039,14649
exponential,base,L_EU,noresponse,2040,14715
exponential,base,L_EU,perverse,2026,8436
exponential,base,L_EU,perverse,2027,8913
exponential,base,L_EU,perverse,2028,9417
exponential,base,L_EU,perverse,2029,9949
exponential,base,L_EU,perverse,2030,10511
exponential,base,L_EU,perverse,2031,11304
exponential,base,L_EU,perverse,2032,12095
exponential,base,L_EU,perverse,2033,12892
exponential,base,L_EU,perverse,2034,13620
exponential,base,L_EU,perverse,2035,14300
exponential,base,L_EU,perverse,2036,14400
exponential,base,L_EU,perverse,2037,14492
exponential,base,L_EU,perverse,2038,14575
exponential,base,L_EU,perverse,2039,14649
exponential,base,L_EU,perverse,2040,14715
exponential,base,L_EU,perverse_low,2026,8031
exponential,base,L_EU,perverse_low,2027,8485
exponential,base,L_EU,perverse_low,2028,8964
exponential,base,L_EU,perverse_low,2029,9472
exponential,base,L_EU,perverse_low,2030,10006
exponential,base,L_EU,perverse_low,2031,10970
exponential,base,L_EU,perverse_low,2032,11894
exponential,base,L_EU,perverse_low,2033,12792
exponential,base,L_EU,perverse_low,2034,13514
exponential,base,L_EU,perverse_low,2035,14300
exponential,base,L_EU,perverse_low,2036,14400
exponential,base,L_EU,perverse_low,2037,14492
exponential,base,L_EU,perverse_low,2038,14575
exponential,base,L_EU,perverse_low,2039,14649
exponential,base,L_EU,perverse_low,2040,14715
exponential,base,L_EU,reform,2026,8436
exponential,base,L_EU,reform,2027,9106
exponential,base,L_EU,reform,2028,9824
exponential,base,L_EU,reform,2029,10594
exponential,base,L_EU,reform,2030,11420
exponential,base,L_EU,reform,2031,12057
exponential,base,L_EU,reform,2032,12640
exponential,base,L_EU,reform,2033,13210
exponential,base,L_EU,reform,2034,14004
exponential,base,L_EU,reform,2035,14300
exponential,base,L_EU,reform,2036,14400
exponential,base,L_EU,reform,2037,14492
exponential,base,L_EU,reform,2038,14575
exponential,base,L_EU,reform,2039,14649
exponential,base,L_EU,reform,2040,14715
exponential,base,L_C,frictionless,2026,9911
exponential,base,L_C,frictionless,2027,10471
exponential,base,L_C,frictionless,2028,11063
exponential,base,L_C,frictionless,2029,11689
exponential,base,L_C,frictionless,2030,12350
exponential,base,L_C,frictionless,2031,13048
exponential,base,L_C,frictionless,2032,13786
exponential,base,L_C,frictionless,2033,14075
exponential,base,L_C,frictionless,2034,14192
exponential,base,L_C,frictionless,2035,14300
exponential,base,L_C,frictionless,2036,14400
exponential,base,L_C,frictionless,2037,14492
exponential,base,L_C,frictionless,2038,14575
exponential,base,L_C,frictionless,2039,14649
exponential,base,L_C,frictionless,2040,14715
exponential,base,L_C,noresponse,2026,8841
exponential,base,L_C,noresponse,2027,9341
exponential,base,L_C,noresponse,2028,9869
exponential,base,L_C,noresponse,2029,10427
exponential,base,L_C,noresponse,2030,11016
exponential,base,L_C,noresponse,2031,11639
exponential,base,L_C,noresponse,2032,12297
exponential,base,L_C,noresponse,2033,12993
exponential,base,L_C,noresponse,2034,13727
exponential,base,L_C,noresponse,2035,14300
exponential,base,L_C,noresponse,2036,14400
exponential,base,L_C,noresponse,2037,14492
exponential,base,L_C,noresponse,2038,14575
exponential,base,L_C,noresponse,2039,14649
exponential,base,L_C,noresponse,2040,14715
exponential,base,L_C,perverse,2026,8574
exponential,base,L_C,perverse,2027,9058
exponential,base,L_C,perverse,2028,9570
exponential,base,L_C,perverse,2029,10112
exponential,base,L_C,perverse,2030,10682
exponential,base,L_C,perverse,2031,11287
exponential,base,L_C,perverse,2032,11925
exponential,base,L_C,perverse,2033,12722
exponential,base,L_C,perverse,2034,13611
exponential,base,L_C,perverse,2035,14300
exponential,base,L_C,perverse,2036,14400
exponential,base,L_C,perverse,2037,14492
exponential,base,L_C,perverse,2038,14575
exponential,base,L_C,perverse,2039,14649
exponential,base,L_C,perverse,2040,14715
exponential,base,L_C,perverse_low,2026,8306
exponential,base,L_C,perverse_low,2027,8776
exponential,base,L_C,perverse_low,2028,9272
exponential,base,L_C,perverse_low,2029,9796
exponential,base,L_C,perverse_low,2030,10349
exponential,base,L_C,perverse_low,2031,10934
exponential,base,L_C,perverse_low,2032,11552
exponential,base,L_C,perverse_low,2033,12452
exponential,base,L_C,perverse_low,2034,13494
exponential,base,L_C,perverse_low,2035,14300
exponential,base,L_C,perverse_low,2036,14400
exponential,base,L_C,perverse_low,2037,14492
exponential,base,L_C,perverse_low,2038,14575
exponential,base,L_C,perverse_low,2039,14649
exponential,base,L_C,perverse_low,2040,14715
exponential,base,L_C,reform,2026,8574
exponential,base,L_C,reform,2027,9186
exponential,base,L_C,reform,2028,9839
exponential,base,L_C,reform,2029,10537
exponential,base,L_C,reform,2030,11283
exponential,base,L_C,reform,2031,12079
exponential,base,L_C,reform,2032,12930
exponential,base,L_C,reform,2033,13575
exponential,base,L_C,reform,2034,14029
exponential,base,L_C,reform,2035,14300
exponential,base,L_C,reform,2036,14400
exponential,base,L_C,reform,2037,14492
exponential,base,L_C,reform,2038,14575
exponential,base,L_C,reform,2039,14649
exponential,base,L_C,reform,2040,14715
exponential,base,L_QB,frictionless,2026,10734
exponential,base,L_QB,frictionless,2027,11341
exponential,base,L_QB,frictionless,2028,11982
exponential,base,L_QB,frictionless,2029,12660
exponential,base,L_QB,frictionless,2030,13376
exponential,base,L_QB,frictionless,2031,14132
exponential,base,L_QB,frictionless,2032,14931
exponential,base,L_QB,frictionless,2033,15775
exponential,base,L_QB,frictionless,2034,16667
exponential,base,L_QB,frictionless,2035,17610
exponential,base,L_QB,frictionless,2036,18605
exponential,base,L_QB,frictionless,2037,19657
exponential,base,L_QB,frictionless,2038,20769
exponential,base,L_QB,frictionless,2039,21943
exponential,base,L_QB,frictionless,2040,22912
exponential,base,L_QB,noresponse,2026,8841
exponential,base,L_QB,noresponse,2027,9341
exponential,base,L_QB,noresponse,2028,9869
exponential,base,L_QB,noresponse,2029,10427
exponential,base,L_QB,noresponse,2030,11016
exponential,base,L_QB,noresponse,2031,11639
exponential,base,L_QB,noresponse,2032,12297
exponential,base,L_QB,noresponse,2033,12993
exponential,base,L_QB,noresponse,2034,13727
exponential,base,L_QB,noresponse,2035,14300
exponential,base,L_QB,noresponse,2036,14400
exponential,base,L_QB,noresponse,2037,14492
exponential,base,L_QB,noresponse,2038,14575
exponential,base,L_QB,noresponse,2039,14649
exponential,base,L_QB,noresponse,2040,14715
exponential,base,L_QB,perverse,2026,8368
exponential,base,L_QB,perverse,2027,8841
exponential,base,L_QB,perverse,2028,9341
exponential,base,L_QB,perverse,2029,9869
exponential,base,L_QB,perverse,2030,10426
exponential,base,L_QB,perverse,2031,11016
exponential,base,L_QB,perverse,2032,11638
exponential,base,L_QB,perverse,2033,12298
exponential,base,L_QB,perverse,2034,12992
exponential,base,L_QB,perverse,2035,13472
exponential,base,L_QB,perverse,2036,13349
exponential,base,L_QB,perverse,2037,13201
exponential,base,L_QB,perverse,2038,13026
exponential,base,L_QB,perverse,2039,12826
exponential,base,L_QB,perverse,2040,12666
exponential,base,L_QB,perverse_low,2026,7894
exponential,base,L_QB,perverse_low,2027,8341
exponential,base,L_QB,perverse_low,2028,8812
exponential,base,L_QB,perverse_low,2029,9310
exponential,base,L_QB,perverse_low,2030,9836
exponential,base,L_QB,perverse_low,2031,10392
exponential,base,L_QB,perverse_low,2032,10980
exponential,base,L_QB,perverse_low,2033,11602
exponential,base,L_QB,perverse_low,2034,12257
exponential,base,L_QB,perverse_low,2035,12645
exponential,base,L_QB,perverse_low,2036,12298
exponential,base,L_QB,perverse_low,2037,11910
exponential,base,L_QB,perverse_low,2038,11478
exponential,base,L_QB,perverse_low,2039,11002
exponential,base,L_QB,perverse_low,2040,10616
exponential,base,L_QB,reform,2026,8368
exponential,base,L_QB,reform,2027,9066
exponential,base,L_QB,reform,2028,9816
exponential,base,L_QB,reform,2029,10622
exponential,base,L_QB,reform,2030,11488
exponential,base,L_QB,reform,2031,12418
exponential,base,L_QB,reform,2032,13416
exponential,base,L_QB,reform,2033,14488
exponential,base,L_QB,reform,2034,15638
exponential,base,L_QB,reform,2035,16824
exponential,base,L_QB,reform,2036,18079
exponential,base,L_QB,reform,2037,19011
exponential,base,L_QB,reform,2038,19995
exponential,base,L_QB,reform,2039,21031
exponential,base,L_QB,reform,2040,21887
exponential,middle,L1,frictionless,2026,10141
exponential,middle,L1,frictionless,2027,10715
exponential,middle,L1,frictionless,2028,11321
exponential,middle,L1,frictionless,2029,11961
exponential,middle,L1,frictionless,2030,12637
exponential,middle,L1,frictionless,2031,12163
exponential,middle,L1,frictionless,2032,12851
exponential,middle,L1,frictionless,2033,13577
exponential,middle,L1,frictionless,2034,14345
exponential,middle,L1,frictionless,2035,15156
exponential,middle,L1,frictionless,2036,16013
exponential,middle,L1,frictionless,2037,16918
exponential,middle,L1,frictionless,2038,17875
exponential,middle,L1,frictionless,2039,18885
exponential,middle,L1,frictionless,2040,19759
exponential,middle,L1,noresponse,2026,9553
exponential,middle,L1,noresponse,2027,10093
exponential,middle,L1,noresponse,2028,10664
exponential,middle,L1,noresponse,2029,11267
exponential,middle,L1,noresponse,2030,11904
exponential,middle,L1,noresponse,2031,12577
exponential,middle,L1,noresponse,2032,13288
exponential,middle,L1,noresponse,2033,14039
exponential,middle,L1,noresponse,2034,14833
exponential,middle,L1,noresponse,2035,15672
exponential,middle,L1,noresponse,2036,16558
exponential,middle,L1,noresponse,2037,17494
exponential,middle,L1,noresponse,2038,18483
exponential,middle,L1,noresponse,2039,19318
exponential,middle,L1,noresponse,2040,19759
exponential,middle,L1,perverse,2026,9406
exponential,middle,L1,perverse,2027,9938
exponential,middle,L1,perverse,2028,10500
exponential,middle,L1,perverse,2029,11094
exponential,middle,L1,perverse,2030,11721
exponential,middle,L1,perverse,2031,12680
exponential,middle,L1,perverse,2032,13397
exponential,middle,L1,perverse,2033,14154
exponential,middle,L1,perverse,2034,14955
exponential,middle,L1,perverse,2035,15801
exponential,middle,L1,perverse,2036,16694
exponential,middle,L1,perverse,2037,17638
exponential,middle,L1,perverse,2038,18635
exponential,middle,L1,perverse,2039,19426
exponential,middle,L1,perverse,2040,19759
exponential,middle,L1,perverse_low,2026,9259
exponential,middle,L1,perverse_low,2027,9782
exponential,middle,L1,perverse_low,2028,10336
exponential,middle,L1,perverse_low,2029,10920
exponential,middle,L1,perverse_low,2030,11538
exponential,middle,L1,perverse_low,2031,12784
exponential,middle,L1,perverse_low,2032,13506
exponential,middle,L1,perverse_low,2033,14270
exponential,middle,L1,perverse_low,2034,15077
exponential,middle,L1,perverse_low,2035,15930
exponential,middle,L1,perverse_low,2036,16830
exponential,middle,L1,perverse_low,2037,17782
exponential,middle,L1,perverse_low,2038,18787
exponential,middle,L1,perverse_low,2039,19534
exponential,middle,L1,perverse_low,2040,19759
exponential,middle,L1,reform,2026,9406
exponential,middle,L1,reform,2027,10007
exponential,middle,L1,reform,2028,10648
exponential,middle,L1,reform,2029,11328
exponential,middle,L1,reform,2030,12051
exponential,middle,L1,reform,2031,12448
exponential,middle,L1,reform,2032,13102
exponential,middle,L1,reform,2033,13791
exponential,middle,L1,reform,2034,14516
exponential,middle,L1,reform,2035,15279
exponential,middle,L1,reform,2036,16081
exponential,middle,L1,reform,2037,16990
exponential,middle,L1,reform,2038,17951
exponential,middle,L1,reform,2039,18939
exponential,middle,L1,reform,2040,19759
exponential,middle,L2,frictionless,2026,10359
exponential,middle,L2,frictionless,2027,10945
exponential,middle,L2,frictionless,2028,11564
exponential,middle,L2,frictionless,2029,12217
exponential,middle,L2,frictionless,2030,12908
exponential,middle,L2,frictionless,2031,12025
exponential,middle,L2,frictionless,2032,12705
exponential,middle,L2,frictionless,2033,13423
exponential,middle,L2,frictionless,2034,14182
exponential,middle,L2,frictionless,2035,14984
exponential,middle,L2,frictionless,2036,15831
exponential,middle,L2,frictionless,2037,16726
exponential,middle,L2,frictionless,2038,17672
exponential,middle,L2,frictionless,2039,18671
exponential,middle,L2,frictionless,2040,19727
exponential,middle,L2,noresponse,2026,9553
exponential,middle,L2,noresponse,2027,10093
exponential,middle,L2,noresponse,2028,10664
exponential,middle,L2,noresponse,2029,11267
exponential,middle,L2,noresponse,2030,11904
exponential,middle,L2,noresponse,2031,12577
exponential,middle,L2,noresponse,2032,13288
exponential,middle,L2,noresponse,2033,14039
exponential,middle,L2,noresponse,2034,14833
exponential,middle,L2,noresponse,2035,15672
exponential,middle,L2,noresponse,2036,16558
exponential,middle,L2,noresponse,2037,17494
exponential,middle,L2,noresponse,2038,18483
exponential,middle,L2,noresponse,2039,19318
exponential,middle,L2,noresponse,2040,19759
exponential,middle,L2,perverse,2026,9352
exponential,middle,L2,perverse,2027,9880
exponential,middle,L2,perverse,2028,10439
exponential,middle,L2,perverse,2029,11030
exponential,middle,L2,perverse,2030,11653
exponential,middle,L2,perverse,2031,12715
exponential,middle,L2,perverse,2032,13434
exponential,middle,L2,perverse,2033,14193
exponential,middle,L2,perverse,2034,14996
exponential,middle,L2,perverse,2035,15844
exponential,middle,L2,perverse,2036,16740
exponential,middle,L2,perverse,2037,17686
exponential,middle,L2,perverse,2038,18686
exponential,middle,L2,perverse,2039,19480
exponential,middle,L2,perverse,2040,19767
exponential,middle,L2,perverse_low,2026,9150
exponential,middle,L2,perverse_low,2027,9667
exponential,middle,L2,perverse_low,2028,10214
exponential,middle,L2,perverse_low,2029,10792
exponential,middle,L2,perverse_low,2030,11402
exponential,middle,L2,perverse_low,2031,12853
exponential,middle,L2,perverse_low,2032,13580
exponential,middle,L2,perverse_low,2033,14347
exponential,middle,L2,perverse_low,2034,15158
exponential,middle,L2,perverse_low,2035,16016
exponential,middle,L2,perverse_low,2036,16922
exponential,middle,L2,perverse_low,2037,17878
exponential,middle,L2,perverse_low,2038,18888
exponential,middle,L2,perverse_low,2039,19642
exponential,middle,L2,perverse_low,2040,19775
exponential,middle,L2,reform,2026,9352
exponential,middle,L2,reform,2027,9976
exponential,middle,L2,reform,2028,10642
exponential,middle,L2,reform,2029,11350
exponential,middle,L2,reform,2030,12105
exponential,middle,L2,reform,2031,12404
exponential,middle,L2,reform,2032,13040
exponential,middle,L2,reform,2033,13708
exponential,middle,L2,reform,2034,14410
exponential,middle,L2,reform,2035,15147
exponential,middle,L2,reform,2036,15922
exponential,middle,L2,reform,2037,16822
exponential,middle,L2,reform,2038,17773
exponential,middle,L2,reform,2039,18752
exponential,middle,L2,reform,2040,19731
exponential,middle,L3,frictionless,2026,10666
exponential,middle,L3,frictionless,2027,11269
exponential,middle,L3,frictionless,2028,11906
exponential,middle,L3,frictionless,2029,12579
exponential,middle,L3,frictionless,2030,13291
exponential,middle,L3,frictionless,2031,11853
exponential,middle,L3,frictionless,2032,12524
exponential,middle,L3,frictionless,2033,13232
exponential,middle,L3,frictionless,2034,13980
exponential,middle,L3,frictionless,2035,14770
exponential,middle,L3,frictionless,2036,15605
exponential,middle,L3,frictionless,2037,16488
exponential,middle,L3,frictionless,2038,17420
exponential,middle,L3,frictionless,2039,18405
exponential,middle,L3,frictionless,2040,19446
exponential,middle,L3,noresponse,2026,9553
exponential,middle,L3,noresponse,2027,10093
exponential,middle,L3,noresponse,2028,10664
exponential,middle,L3,noresponse,2029,11267
exponential,middle,L3,noresponse,2030,11904
exponential,middle,L3,noresponse,2031,12577
exponential,middle,L3,noresponse,2032,13288
exponential,middle,L3,noresponse,2033,14039
exponential,middle,L3,noresponse,2034,14833
exponential,middle,L3,noresponse,2035,15672
exponential,middle,L3,noresponse,2036,16558
exponential,middle,L3,noresponse,2037,17494
exponential,middle,L3,noresponse,2038,18483
exponential,middle,L3,noresponse,2039,19318
exponential,middle,L3,noresponse,2040,19759
exponential,middle,L3,perverse,2026,9275
exponential,middle,L3,perverse,2027,9799
exponential,middle,L3,perverse,2028,10354
exponential,middle,L3,perverse,2029,10939
exponential,middle,L3,perverse,2030,11557
exponential,middle,L3,perverse,2031,12758
exponential,middle,L3,perverse,2032,13479
exponential,middle,L3,perverse,2033,14241
exponential,middle,L3,perverse,2034,15046
exponential,middle,L3,perverse,2035,15898
exponential,middle,L3,perverse,2036,16796
exponential,middle,L3,perverse,2037,17746
exponential,middle,L3,perverse,2038,18749
exponential,middle,L3,perverse,2039,19546
exponential,middle,L3,perverse,2040,19837
exponential,middle,L3,perverse_low,2026,8996
exponential,middle,L3,perverse_low,2027,9505
exponential,middle,L3,perverse_low,2028,10043
exponential,middle,L3,perverse_low,2029,10611
exponential,middle,L3,perverse_low,2030,11210
exponential,middle,L3,perverse_low,2031,12939
exponential,middle,L3,perverse_low,2032,13670
exponential,middle,L3,perverse_low,2033,14442
exponential,middle,L3,perverse_low,2034,15260
exponential,middle,L3,perverse_low,2035,16123
exponential,middle,L3,perverse_low,2036,17034
exponential,middle,L3,perverse_low,2037,17997
exponential,middle,L3,perverse_low,2038,19014
exponential,middle,L3,perverse_low,2039,19774
exponential,middle,L3,perverse_low,2040,19916
exponential,middle,L3,reform,2026,9275
exponential,middle,L3,reform,2027,9931
exponential,middle,L3,reform,2028,10633
exponential,middle,L3,reform,2029,11382
exponential,middle,L3,reform,2030,12181
exponential,middle,L3,reform,2031,12351
exponential,middle,L3,reform,2032,12963
exponential,middle,L3,reform,2033,13605
exponential,middle,L3,reform,2034,14279
exponential,middle,L3,reform,2035,14984
exponential,middle,L3,reform,2036,15724
exponential,middle,L3,reform,2037,16614
exponential,middle,L3,reform,2038,17553
exponential,middle,L3,reform,2039,18519
exponential,middle,L3,reform,2040,19485
exponential,middle,L3C,frictionless,2026,10666
exponential,middle,L3C,frictionless,2027,11269
exponential,middle,L3C,frictionless,2028,11906
exponential,middle,L3C,frictionless,2029,12579
exponential,middle,L3C,frictionless,2030,13291
exponential,middle,L3C,frictionless,2031,12311
exponential,middle,L3C,frictionless,2032,13008
exponential,middle,L3C,frictionless,2033,13743
exponential,middle,L3C,frictionless,2034,14520
exponential,middle,L3C,frictionless,2035,15341
exponential,middle,L3C,frictionless,2036,16208
exponential,middle,L3C,frictionless,2037,17125
exponential,middle,L3C,frictionless,2038,18093
exponential,middle,L3C,frictionless,2039,19116
exponential,middle,L3C,frictionless,2040,19759
exponential,middle,L3C,noresponse,2026,9553
exponential,middle,L3C,noresponse,2027,10093
exponential,middle,L3C,noresponse,2028,10664
exponential,middle,L3C,noresponse,2029,11267
exponential,middle,L3C,noresponse,2030,11904
exponential,middle,L3C,noresponse,2031,12577
exponential,middle,L3C,noresponse,2032,13288
exponential,middle,L3C,noresponse,2033,14039
exponential,middle,L3C,noresponse,2034,14833
exponential,middle,L3C,noresponse,2035,15672
exponential,middle,L3C,noresponse,2036,16558
exponential,middle,L3C,noresponse,2037,17494
exponential,middle,L3C,noresponse,2038,18483
exponential,middle,L3C,noresponse,2039,19318
exponential,middle,L3C,noresponse,2040,19759
exponential,middle,L3C,perverse,2026,9275
exponential,middle,L3C,perverse,2027,9799
exponential,middle,L3C,perverse,2028,10354
exponential,middle,L3C,perverse,2029,10939
exponential,middle,L3C,perverse,2030,11557
exponential,middle,L3C,perverse,2031,12644
exponential,middle,L3C,perverse,2032,13358
exponential,middle,L3C,perverse,2033,14113
exponential,middle,L3C,perverse,2034,14911
exponential,middle,L3C,perverse,2035,15755
exponential,middle,L3C,perverse,2036,16646
exponential,middle,L3C,perverse,2037,17586
exponential,middle,L3C,perverse,2038,18580
exponential,middle,L3C,perverse,2039,19368
exponential,middle,L3C,perverse,2040,19759
exponential,middle,L3C,perverse_low,2026,8996
exponential,middle,L3C,perverse_low,2027,9505
exponential,middle,L3C,perverse_low,2028,10043
exponential,middle,L3C,perverse_low,2029,10611
exponential,middle,L3C,perverse_low,2030,11210
exponential,middle,L3C,perverse_low,2031,12710
exponential,middle,L3C,perverse_low,2032,13428
exponential,middle,L3C,perverse_low,2033,14187
exponential,middle,L3C,perverse_low,2034,14990
exponential,middle,L3C,perverse_low,2035,15838
exponential,middle,L3C,perverse_low,2036,16733
exponential,middle,L3C,perverse_low,2037,17678
exponential,middle,L3C,perverse_low,2038,18678
exponential,middle,L3C,perverse_low,2039,19419
exponential,middle,L3C,perverse_low,2040,19759
exponential,middle,L3C,reform,2026,9275
exponential,middle,L3C,reform,2027,9931
exponential,middle,L3C,reform,2028,10633
exponential,middle,L3C,reform,2029,11382
exponential,middle,L3C,reform,2030,12181
exponential,middle,L3C,reform,2031,12494
exponential,middle,L3C,reform,2032,13169
exponential,middle,L3C,reform,2033,13880
exponential,middle,L3C,reform,2034,14630
exponential,middle,L3C,reform,2035,15420
exponential,middle,L3C,reform,2036,16252
exponential,middle,L3C,reform,2037,17171
exponential,middle,L3C,reform,2038,18142
exponential,middle,L3C,reform,2039,19141
exponential,middle,L3C,reform,2040,19759
exponential,middle,L4,frictionless,2026,10766
exponential,middle,L4,frictionless,2027,11374
exponential,middle,L4,frictionless,2028,12017
exponential,middle,L4,frictionless,2029,12697
exponential,middle,L4,frictionless,2030,13415
exponential,middle,L4,frictionless,2031,12040
exponential,middle,L4,frictionless,2032,12720
exponential,middle,L4,frictionless,2033,13439
exponential,middle,L4,frictionless,2034,14199
exponential,middle,L4,frictionless,2035,15002
exponential,middle,L4,frictionless,2036,15850
exponential,middle,L4,frictionless,2037,16747
exponential,middle,L4,frictionless,2038,17693
exponential,middle,L4,frictionless,2039,18694
exponential,middle,L4,frictionless,2040,19751
exponential,middle,L4,noresponse,2026,9553
exponential,middle,L4,noresponse,2027,10093
exponential,middle,L4,noresponse,2028,10664
exponential,middle,L4,noresponse,2029,11267
exponential,middle,L4,noresponse,2030,11904
exponential,middle,L4,noresponse,2031,12577
exponential,middle,L4,noresponse,2032,13288
exponential,middle,L4,noresponse,2033,14039
exponential,middle,L4,noresponse,2034,14833
exponential,middle,L4,noresponse,2035,15672
exponential,middle,L4,noresponse,2036,16558
exponential,middle,L4,noresponse,2037,17494
exponential,middle,L4,noresponse,2038,18483
exponential,middle,L4,noresponse,2039,19318
exponential,middle,L4,noresponse,2040,19759
exponential,middle,L4,perverse,2026,9250
exponential,middle,L4,perverse,2027,9773
exponential,middle,L4,perverse,2028,10326
exponential,middle,L4,perverse,2029,10910
exponential,middle,L4,perverse,2030,11526
exponential,middle,L4,perverse,2031,12711
exponential,middle,L4,perverse,2032,13430
exponential,middle,L4,perverse,2033,14189
exponential,middle,L4,perverse,2034,14992
exponential,middle,L4,perverse,2035,15840
exponential,middle,L4,perverse,2036,16735
exponential,middle,L4,perverse,2037,17681
exponential,middle,L4,perverse,2038,18680
exponential,middle,L4,perverse,2039,19474
exponential,middle,L4,perverse,2040,19761
exponential,middle,L4,perverse_low,2026,8946
exponential,middle,L4,perverse_low,2027,9452
exponential,middle,L4,perverse_low,2028,9988
exponential,middle,L4,perverse_low,2029,10552
exponential,middle,L4,perverse_low,2030,11148
exponential,middle,L4,perverse_low,2031,12846
exponential,middle,L4,perverse_low,2032,13572
exponential,middle,L4,perverse_low,2033,14339
exponential,middle,L4,perverse_low,2034,15150
exponential,middle,L4,perverse_low,2035,16007
exponential,middle,L4,perverse_low,2036,16912
exponential,middle,L4,perverse_low,2037,17868
exponential,middle,L4,perverse_low,2038,18878
exponential,middle,L4,perverse_low,2039,19630
exponential,middle,L4,perverse_low,2040,19763
exponential,middle,L4,reform,2026,9250
exponential,middle,L4,reform,2027,9917
exponential,middle,L4,reform,2028,10630
exponential,middle,L4,reform,2029,11392
exponential,middle,L4,reform,2030,12206
exponential,middle,L4,reform,2031,12409
exponential,middle,L4,reform,2032,13047
exponential,middle,L4,reform,2033,13716
exponential,middle,L4,reform,2034,14421
exponential,middle,L4,reform,2035,15161
exponential,middle,L4,reform,2036,15938
exponential,middle,L4,reform,2037,16840
exponential,middle,L4,reform,2038,17792
exponential,middle,L4,reform,2039,18772
exponential,middle,L4,reform,2040,19752
exponential,middle,L_EU,frictionless,2026,10622
exponential,middle,L_EU,frictionless,2027,11222
exponential,middle,L_EU,frictionless,2028,11857
exponential,middle,L_EU,frictionless,2029,12527
exponential,middle,L_EU,frictionless,2030,13236
exponential,middle,L_EU,frictionless,2031,13708
exponential,middle,L_EU,frictionless,2032,14451
exponential,middle,L_EU,frictionless,2033,15268
exponential,middle,L_EU,frictionless,2034,16131
exponential,middle,L_EU,frictionless,2035,17043
exponential,middle,L_EU,frictionless,2036,17597
exponential,middle,L_EU,frictionless,2037,18136
exponential,middle,L_EU,frictionless,2038,18709
exponential,middle,L_EU,frictionless,2039,19318
exponential,middle,L_EU,frictionless,2040,19759
exponential,middle,L_EU,noresponse,2026,9553
exponential,middle,L_EU,noresponse,2027,10093
exponential,middle,L_EU,noresponse,2028,10664
exponential,middle,L_EU,noresponse,2029,11267
exponential,middle,L_EU,noresponse,2030,11904
exponential,middle,L_EU,noresponse,2031,12577
exponential,middle,L_EU,noresponse,2032,13288
exponential,middle,L_EU,noresponse,2033,14039
exponential,middle,L_EU,noresponse,2034,14833
exponential,middle,L_EU,noresponse,2035,15672
exponential,middle,L_EU,noresponse,2036,16558
exponential,middle,L_EU,noresponse,2037,17494
exponential,middle,L_EU,noresponse,2038,18483
exponential,middle,L_EU,noresponse,2039,19318
exponential,middle,L_EU,noresponse,2040,19759
exponential,middle,L_EU,perverse,2026,9286
exponential,middle,L_EU,perverse,2027,9811
exponential,middle,L_EU,perverse,2028,10366
exponential,middle,L_EU,perverse,2029,10952
exponential,middle,L_EU,perverse,2030,11571
exponential,middle,L_EU,perverse,2031,12294
exponential,middle,L_EU,perverse,2032,12997
exponential,middle,L_EU,perverse,2033,13732
exponential,middle,L_EU,perverse,2034,14508
exponential,middle,L_EU,perverse,2035,15329
exponential,middle,L_EU,perverse,2036,16298
exponential,middle,L_EU,perverse,2037,17334
exponential,middle,L_EU,perverse,2038,18426
exponential,middle,L_EU,perverse,2039,19318
exponential,middle,L_EU,perverse,2040,19759
exponential,middle,L_EU,perverse_low,2026,9018
exponential,middle,L_EU,perverse_low,2027,9528
exponential,middle,L_EU,perverse_low,2028,10068
exponential,middle,L_EU,perverse_low,2029,10637
exponential,middle,L_EU,perverse_low,2030,11238
exponential,middle,L_EU,perverse_low,2031,12012
exponential,middle,L_EU,perverse_low,2032,12706
exponential,middle,L_EU,perverse_low,2033,13424
exponential,middle,L_EU,perverse_low,2034,14184
exponential,middle,L_EU,perverse_low,2035,14986
exponential,middle,L_EU,perverse_low,2036,16038
exponential,middle,L_EU,perverse_low,2037,17173
exponential,middle,L_EU,perverse_low,2038,18370
exponential,middle,L_EU,perverse_low,2039,19318
exponential,middle,L_EU,perverse_low,2040,19759
exponential,middle,L_EU,reform,2026,9286
exponential,middle,L_EU,reform,2027,9938
exponential,middle,L_EU,reform,2028,10634
exponential,middle,L_EU,reform,2029,11377
exponential,middle,L_EU,reform,2030,12170
exponential,middle,L_EU,reform,2031,12930
exponential,middle,L_EU,reform,2032,13782
exponential,middle,L_EU,reform,2033,14700
exponential,middle,L_EU,reform,2034,15677
exponential,middle,L_EU,reform,2035,16717
exponential,middle,L_EU,reform,2036,17467
exponential,middle,L_EU,reform,2037,18056
exponential,middle,L_EU,reform,2038,18681
exponential,middle,L_EU,reform,2039,19318
exponential,middle,L_EU,reform,2040,19759
exponential,middle,L_C,frictionless,2026,10338
exponential,middle,L_C,frictionless,2027,10923
exponential,middle,L_C,frictionless,2028,11540
exponential,middle,L_C,frictionless,2029,12193
exponential,middle,L_C,frictionless,2030,12882
exponential,middle,L_C,frictionless,2031,13611
exponential,middle,L_C,frictionless,2032,14380
exponential,middle,L_C,frictionless,2033,15193
exponential,middle,L_C,frictionless,2034,16052
exponential,middle,L_C,frictionless,2035,16960
exponential,middle,L_C,frictionless,2036,17597
exponential,middle,L_C,frictionless,2037,18136
exponential,middle,L_C,frictionless,2038,18709
exponential,middle,L_C,frictionless,2039,19318
exponential,middle,L_C,frictionless,2040,19759
exponential,middle,L_C,noresponse,2026,9553
exponential,middle,L_C,noresponse,2027,10093
exponential,middle,L_C,noresponse,2028,10664
exponential,middle,L_C,noresponse,2029,11267
exponential,middle,L_C,noresponse,2030,11904
exponential,middle,L_C,noresponse,2031,12577
exponential,middle,L_C,noresponse,2032,13288
exponential,middle,L_C,noresponse,2033,14039
exponential,middle,L_C,noresponse,2034,14833
exponential,middle,L_C,noresponse,2035,15672
exponential,middle,L_C,noresponse,2036,16558
exponential,middle,L_C,noresponse,2037,17494
exponential,middle,L_C,noresponse,2038,18483
exponential,middle,L_C,noresponse,2039,19318
exponential,middle,L_C,noresponse,2040,19759
exponential,middle,L_C,perverse,2026,9357
exponential,middle,L_C,perverse,2027,9886
exponential,middle,L_C,perverse,2028,10445
exponential,middle,L_C,perverse,2029,11036
exponential,middle,L_C,perverse,2030,11660
exponential,middle,L_C,perverse,2031,12318
exponential,middle,L_C,perverse,2032,13015
exponential,middle,L_C,perverse,2033,13750
exponential,middle,L_C,perverse,2034,14528
exponential,middle,L_C,perverse,2035,15350
exponential,middle,L_C,perverse,2036,16298
exponential,middle,L_C,perverse,2037,17334
exponential,middle,L_C,perverse,2038,18426
exponential,middle,L_C,perverse,2039,19318
exponential,middle,L_C,perverse,2040,19759
exponential,middle,L_C,perverse_low,2026,9160
exponential,middle,L_C,perverse_low,2027,9678
exponential,middle,L_C,perverse_low,2028,10226
exponential,middle,L_C,perverse_low,2029,10804
exponential,middle,L_C,perverse_low,2030,11415
exponential,middle,L_C,perverse_low,2031,12060
exponential,middle,L_C,perverse_low,2032,12742
exponential,middle,L_C,perverse_low,2033,13462
exponential,middle,L_C,perverse_low,2034,14224
exponential,middle,L_C,perverse_low,2035,15028
exponential,middle,L_C,perverse_low,2036,16038
exponential,middle,L_C,perverse_low,2037,17173
exponential,middle,L_C,perverse_low,2038,18370
exponential,middle,L_C,perverse_low,2039,19318
exponential,middle,L_C,perverse_low,2040,19759
exponential,middle,L_C,reform,2026,9357
exponential,middle,L_C,reform,2027,9979
exponential,middle,L_C,reform,2028,10642
exponential,middle,L_C,reform,2029,11348
exponential,middle,L_C,reform,2030,12100
exponential,middle,L_C,reform,2031,12900
exponential,middle,L_C,reform,2032,13752
exponential,middle,L_C,reform,2033,14659
exponential,middle,L_C,reform,2034,15625
exponential,middle,L_C,reform,2035,16654
exponential,middle,L_C,reform,2036,17467
exponential,middle,L_C,reform,2037,18056
exponential,middle,L_C,reform,2038,18681
exponential,middle,L_C,reform,2039,19318
exponential,middle,L_C,reform,2040,19759
exponential,middle,L_QB,frictionless,2026,13282
exponential,middle,L_QB,frictionless,2027,14033
exponential,middle,L_QB,frictionless,2028,14826
exponential,middle,L_QB,frictionless,2029,15665
exponential,middle,L_QB,frictionless,2030,16550
exponential,middle,L_QB,frictionless,2031,17486
exponential,middle,L_QB,frictionless,2032,18475
exponential,middle,L_QB,frictionless,2033,19519
exponential,middle,L_QB,frictionless,2034,20623
exponential,middle,L_QB,frictionless,2035,21789
exponential,middle,L_QB,frictionless,2036,23021
exponential,middle,L_QB,frictionless,2037,24323
exponential,middle,L_QB,frictionless,2038,25698
exponential,middle,L_QB,frictionless,2039,27151
exponential,middle,L_QB,frictionless,2040,28686
exponential,middle,L_QB,noresponse,2026,9553
exponential,middle,L_QB,noresponse,2027,10093
exponential,middle,L_QB,noresponse,2028,10664
exponential,middle,L_QB,noresponse,2029,11267
exponential,middle,L_QB,noresponse,2030,11904
exponential,middle,L_QB,noresponse,2031,12577
exponential,middle,L_QB,noresponse,2032,13288
exponential,middle,L_QB,noresponse,2033,14039
exponential,middle,L_QB,noresponse,2034,14833
exponential,middle,L_QB,noresponse,2035,15672
exponential,middle,L_QB,noresponse,2036,16558
exponential,middle,L_QB,noresponse,2037,17494
exponential,middle,L_QB,noresponse,2038,18483
exponential,middle,L_QB,noresponse,2039,19318
exponential,middle,L_QB,noresponse,2040,19759
exponential,middle,L_QB,perverse,2026,8621
exponential,middle,L_QB,perverse,2027,9108
exponential,middle,L_QB,perverse,2028,9624
exponential,middle,L_QB,perverse,2029,10168
exponential,middle,L_QB,perverse,2030,10742
exponential,middle,L_QB,perverse,2031,11350
exponential,middle,L_QB,perverse,2032,11991
exponential,middle,L_QB,perverse,2033,12669
exponential,middle,L_QB,perverse,2034,13386
exponential,middle,L_QB,perverse,2035,14143
exponential,middle,L_QB,perverse,2036,14942
exponential,middle,L_QB,perverse,2037,15787
exponential,middle,L_QB,perverse,2038,16679
exponential,middle,L_QB,perverse,2039,17360
exponential,middle,L_QB,perverse,2040,17527
exponential,middle,L_QB,perverse_low,2026,7688
exponential,middle,L_QB,perverse_low,2027,8123
exponential,middle,L_QB,perverse_low,2028,8583
exponential,middle,L_QB,perverse_low,2029,9068
exponential,middle,L_QB,perverse_low,2030,9581
exponential,middle,L_QB,perverse_low,2031,10122
exponential,middle,L_QB,perverse_low,2032,10694
exponential,middle,L_QB,perverse_low,2033,11299
exponential,middle,L_QB,perverse_low,2034,11938
exponential,middle,L_QB,perverse_low,2035,12614
exponential,middle,L_QB,perverse_low,2036,13326
exponential,middle,L_QB,perverse_low,2037,14080
exponential,middle,L_QB,perverse_low,2038,14876
exponential,middle,L_QB,perverse_low,2039,15402
exponential,middle,L_QB,perverse_low,2040,15296
exponential,middle,L_QB,reform,2026,8621
exponential,middle,L_QB,reform,2027,9551
exponential,middle,L_QB,reform,2028,10560
exponential,middle,L_QB,reform,2029,11652
exponential,middle,L_QB,reform,2030,12833
exponential,middle,L_QB,reform,2031,14111
exponential,middle,L_QB,reform,2032,15492
exponential,middle,L_QB,reform,2033,16984
exponential,middle,L_QB,reform,2034,18596
exponential,middle,L_QB,reform,2035,20336
exponential,middle,L_QB,reform,2036,22213
exponential,middle,L_QB,reform,2037,23469
exponential,middle,L_QB,reform,2038,24796
exponential,middle,L_QB,reform,2039,26172
exponential,middle,L_QB,reform,2040,27570
exponential,ideal,L1,frictionless,2026,17357
exponential,ideal,L1,frictionless,2027,18338
exponential,ideal,L1,frictionless,2028,19375
exponential,ideal,L1,frictionless,2029,20470
exponential,ideal,L1,frictionless,2030,21628
exponential,ideal,L1,frictionless,2031,22851
exponential,ideal,L1,frictionless,2032,24143
exponential,ideal,L1,frictionless,2033,25508
exponential,ideal,L1,frictionless,2034,26950
exponential,ideal,L1,frictionless,2035,28474
exponential,ideal,L1,frictionless,2036,30084
exponential,ideal,L1,frictionless,2037,31784
exponential,ideal,L1,frictionless,2038,33582
exponential,ideal,L1,frictionless,2039,35480
exponential,ideal,L1,frictionless,2040,37486
exponential,ideal,L1,noresponse,2026,15129
exponential,ideal,L1,noresponse,2027,15984
exponential,ideal,L1,noresponse,2028,16888
exponential,ideal,L1,noresponse,2029,17843
exponential,ideal,L1,noresponse,2030,18852
exponential,ideal,L1,noresponse,2031,19917
exponential,ideal,L1,noresponse,2032,21044
exponential,ideal,L1,noresponse,2033,22233
exponential,ideal,L1,noresponse,2034,23490
exponential,ideal,L1,noresponse,2035,24819
exponential,ideal,L1,noresponse,2036,26222
exponential,ideal,L1,noresponse,2037,27705
exponential,ideal,L1,noresponse,2038,29271
exponential,ideal,L1,noresponse,2039,30926
exponential,ideal,L1,noresponse,2040,32674
exponential,ideal,L1,perverse,2026,14572
exponential,ideal,L1,perverse,2027,15396
exponential,ideal,L1,perverse,2028,16266
exponential,ideal,L1,perverse,2029,17186
exponential,ideal,L1,perverse,2030,18158
exponential,ideal,L1,perverse,2031,19184
exponential,ideal,L1,perverse,2032,20269
exponential,ideal,L1,perverse,2033,21414
exponential,ideal,L1,perverse,2034,22625
exponential,ideal,L1,perverse,2035,23905
exponential,ideal,L1,perverse,2036,25256
exponential,ideal,L1,perverse,2037,26685
exponential,ideal,L1,perverse,2038,28193
exponential,ideal,L1,perverse,2039,29788
exponential,ideal,L1,perverse,2040,31471
exponential,ideal,L1,perverse_low,2026,14015
exponential,ideal,L1,perverse_low,2027,14807
exponential,ideal,L1,perverse_low,2028,15644
exponential,ideal,L1,perverse_low,2029,16530
exponential,ideal,L1,perverse_low,2030,17464
exponential,ideal,L1,perverse_low,2031,18450
exponential,ideal,L1,perverse_low,2032,19494
exponential,ideal,L1,perverse_low,2033,20596
exponential,ideal,L1,perverse_low,2034,21760
exponential,ideal,L1,perverse_low,2035,22992
exponential,ideal,L1,perverse_low,2036,24291
exponential,ideal,L1,perverse_low,2037,25666
exponential,ideal,L1,perverse_low,2038,27116
exponential,ideal,L1,perverse_low,2039,28649
exponential,ideal,L1,perverse_low,2040,30268
exponential,ideal,L1,reform,2026,14572
exponential,ideal,L1,reform,2027,15660
exponential,ideal,L1,reform,2028,16826
exponential,ideal,L1,reform,2029,18073
exponential,ideal,L1,reform,2030,19407
exponential,ideal,L1,reform,2031,20834
exponential,ideal,L1,reform,2032,22361
exponential,ideal,L1,reform,2033,23993
exponential,ideal,L1,reform,2034,25739
exponential,ideal,L1,reform,2035,27606
exponential,ideal,L1,reform,2036,29601
exponential,ideal,L1,reform,2037,31274
exponential,ideal,L1,reform,2038,33043
exponential,ideal,L1,reform,2039,34911
exponential,ideal,L1,reform,2040,36884
exponential,ideal,L2,frictionless,2026,18152
exponential,ideal,L2,frictionless,2027,19178
exponential,ideal,L2,frictionless,2028,20263
exponential,ideal,L2,frictionless,2029,21408
exponential,ideal,L2,frictionless,2030,22619
exponential,ideal,L2,frictionless,2031,23898
exponential,ideal,L2,frictionless,2032,25249
exponential,ideal,L2,frictionless,2033,26677
exponential,ideal,L2,frictionless,2034,28185
exponential,ideal,L2,frictionless,2035,29778
exponential,ideal,L2,frictionless,2036,31462
exponential,ideal,L2,frictionless,2037,33241
exponential,ideal,L2,frictionless,2038,35121
exponential,ideal,L2,frictionless,2039,37106
exponential,ideal,L2,frictionless,2040,39204
exponential,ideal,L2,noresponse,2026,15129
exponential,ideal,L2,noresponse,2027,15984
exponential,ideal,L2,noresponse,2028,16888
exponential,ideal,L2,noresponse,2029,17843
exponential,ideal,L2,noresponse,2030,18852
exponential,ideal,L2,noresponse,2031,19917
exponential,ideal,L2,noresponse,2032,21044
exponential,ideal,L2,noresponse,2033,22233
exponential,ideal,L2,noresponse,2034,23490
exponential,ideal,L2,noresponse,2035,24819
exponential,ideal,L2,noresponse,2036,26222
exponential,ideal,L2,noresponse,2037,27705
exponential,ideal,L2,noresponse,2038,29271
exponential,ideal,L2,noresponse,2039,30926
exponential,ideal,L2,noresponse,2040,32674
exponential,ideal,L2,perverse,2026,14373
exponential,ideal,L2,perverse,2027,15186
exponential,ideal,L2,perverse,2028,16044
exponential,ideal,L2,perverse,2029,16952
exponential,ideal,L2,perverse,2030,17910
exponential,ideal,L2,perverse,2031,18922
exponential,ideal,L2,perverse,2032,19993
exponential,ideal,L2,perverse,2033,21122
exponential,ideal,L2,perverse,2034,22316
exponential,ideal,L2,perverse,2035,23579
exponential,ideal,L2,perverse,2036,24912
exponential,ideal,L2,perverse,2037,26321
exponential,ideal,L2,perverse,2038,27808
exponential,ideal,L2,perverse,2039,29381
exponential,ideal,L2,perverse,2040,31042
exponential,ideal,L2,perverse_low,2026,13618
exponential,ideal,L2,perverse_low,2027,14387
exponential,ideal,L2,perverse_low,2028,15200
exponential,ideal,L2,perverse_low,2029,16060
exponential,ideal,L2,perverse_low,2030,16968
exponential,ideal,L2,perverse_low,2031,17926
exponential,ideal,L2,perverse_low,2032,18942
exponential,ideal,L2,perverse_low,2033,20011
exponential,ideal,L2,perverse_low,2034,21142
exponential,ideal,L2,perverse_low,2035,22340
exponential,ideal,L2,perverse_low,2036,23602
exponential,ideal,L2,perverse_low,2037,24937
exponential,ideal,L2,perverse_low,2038,26346
exponential,ideal,L2,perverse_low,2039,27836
exponential,ideal,L2,perverse_low,2040,29409
exponential,ideal,L2,reform,2026,14373
exponential,ideal,L2,reform,2027,15545
exponential,ideal,L2,reform,2028,16804
exponential,ideal,L2,reform,2029,18155
exponential,ideal,L2,reform,2030,19605
exponential,ideal,L2,reform,2031,21161
exponential,ideal,L2,reform,2032,22831
exponential,ideal,L2,reform,2033,24622
exponential,ideal,L2,reform,2034,26542
exponential,ideal,L2,reform,2035,28600
exponential,ideal,L2,reform,2036,30807
exponential,ideal,L2,reform,2037,32549
exponential,ideal,L2,reform,2038,34390
exponential,ideal,L2,reform,2039,36334
exponential,ideal,L2,reform,2040,38388
exponential,ideal,L3,frictionless,2026,19183
exponential,ideal,L3,frictionless,2027,20268
exponential,ideal,L3,frictionless,2028,21414
exponential,ideal,L3,frictionless,2029,22624
exponential,ideal,L3,frictionless,2030,23904
exponential,ideal,L3,frictionless,2031,25255
exponential,ideal,L3,frictionless,2032,26683
exponential,ideal,L3,frictionless,2033,28192
exponential,ideal,L3,frictionless,2034,29786
exponential,ideal,L3,frictionless,2035,31470
exponential,ideal,L3,frictionless,2036,33249
exponential,ideal,L3,frictionless,2037,35129
exponential,ideal,L3,frictionless,2038,37115
exponential,ideal,L3,frictionless,2039,39214
exponential,ideal,L3,frictionless,2040,41431
exponential,ideal,L3,noresponse,2026,15129
exponential,ideal,L3,noresponse,2027,15984
exponential,ideal,L3,noresponse,2028,16888
exponential,ideal,L3,noresponse,2029,17843
exponential,ideal,L3,noresponse,2030,18852
exponential,ideal,L3,noresponse,2031,19917
exponential,ideal,L3,noresponse,2032,21044
exponential,ideal,L3,noresponse,2033,22233
exponential,ideal,L3,noresponse,2034,23490
exponential,ideal,L3,noresponse,2035,24819
exponential,ideal,L3,noresponse,2036,26222
exponential,ideal,L3,noresponse,2037,27705
exponential,ideal,L3,noresponse,2038,29271
exponential,ideal,L3,noresponse,2039,30926
exponential,ideal,L3,noresponse,2040,32674
exponential,ideal,L3,perverse,2026,14116
exponential,ideal,L3,perverse,2027,14913
exponential,ideal,L3,perverse,2028,15756
exponential,ideal,L3,perverse,2029,16648
exponential,ideal,L3,perverse,2030,17589
exponential,ideal,L3,perverse,2031,18582
exponential,ideal,L3,perverse,2032,19634
exponential,ideal,L3,perverse,2033,20743
exponential,ideal,L3,perverse,2034,21916
exponential,ideal,L3,perverse,2035,23156
exponential,ideal,L3,perverse,2036,24465
exponential,ideal,L3,perverse,2037,25849
exponential,ideal,L3,perverse,2038,27310
exponential,ideal,L3,perverse,2039,28854
exponential,ideal,L3,perverse,2040,30485
exponential,ideal,L3,perverse_low,2026,13102
exponential,ideal,L3,perverse_low,2027,13842
exponential,ideal,L3,perverse_low,2028,14625
exponential,ideal,L3,perverse_low,2029,15452
exponential,ideal,L3,perverse_low,2030,16326
exponential,ideal,L3,perverse_low,2031,17248
exponential,ideal,L3,perverse_low,2032,18224
exponential,ideal,L3,perverse_low,2033,19254
exponential,ideal,L3,perverse_low,2034,20342
exponential,ideal,L3,perverse_low,2035,21494
exponential,ideal,L3,perverse_low,2036,22708
exponential,ideal,L3,perverse_low,2037,23993
exponential,ideal,L3,perverse_low,2038,25349
exponential,ideal,L3,perverse_low,2039,26782
exponential,ideal,L3,perverse_low,2040,28296
exponential,ideal,L3,reform,2026,14116
exponential,ideal,L3,reform,2027,15395
exponential,ideal,L3,reform,2028,16775
exponential,ideal,L3,reform,2029,18261
exponential,ideal,L3,reform,2030,19862
exponential,ideal,L3,reform,2031,21585
exponential,ideal,L3,reform,2032,23441
exponential,ideal,L3,reform,2033,25436
exponential,ideal,L3,reform,2034,27582
exponential,ideal,L3,reform,2035,29890
exponential,ideal,L3,reform,2036,32371
exponential,ideal,L3,reform,2037,34201
exponential,ideal,L3,reform,2038,36134
exponential,ideal,L3,reform,2039,38178
exponential,ideal,L3,reform,2040,40336
exponential,ideal,L3C,frictionless,2026,19183
exponential,ideal,L3C,frictionless,2027,20268
exponential,ideal,L3C,frictionless,2028,21414
exponential,ideal,L3C,frictionless,2029,22624
exponential,ideal,L3C,frictionless,2030,23904
exponential,ideal,L3C,frictionless,2031,25255
exponential,ideal,L3C,frictionless,2032,26683
exponential,ideal,L3C,frictionless,2033,28192
exponential,ideal,L3C,frictionless,2034,29786
exponential,ideal,L3C,frictionless,2035,31470
exponential,ideal,L3C,frictionless,2036,33249
exponential,ideal,L3C,frictionless,2037,35129
exponential,ideal,L3C,frictionless,2038,37115
exponential,ideal,L3C,frictionless,2039,39214
exponential,ideal,L3C,frictionless,2040,41431
exponential,ideal,L3C,noresponse,2026,15129
exponential,ideal,L3C,noresponse,2027,15984
exponential,ideal,L3C,noresponse,2028,16888
exponential,ideal,L3C,noresponse,2029,17843
exponential,ideal,L3C,noresponse,2030,18852
exponential,ideal,L3C,noresponse,2031,19917
exponential,ideal,L3C,noresponse,2032,21044
exponential,ideal,L3C,noresponse,2033,22233
exponential,ideal,L3C,noresponse,2034,23490
exponential,ideal,L3C,noresponse,2035,24819
exponential,ideal,L3C,noresponse,2036,26222
exponential,ideal,L3C,noresponse,2037,27705
exponential,ideal,L3C,noresponse,2038,29271
exponential,ideal,L3C,noresponse,2039,30926
exponential,ideal,L3C,noresponse,2040,32674
exponential,ideal,L3C,perverse,2026,14116
exponential,ideal,L3C,perverse,2027,14913
exponential,ideal,L3C,perverse,2028,15756
exponential,ideal,L3C,perverse,2029,16648
exponential,ideal,L3C,perverse,2030,17589
exponential,ideal,L3C,perverse,2031,18582
exponential,ideal,L3C,perverse,2032,19634
exponential,ideal,L3C,perverse,2033,20743
exponential,ideal,L3C,perverse,2034,21916
exponential,ideal,L3C,perverse,2035,23156
exponential,ideal,L3C,perverse,2036,24465
exponential,ideal,L3C,perverse,2037,25849
exponential,ideal,L3C,perverse,2038,27310
exponential,ideal,L3C,perverse,2039,28854
exponential,ideal,L3C,perverse,2040,30485
exponential,ideal,L3C,perverse_low,2026,13102
exponential,ideal,L3C,perverse_low,2027,13842
exponential,ideal,L3C,perverse_low,2028,14625
exponential,ideal,L3C,perverse_low,2029,15452
exponential,ideal,L3C,perverse_low,2030,16326
exponential,ideal,L3C,perverse_low,2031,17248
exponential,ideal,L3C,perverse_low,2032,18224
exponential,ideal,L3C,perverse_low,2033,19254
exponential,ideal,L3C,perverse_low,2034,20342
exponential,ideal,L3C,perverse_low,2035,21494
exponential,ideal,L3C,perverse_low,2036,22708
exponential,ideal,L3C,perverse_low,2037,23993
exponential,ideal,L3C,perverse_low,2038,25349
exponential,ideal,L3C,perverse_low,2039,26782
exponential,ideal,L3C,perverse_low,2040,28296
exponential,ideal,L3C,reform,2026,14116
exponential,ideal,L3C,reform,2027,15395
exponential,ideal,L3C,reform,2028,16775
exponential,ideal,L3C,reform,2029,18261
exponential,ideal,L3C,reform,2030,19862
exponential,ideal,L3C,reform,2031,21585
exponential,ideal,L3C,reform,2032,23441
exponential,ideal,L3C,reform,2033,25436
exponential,ideal,L3C,reform,2034,27582
exponential,ideal,L3C,reform,2035,29890
exponential,ideal,L3C,reform,2036,32371
exponential,ideal,L3C,reform,2037,34201
exponential,ideal,L3C,reform,2038,36134
exponential,ideal,L3C,reform,2039,38178
exponential,ideal,L3C,reform,2040,40336
exponential,ideal,L4,frictionless,2026,19533
exponential,ideal,L4,frictionless,2027,20638
exponential,ideal,L4,frictionless,2028,21805
exponential,ideal,L4,frictionless,2029,23037
exponential,ideal,L4,frictionless,2030,24340
exponential,ideal,L4,frictionless,2031,25716
exponential,ideal,L4,frictionless,2032,27170
exponential,ideal,L4,frictionless,2033,28706
exponential,ideal,L4,frictionless,2034,30330
exponential,ideal,L4,frictionless,2035,32044
exponential,ideal,L4,frictionless,2036,33856
exponential,ideal,L4,frictionless,2037,35770
exponential,ideal,L4,frictionless,2038,37793
exponential,ideal,L4,frictionless,2039,39930
exponential,ideal,L4,frictionless,2040,42187
exponential,ideal,L4,noresponse,2026,15129
exponential,ideal,L4,noresponse,2027,15984
exponential,ideal,L4,noresponse,2028,16888
exponential,ideal,L4,noresponse,2029,17843
exponential,ideal,L4,noresponse,2030,18852
exponential,ideal,L4,noresponse,2031,19917
exponential,ideal,L4,noresponse,2032,21044
exponential,ideal,L4,noresponse,2033,22233
exponential,ideal,L4,noresponse,2034,23490
exponential,ideal,L4,noresponse,2035,24819
exponential,ideal,L4,noresponse,2036,26222
exponential,ideal,L4,noresponse,2037,27705
exponential,ideal,L4,noresponse,2038,29271
exponential,ideal,L4,noresponse,2039,30926
exponential,ideal,L4,noresponse,2040,32674
exponential,ideal,L4,perverse,2026,14028
exponential,ideal,L4,perverse,2027,14820
exponential,ideal,L4,perverse,2028,15659
exponential,ideal,L4,perverse,2029,16544
exponential,ideal,L4,perverse,2030,17480
exponential,ideal,L4,perverse,2031,18467
exponential,ideal,L4,perverse,2032,19512
exponential,ideal,L4,perverse,2033,20615
exponential,ideal,L4,perverse,2034,21780
exponential,ideal,L4,perverse,2035,23013
exponential,ideal,L4,perverse,2036,24314
exponential,ideal,L4,perverse,2037,25689
exponential,ideal,L4,perverse,2038,27140
exponential,ideal,L4,perverse,2039,28675
exponential,ideal,L4,perverse,2040,30296
exponential,ideal,L4,perverse_low,2026,12927
exponential,ideal,L4,perverse_low,2027,13657
exponential,ideal,L4,perverse_low,2028,14430
exponential,ideal,L4,perverse_low,2029,15246
exponential,ideal,L4,perverse_low,2030,16108
exponential,ideal,L4,perverse_low,2031,17018
exponential,ideal,L4,perverse_low,2032,17981
exponential,ideal,L4,perverse_low,2033,18996
exponential,ideal,L4,perverse_low,2034,20070
exponential,ideal,L4,perverse_low,2035,21206
exponential,ideal,L4,perverse_low,2036,22405
exponential,ideal,L4,perverse_low,2037,23672
exponential,ideal,L4,perverse_low,2038,25010
exponential,ideal,L4,perverse_low,2039,26424
exponential,ideal,L4,perverse_low,2040,27918
exponential,ideal,L4,reform,2026,14028
exponential,ideal,L4,reform,2027,15344
exponential,ideal,L4,reform,2028,16765
exponential,ideal,L4,reform,2029,18297
exponential,ideal,L4,reform,2030,19950
exponential,ideal,L4,reform,2031,21729
exponential,ideal,L4,reform,2032,23648
exponential,ideal,L4,reform,2033,25712
exponential,ideal,L4,reform,2034,27936
exponential,ideal,L4,reform,2035,30328
exponential,ideal,L4,reform,2036,32902
exponential,ideal,L4,reform,2037,34762
exponential,ideal,L4,reform,2038,36728
exponential,ideal,L4,reform,2039,38804
exponential,ideal,L4,reform,2040,40998
exponential,ideal,L_EU,frictionless,2026,18639
exponential,ideal,L_EU,frictionless,2027,19693
exponential,ideal,L_EU,frictionless,2028,20806
exponential,ideal,L_EU,frictionless,2029,21983
exponential,ideal,L_EU,frictionless,2030,23226
exponential,ideal,L_EU,frictionless,2031,24539
exponential,ideal,L_EU,frictionless,2032,25926
exponential,ideal,L_EU,frictionless,2033,27392
exponential,ideal,L_EU,frictionless,2034,28941
exponential,ideal,L_EU,frictionless,2035,30577
exponential,ideal,L_EU,frictionless,2036,32306
exponential,ideal,L_EU,frictionless,2037,34133
exponential,ideal,L_EU,frictionless,2038,36063
exponential,ideal,L_EU,frictionless,2039,38102
exponential,ideal,L_EU,frictionless,2040,40256
exponential,ideal,L_EU,noresponse,2026,15129
exponential,ideal,L_EU,noresponse,2027,15984
exponential,ideal,L_EU,noresponse,2028,16888
exponential,ideal,L_EU,noresponse,2029,17843
exponential,ideal,L_EU,noresponse,2030,18852
exponential,ideal,L_EU,noresponse,2031,19917
exponential,ideal,L_EU,noresponse,2032,21044
exponential,ideal,L_EU,noresponse,2033,22233
exponential,ideal,L_EU,noresponse,2034,23490
exponential,ideal,L_EU,noresponse,2035,24819
exponential,ideal,L_EU,noresponse,2036,26222
exponential,ideal,L_EU,noresponse,2037,27705
exponential,ideal,L_EU,noresponse,2038,29271
exponential,ideal,L_EU,noresponse,2039,30926
exponential,ideal,L_EU,noresponse,2040,32674
exponential,ideal,L_EU,perverse,2026,14252
exponential,ideal,L_EU,perverse,2027,15057
exponential,ideal,L_EU,perverse,2028,15908
exponential,ideal,L_EU,perverse,2029,16808
exponential,ideal,L_EU,perverse,2030,17758
exponential,ideal,L_EU,perverse,2031,18762
exponential,ideal,L_EU,perverse,2032,19824
exponential,ideal,L_EU,perverse,2033,20943
exponential,ideal,L_EU,perverse,2034,22127
exponential,ideal,L_EU,perverse,2035,23380
exponential,ideal,L_EU,perverse,2036,24701
exponential,ideal,L_EU,perverse,2037,26098
exponential,ideal,L_EU,perverse,2038,27573
exponential,ideal,L_EU,perverse,2039,29132
exponential,ideal,L_EU,perverse,2040,30778
exponential,ideal,L_EU,perverse_low,2026,13374
exponential,ideal,L_EU,perverse_low,2027,14130
exponential,ideal,L_EU,perverse_low,2028,14929
exponential,ideal,L_EU,perverse_low,2029,15773
exponential,ideal,L_EU,perverse_low,2030,16665
exponential,ideal,L_EU,perverse_low,2031,17606
exponential,ideal,L_EU,perverse_low,2032,18603
exponential,ideal,L_EU,perverse_low,2033,19654
exponential,ideal,L_EU,perverse_low,2034,20764
exponential,ideal,L_EU,perverse_low,2035,21940
exponential,ideal,L_EU,perverse_low,2036,23180
exponential,ideal,L_EU,perverse_low,2037,24491
exponential,ideal,L_EU,perverse_low,2038,25875
exponential,ideal,L_EU,perverse_low,2039,27338
exponential,ideal,L_EU,perverse_low,2040,28883
exponential,ideal,L_EU,reform,2026,14252
exponential,ideal,L_EU,reform,2027,15474
exponential,ideal,L_EU,reform,2028,16790
exponential,ideal,L_EU,reform,2029,18205
exponential,ideal,L_EU,reform,2030,19727
exponential,ideal,L_EU,reform,2031,21361
exponential,ideal,L_EU,reform,2032,23119
exponential,ideal,L_EU,reform,2033,25006
exponential,ideal,L_EU,reform,2034,27033
exponential,ideal,L_EU,reform,2035,29209
exponential,ideal,L_EU,reform,2036,31546
exponential,ideal,L_EU,reform,2037,33330
exponential,ideal,L_EU,reform,2038,35214
exponential,ideal,L_EU,reform,2039,37205
exponential,ideal,L_EU,reform,2040,39308
exponential,ideal,L_C,frictionless,2026,16145
exponential,ideal,L_C,frictionless,2027,17058
exponential,ideal,L_C,frictionless,2028,18022
exponential,ideal,L_C,frictionless,2029,19041
exponential,ideal,L_C,frictionless,2030,20118
exponential,ideal,L_C,frictionless,2031,21255
exponential,ideal,L_C,frictionless,2032,22457
exponential,ideal,L_C,frictionless,2033,23727
exponential,ideal,L_C,frictionless,2034,25068
exponential,ideal,L_C,frictionless,2035,26485
exponential,ideal,L_C,frictionless,2036,27983
exponential,ideal,L_C,frictionless,2037,29565
exponential,ideal,L_C,frictionless,2038,31237
exponential,ideal,L_C,frictionless,2039,33003
exponential,ideal,L_C,frictionless,2040,34869
exponential,ideal,L_C,noresponse,2026,15129
exponential,ideal,L_C,noresponse,2027,15984
exponential,ideal,L_C,noresponse,2028,16888
exponential,ideal,L_C,noresponse,2029,17843
exponential,ideal,L_C,noresponse,2030,18852
exponential,ideal,L_C,noresponse,2031,19917
exponential,ideal,L_C,noresponse,2032,21044
exponential,ideal,L_C,noresponse,2033,22233
exponential,ideal,L_C,noresponse,2034,23490
exponential,ideal,L_C,noresponse,2035,24819
exponential,ideal,L_C,noresponse,2036,26222
exponential,ideal,L_C,noresponse,2037,27705
exponential,ideal,L_C,noresponse,2038,29271
exponential,ideal,L_C,noresponse,2039,30926
exponential,ideal,L_C,noresponse,2040,32674
exponential,ideal,L_C,perverse,2026,14875
exponential,ideal,L_C,perverse,2027,15716
exponential,ideal,L_C,perverse,2028,16604
exponential,ideal,L_C,perverse,2029,17544
exponential,ideal,L_C,perverse,2030,18536
exponential,ideal,L_C,perverse,2031,19582
exponential,ideal,L_C,perverse,2032,20691
exponential,ideal,L_C,perverse,2033,21860
exponential,ideal,L_C,perverse,2034,23096
exponential,ideal,L_C,perverse,2035,24402
exponential,ideal,L_C,perverse,2036,25782
exponential,ideal,L_C,perverse,2037,27240
exponential,ideal,L_C,perverse,2038,28780
exponential,ideal,L_C,perverse,2039,30407
exponential,ideal,L_C,perverse,2040,32125
exponential,ideal,L_C,perverse_low,2026,14621
exponential,ideal,L_C,perverse_low,2027,15447
exponential,ideal,L_C,perverse_low,2028,16321
exponential,ideal,L_C,perverse_low,2029,17244
exponential,ideal,L_C,perverse_low,2030,18219
exponential,ideal,L_C,perverse_low,2031,19248
exponential,ideal,L_C,perverse_low,2032,20338
exponential,ideal,L_C,perverse_low,2033,21486
exponential,ideal,L_C,perverse_low,2034,22701
exponential,ideal,L_C,perverse_low,2035,23986
exponential,ideal,L_C,perverse_low,2036,25342
exponential,ideal,L_C,perverse_low,2037,26775
exponential,ideal,L_C,perverse_low,2038,28288
exponential,ideal,L_C,perverse_low,2039,29888
exponential,ideal,L_C,perverse_low,2040,31576
exponential,ideal,L_C,reform,2026,14875
exponential,ideal,L_C,reform,2027,15836
exponential,ideal,L_C,reform,2028,16860
exponential,ideal,L_C,reform,2029,17948
exponential,ideal,L_C,reform,2030,19105
exponential,ideal,L_C,reform,2031,20335
exponential,ideal,L_C,reform,2032,21645
exponential,ideal,L_C,reform,2033,23036
exponential,ideal,L_C,reform,2034,24516
exponential,ideal,L_C,reform,2035,26089
exponential,ideal,L_C,reform,2036,27763
exponential,ideal,L_C,reform,2037,29332
exponential,ideal,L_C,reform,2038,30991
exponential,ideal,L_C,reform,2039,32743
exponential,ideal,L_C,reform,2040,34595
exponential,ideal,L_QB,frictionless,2026,37145
exponential,ideal,L_QB,frictionless,2027,39245
exponential,ideal,L_QB,frictionless,2028,41464
exponential,ideal,L_QB,frictionless,2029,43808
exponential,ideal,L_QB,frictionless,2030,46285
exponential,ideal,L_QB,frictionless,2031,48902
exponential,ideal,L_QB,frictionless,2032,51667
exponential,ideal,L_QB,frictionless,2033,54589
exponential,ideal,L_QB,frictionless,2034,57675
exponential,ideal,L_QB,frictionless,2035,60936
exponential,ideal,L_QB,frictionless,2036,64382
exponential,ideal,L_QB,frictionless,2037,68022
exponential,ideal,L_QB,frictionless,2038,71868
exponential,ideal,L_QB,frictionless,2039,75931
exponential,ideal,L_QB,frictionless,2040,80224
exponential,ideal,L_QB,noresponse,2026,15129
exponential,ideal,L_QB,noresponse,2027,15984
exponential,ideal,L_QB,noresponse,2028,16888
exponential,ideal,L_QB,noresponse,2029,17843
exponential,ideal,L_QB,noresponse,2030,18852
exponential,ideal,L_QB,noresponse,2031,19917
exponential,ideal,L_QB,noresponse,2032,21044
exponential,ideal,L_QB,noresponse,2033,22233
exponential,ideal,L_QB,noresponse,2034,23490
exponential,ideal,L_QB,noresponse,2035,24819
exponential,ideal,L_QB,noresponse,2036,26222
exponential,ideal,L_QB,noresponse,2037,27705
exponential,ideal,L_QB,noresponse,2038,29271
exponential,ideal,L_QB,noresponse,2039,30926
exponential,ideal,L_QB,noresponse,2040,32674
exponential,ideal,L_QB,perverse,2026,9625
exponential,ideal,L_QB,perverse,2027,10169
exponential,ideal,L_QB,perverse,2028,10744
exponential,ideal,L_QB,perverse,2029,11352
exponential,ideal,L_QB,perverse,2030,11994
exponential,ideal,L_QB,perverse,2031,12671
exponential,ideal,L_QB,perverse,2032,13388
exponential,ideal,L_QB,perverse,2033,14144
exponential,ideal,L_QB,perverse,2034,14944
exponential,ideal,L_QB,perverse,2035,15790
exponential,ideal,L_QB,perverse,2036,16682
exponential,ideal,L_QB,perverse,2037,17626
exponential,ideal,L_QB,perverse,2038,18622
exponential,ideal,L_QB,perverse,2039,19675
exponential,ideal,L_QB,perverse,2040,20786
exponential,ideal,L_QB,perverse_low,2026,4121
exponential,ideal,L_QB,perverse_low,2027,4354
exponential,ideal,L_QB,perverse_low,2028,4600
exponential,ideal,L_QB,perverse_low,2029,4860
exponential,ideal,L_QB,perverse_low,2030,5136
exponential,ideal,L_QB,perverse_low,2031,5424
exponential,ideal,L_QB,perverse_low,2032,5732
exponential,ideal,L_QB,perverse_low,2033,6055
exponential,ideal,L_QB,perverse_low,2034,6398
exponential,ideal,L_QB,perverse_low,2035,6760
exponential,ideal,L_QB,perverse_low,2036,7142
exponential,ideal,L_QB,perverse_low,2037,7546
exponential,ideal,L_QB,perverse_low,2038,7972
exponential,ideal,L_QB,perverse_low,2039,8424
exponential,ideal,L_QB,perverse_low,2040,8899
exponential,ideal,L_QB,reform,2026,9625
exponential,ideal,L_QB,reform,2027,12786
exponential,ideal,L_QB,reform,2028,16274
exponential,ideal,L_QB,reform,2029,20115
exponential,ideal,L_QB,reform,2030,24339
exponential,ideal,L_QB,reform,2031,28975
exponential,ideal,L_QB,reform,2032,34059
exponential,ideal,L_QB,reform,2033,39624
exponential,ideal,L_QB,reform,2034,45710
exponential,ideal,L_QB,reform,2035,52358
exponential,ideal,L_QB,reform,2036,59612
exponential,ideal,L_QB,reform,2037,62982
exponential,ideal,L_QB,reform,2038,66543
exponential,ideal,L_QB,reform,2039,70305
exponential,ideal,L_QB,reform,2040,74280
